Data,ID_Cliente,ID_Produto,ID_Vendedor,ID_CentroCusto,ID_Fornecedor,Documento,Valor,Tipo
2024-02-15,CLI0010,PRD0025,V007,CC10,,DOC100000,20503.26,Receita
2025-01-09,CLI0259,PRD0163,V025,CC06,,DOC100001,15133.28,Receita
2026-11-05,CLI0037,PRD0124,V004,CC01,FOR0005,DOC100002,22883.72,Despesa
2026-06-10,CLI0292,PRD0124,V005,CC04,FOR0024,DOC100003,3536.92,Despesa
2023-12-20,CLI0145,PRD0173,V004,CC10,FOR0008,DOC100004,4120.06,Despesa
2026-10-26,CLI0050,PRD0084,V013,CC08,FOR0055,DOC100005,15507.09,Despesa
2025-05-30,CLI0192,PRD0004,V021,CC01,,DOC100006,25343.46,Receita
2024-01-07,CLI0185,PRD0190,V012,CC07,,DOC100007,27663.69,Receita
2026-05-23,CLI0263,PRD0004,V011,CC02,,DOC100008,24071.01,Receita
2026-12-14,CLI0208,PRD0146,V020,CC04,FOR0065,DOC100009,17579.98,Despesa
2024-11-29,CLI0133,PRD0072,V030,CC02,FOR0096,DOC100010,22315.02,Despesa
2023-11-24,CLI0208,PRD0035,V029,CC06,FOR0069,DOC100011,20874.48,Despesa
2025-06-03,CLI0208,PRD0053,V024,CC03,FOR0010,DOC100012,23940.26,Despesa
2024-09-09,CLI0006,PRD0092,V021,CC10,FOR0007,DOC100013,7040.01,Despesa
2026-09-26,CLI0111,PRD0169,V013,CC10,,DOC100014,5540.64,Receita
2023-06-07,CLI0255,PRD0165,V007,CC02,,DOC100015,22876.02,Receita
2026-03-23,CLI0056,PRD0190,V008,CC05,,DOC100016,13365.03,Receita
2025-10-30,CLI0101,PRD0166,V013,CC01,,DOC100017,3043.63,Receita
2024-05-28,CLI0175,PRD0141,V018,CC09,,DOC100018,12529.05,Receita
2025-12-02,CLI0052,PRD0164,V015,CC02,FOR0071,DOC100019,17966.34,Despesa
2023-04-03,CLI0082,PRD0099,V016,CC03,,DOC100020,25684.6,Receita
2026-01-14,CLI0030,PRD0110,V016,CC07,FOR0037,DOC100021,15850.07,Despesa
2026-05-09,CLI0272,PRD0074,V016,CC05,,DOC100022,16863.26,Receita
2024-08-03,CLI0152,PRD0007,V001,CC04,FOR0075,DOC100023,1378.94,Despesa
2023-11-17,CLI0200,PRD0014,V029,CC06,,DOC100024,22476.06,Receita
2023-04-13,CLI0164,PRD0019,V026,CC04,FOR0055,DOC100025,21601.83,Despesa
2024-05-28,CLI0125,PRD0012,V017,CC02,FOR0093,DOC100026,27293.24,Despesa
2023-10-23,CLI0126,PRD0155,V023,CC02,FOR0007,DOC100027,18765.01,Despesa
2025-07-22,CLI0027,PRD0092,V017,CC03,,DOC100028,3817.34,Receita
2025-06-25,CLI0214,PRD0117,V020,CC05,,DOC100029,19223.84,Receita
2026-10-28,CLI0272,PRD0036,V010,CC03,,DOC100030,7228.49,Receita
2023-08-22,CLI0159,PRD0130,V020,CC06,FOR0036,DOC100031,8218.2,Despesa
2026-11-03,CLI0098,PRD0163,V009,CC04,FOR0025,DOC100032,28561.68,Despesa
2025-10-25,CLI0101,PRD0175,V002,CC01,FOR0002,DOC100033,8201.09,Despesa
2025-05-20,CLI0020,PRD0027,V008,CC09,,DOC100034,8420.82,Receita
2023-06-27,CLI0083,PRD0141,V008,CC06,FOR0062,DOC100035,14408.81,Despesa
2024-03-07,CLI0254,PRD0191,V005,CC02,,DOC100036,24087.35,Receita
2025-07-05,CLI0110,PRD0114,V014,CC05,FOR0050,DOC100037,24315.32,Despesa
2025-01-25,CLI0167,PRD0075,V018,CC03,,DOC100038,12886.81,Receita
2025-01-26,CLI0237,PRD0083,V003,CC09,FOR0011,DOC100039,13016.45,Despesa
2026-03-09,CLI0238,PRD0077,V027,CC01,FOR0010,DOC100040,9373.36,Despesa
2026-09-17,CLI0156,PRD0127,V024,CC06,FOR0037,DOC100041,26463.15,Despesa
2024-03-24,CLI0168,PRD0094,V030,CC02,,DOC100042,9741.11,Receita
2025-06-22,CLI0143,PRD0113,V017,CC05,FOR0059,DOC100043,9596.82,Despesa
2025-03-29,CLI0265,PRD0064,V003,CC06,FOR0047,DOC100044,821.11,Despesa
2026-10-18,CLI0199,PRD0050,V024,CC10,,DOC100045,11110.6,Receita
2025-03-10,CLI0289,PRD0046,V006,CC02,FOR0098,DOC100046,13685.64,Despesa
2024-07-30,CLI0114,PRD0133,V002,CC09,FOR0021,DOC100047,17067.13,Despesa
2023-02-15,CLI0217,PRD0017,V019,CC09,FOR0040,DOC100048,23663.08,Despesa
2023-06-22,CLI0141,PRD0189,V004,CC06,,DOC100049,2632.53,Receita
2026-07-22,CLI0050,PRD0191,V027,CC07,FOR0032,DOC100050,21394.87,Despesa
2025-09-28,CLI0268,PRD0087,V025,CC08,FOR0051,DOC100051,10578.17,Despesa
2024-11-12,CLI0253,PRD0125,V018,CC02,FOR0091,DOC100052,18582.94,Despesa
2023-04-05,CLI0179,PRD0001,V026,CC07,,DOC100053,25031.45,Receita
2025-08-09,CLI0013,PRD0135,V012,CC01,FOR0015,DOC100054,12706.17,Despesa
2025-05-11,CLI0126,PRD0190,V006,CC07,FOR0088,DOC100055,5112.9,Despesa
2024-02-23,CLI0271,PRD0075,V009,CC01,,DOC100056,14196.2,Receita
2023-08-24,CLI0080,PRD0199,V030,CC03,,DOC100057,27374.65,Receita
2025-07-28,CLI0247,PRD0010,V011,CC02,,DOC100058,6008.97,Receita
2025-01-05,CLI0121,PRD0154,V023,CC08,,DOC100059,17884.1,Receita
2024-04-03,CLI0144,PRD0104,V006,CC05,,DOC100060,18840.0,Receita
2026-02-01,CLI0134,PRD0125,V029,CC07,FOR0044,DOC100061,19841.48,Despesa
2023-07-09,CLI0114,PRD0103,V002,CC04,FOR0018,DOC100062,24062.39,Despesa
2025-02-27,CLI0265,PRD0199,V009,CC01,FOR0085,DOC100063,27735.28,Despesa
2023-01-23,CLI0191,PRD0116,V026,CC04,FOR0092,DOC100064,12701.01,Despesa
2023-11-19,CLI0165,PRD0038,V009,CC09,,DOC100065,4020.38,Receita
2026-06-22,CLI0274,PRD0014,V005,CC10,,DOC100066,23134.29,Receita
2023-01-03,CLI0077,PRD0033,V003,CC06,,DOC100067,8170.63,Receita
2025-12-17,CLI0246,PRD0178,V015,CC02,,DOC100068,28669.27,Receita
2026-04-16,CLI0260,PRD0078,V001,CC04,FOR0054,DOC100069,5872.81,Despesa
2026-10-29,CLI0226,PRD0054,V002,CC09,,DOC100070,12453.17,Receita
2025-10-09,CLI0160,PRD0081,V010,CC07,,DOC100071,2373.15,Receita
2024-09-18,CLI0035,PRD0093,V003,CC03,FOR0014,DOC100072,20063.06,Despesa
2026-10-16,CLI0063,PRD0168,V015,CC01,FOR0049,DOC100073,21381.61,Despesa
2025-08-31,CLI0289,PRD0030,V015,CC01,,DOC100074,25696.36,Receita
2024-02-28,CLI0078,PRD0075,V021,CC07,FOR0070,DOC100075,22516.94,Despesa
2024-11-21,CLI0285,PRD0171,V003,CC05,FOR0025,DOC100076,6078.35,Despesa
2023-08-13,CLI0141,PRD0145,V016,CC06,,DOC100077,13461.01,Receita
2025-02-22,CLI0073,PRD0160,V004,CC03,,DOC100078,20363.09,Receita
2026-12-21,CLI0099,PRD0103,V002,CC08,,DOC100079,17822.91,Receita
2023-07-04,CLI0017,PRD0041,V004,CC07,,DOC100080,12264.55,Receita
2023-05-29,CLI0219,PRD0131,V005,CC04,,DOC100081,23029.16,Receita
2026-11-16,CLI0170,PRD0106,V020,CC01,,DOC100082,21835.46,Receita
2026-06-09,CLI0126,PRD0170,V020,CC09,FOR0003,DOC100083,7895.36,Despesa
2024-01-22,CLI0226,PRD0028,V018,CC07,,DOC100084,6226.0,Receita
2024-11-12,CLI0053,PRD0157,V023,CC03,FOR0033,DOC100085,23018.73,Despesa
2024-09-03,CLI0181,PRD0157,V017,CC09,FOR0019,DOC100086,17267.26,Despesa
2024-02-10,CLI0265,PRD0184,V023,CC04,FOR0073,DOC100087,28352.22,Despesa
2026-07-08,CLI0043,PRD0035,V008,CC08,FOR0074,DOC100088,12583.13,Despesa
2024-11-14,CLI0185,PRD0069,V015,CC02,,DOC100089,13623.38,Receita
2023-10-05,CLI0292,PRD0140,V018,CC09,,DOC100090,2001.25,Receita
2024-06-25,CLI0172,PRD0154,V005,CC02,,DOC100091,28026.29,Receita
2023-01-08,CLI0187,PRD0062,V025,CC10,,DOC100092,10956.68,Receita
2023-12-06,CLI0281,PRD0020,V015,CC01,,DOC100093,12161.37,Receita
2026-09-10,CLI0196,PRD0158,V019,CC01,,DOC100094,4840.64,Receita
2025-04-23,CLI0074,PRD0136,V013,CC02,FOR0073,DOC100095,12231.45,Despesa
2024-11-19,CLI0135,PRD0063,V019,CC06,FOR0007,DOC100096,19287.0,Despesa
2023-03-19,CLI0075,PRD0104,V016,CC10,FOR0014,DOC100097,14150.3,Despesa
2025-04-22,CLI0290,PRD0195,V014,CC05,FOR0063,DOC100098,26686.43,Despesa
2025-08-07,CLI0210,PRD0112,V004,CC10,FOR0015,DOC100099,27166.91,Despesa
2025-12-13,CLI0267,PRD0111,V014,CC01,,DOC100100,9688.64,Receita
2023-04-22,CLI0222,PRD0188,V013,CC10,,DOC100101,9725.11,Receita
2024-09-16,CLI0036,PRD0063,V004,CC08,FOR0032,DOC100102,15128.77,Despesa
2025-03-23,CLI0244,PRD0178,V004,CC09,FOR0031,DOC100103,16394.92,Despesa
2026-09-07,CLI0121,PRD0018,V030,CC06,,DOC100104,26008.1,Receita
2025-05-13,CLI0085,PRD0057,V021,CC07,FOR0073,DOC100105,3768.1,Despesa
2023-05-27,CLI0067,PRD0032,V029,CC09,,DOC100106,17319.03,Receita
2025-07-17,CLI0125,PRD0187,V010,CC01,,DOC100107,9810.45,Receita
2023-05-09,CLI0231,PRD0136,V013,CC03,,DOC100108,10759.28,Receita
2026-04-14,CLI0157,PRD0008,V015,CC06,,DOC100109,9304.67,Receita
2025-10-17,CLI0242,PRD0053,V007,CC05,,DOC100110,25784.3,Receita
2026-11-19,CLI0101,PRD0081,V027,CC06,FOR0061,DOC100111,579.49,Despesa
2026-07-25,CLI0287,PRD0052,V018,CC04,FOR0025,DOC100112,28488.86,Despesa
2023-04-13,CLI0157,PRD0186,V027,CC06,FOR0036,DOC100113,26100.63,Despesa
2026-12-31,CLI0172,PRD0179,V025,CC08,FOR0054,DOC100114,2461.79,Despesa
2024-04-02,CLI0062,PRD0182,V023,CC04,FOR0035,DOC100115,5512.38,Despesa
2024-04-27,CLI0152,PRD0070,V012,CC09,FOR0015,DOC100116,17738.02,Despesa
2024-04-13,CLI0093,PRD0171,V008,CC05,FOR0017,DOC100117,19233.91,Despesa
2023-07-04,CLI0040,PRD0113,V030,CC09,FOR0010,DOC100118,15971.29,Despesa
2023-04-03,CLI0146,PRD0138,V009,CC07,,DOC100119,24116.31,Receita
2023-06-28,CLI0098,PRD0063,V006,CC05,,DOC100120,22052.2,Receita
2023-03-01,CLI0078,PRD0009,V020,CC08,,DOC100121,27500.66,Receita
2026-04-12,CLI0256,PRD0016,V006,CC02,,DOC100122,16724.56,Receita
2026-08-13,CLI0165,PRD0169,V016,CC01,FOR0067,DOC100123,8814.26,Despesa
2026-07-23,CLI0267,PRD0191,V018,CC03,FOR0077,DOC100124,23411.66,Despesa
2023-12-05,CLI0224,PRD0061,V022,CC08,,DOC100125,16479.89,Receita
2024-06-08,CLI0121,PRD0067,V016,CC09,FOR0029,DOC100126,25593.76,Despesa
2026-05-20,CLI0019,PRD0052,V020,CC01,FOR0074,DOC100127,13506.55,Despesa
2024-01-04,CLI0010,PRD0156,V016,CC07,,DOC100128,15161.04,Receita
2024-06-22,CLI0016,PRD0019,V004,CC03,FOR0073,DOC100129,19231.95,Despesa
2026-04-01,CLI0122,PRD0160,V005,CC01,FOR0040,DOC100130,12818.26,Despesa
2026-11-25,CLI0270,PRD0200,V009,CC10,,DOC100131,15000.51,Receita
2026-08-24,CLI0088,PRD0097,V009,CC04,FOR0021,DOC100132,14956.44,Despesa
2026-09-11,CLI0233,PRD0016,V011,CC07,FOR0060,DOC100133,10996.18,Despesa
2024-03-19,CLI0022,PRD0033,V016,CC10,FOR0018,DOC100134,4422.86,Despesa
2025-07-21,CLI0021,PRD0001,V008,CC07,FOR0068,DOC100135,4332.28,Despesa
2025-03-15,CLI0242,PRD0109,V030,CC02,FOR0005,DOC100136,20427.63,Despesa
2026-06-08,CLI0130,PRD0031,V018,CC04,,DOC100137,12608.37,Receita
2023-06-26,CLI0187,PRD0080,V011,CC10,FOR0028,DOC100138,1286.26,Despesa
2025-04-05,CLI0030,PRD0189,V011,CC10,FOR0089,DOC100139,27368.73,Despesa
2026-04-24,CLI0091,PRD0119,V028,CC07,FOR0028,DOC100140,11495.82,Despesa
2023-04-11,CLI0178,PRD0064,V006,CC09,,DOC100141,24144.15,Receita
2025-09-10,CLI0110,PRD0153,V015,CC05,,DOC100142,14229.76,Receita
2025-09-30,CLI0093,PRD0125,V007,CC09,FOR0050,DOC100143,12633.43,Despesa
2023-04-07,CLI0186,PRD0071,V020,CC01,FOR0067,DOC100144,5543.26,Despesa
2024-06-21,CLI0291,PRD0167,V023,CC04,FOR0035,DOC100145,3191.93,Despesa
2023-04-28,CLI0185,PRD0036,V025,CC04,,DOC100146,21731.27,Receita
2023-09-02,CLI0165,PRD0099,V015,CC02,,DOC100147,25651.02,Receita
2025-02-20,CLI0266,PRD0172,V002,CC05,,DOC100148,11879.78,Receita
2024-05-03,CLI0097,PRD0039,V017,CC10,FOR0017,DOC100149,1050.05,Despesa
2024-10-01,CLI0246,PRD0140,V023,CC03,,DOC100150,15557.12,Receita
2026-01-27,CLI0232,PRD0171,V013,CC03,,DOC100151,26415.53,Receita
2024-07-28,CLI0231,PRD0104,V005,CC07,FOR0067,DOC100152,25992.55,Despesa
2024-04-07,CLI0190,PRD0089,V020,CC04,,DOC100153,4295.09,Receita
2023-02-20,CLI0248,PRD0145,V001,CC05,FOR0085,DOC100154,20147.67,Despesa
2024-03-18,CLI0181,PRD0171,V004,CC06,FOR0031,DOC100155,23520.92,Despesa
2024-06-15,CLI0219,PRD0031,V013,CC08,,DOC100156,1897.18,Receita
2025-02-24,CLI0146,PRD0128,V023,CC05,FOR0029,DOC100157,4841.98,Despesa
2025-04-04,CLI0086,PRD0090,V022,CC04,,DOC100158,15661.27,Receita
2024-12-01,CLI0078,PRD0123,V019,CC05,FOR0090,DOC100159,25602.72,Despesa
2024-09-23,CLI0012,PRD0101,V004,CC06,FOR0009,DOC100160,27381.36,Despesa
2024-07-11,CLI0254,PRD0150,V010,CC08,,DOC100161,21603.89,Receita
2024-06-02,CLI0019,PRD0089,V011,CC06,,DOC100162,17014.92,Receita
2024-06-20,CLI0096,PRD0165,V016,CC07,FOR0079,DOC100163,10309.03,Despesa
2025-01-12,CLI0111,PRD0198,V003,CC01,,DOC100164,18662.33,Receita
2025-04-21,CLI0033,PRD0071,V003,CC08,FOR0058,DOC100165,11518.11,Despesa
2025-02-27,CLI0070,PRD0175,V017,CC05,,DOC100166,9327.36,Receita
2025-01-08,CLI0011,PRD0039,V020,CC04,FOR0035,DOC100167,6932.03,Despesa
2026-10-24,CLI0267,PRD0001,V030,CC09,,DOC100168,29395.78,Receita
2023-01-08,CLI0253,PRD0167,V025,CC09,,DOC100169,2463.37,Receita
2026-02-22,CLI0171,PRD0068,V012,CC02,FOR0003,DOC100170,9469.39,Despesa
2024-03-01,CLI0081,PRD0050,V027,CC03,FOR0021,DOC100171,10058.61,Despesa
2026-11-12,CLI0289,PRD0076,V012,CC07,FOR0037,DOC100172,11068.81,Despesa
2026-09-30,CLI0122,PRD0166,V008,CC06,FOR0042,DOC100173,21214.71,Despesa
2025-11-18,CLI0033,PRD0018,V027,CC02,FOR0091,DOC100174,9374.19,Despesa
2025-07-13,CLI0247,PRD0011,V006,CC10,FOR0053,DOC100175,26107.87,Despesa
2023-04-20,CLI0204,PRD0130,V024,CC07,,DOC100176,7663.02,Receita
2026-07-24,CLI0168,PRD0047,V011,CC04,,DOC100177,25297.07,Receita
2023-09-22,CLI0216,PRD0165,V023,CC03,FOR0080,DOC100178,22233.44,Despesa
2024-07-04,CLI0065,PRD0052,V013,CC10,FOR0086,DOC100179,8829.5,Despesa
2026-08-28,CLI0008,PRD0121,V019,CC03,,DOC100180,8113.85,Receita
2024-07-09,CLI0204,PRD0099,V030,CC03,,DOC100181,1556.16,Receita
2026-12-31,CLI0022,PRD0050,V010,CC06,FOR0094,DOC100182,16200.35,Despesa
2023-09-04,CLI0014,PRD0139,V028,CC08,,DOC100183,5219.76,Receita
2023-05-18,CLI0146,PRD0058,V013,CC10,,DOC100184,12304.76,Receita
2023-10-18,CLI0200,PRD0173,V023,CC04,FOR0070,DOC100185,8552.44,Despesa
2023-10-28,CLI0055,PRD0143,V030,CC05,,DOC100186,26427.75,Receita
2025-06-05,CLI0166,PRD0005,V009,CC10,,DOC100187,17108.18,Receita
2024-07-14,CLI0141,PRD0083,V008,CC02,FOR0062,DOC100188,6112.89,Despesa
2026-02-03,CLI0027,PRD0039,V003,CC01,,DOC100189,26790.13,Receita
2024-09-25,CLI0003,PRD0047,V011,CC08,FOR0018,DOC100190,29915.02,Despesa
2024-02-19,CLI0210,PRD0124,V002,CC07,FOR0045,DOC100191,24229.48,Despesa
2025-03-21,CLI0111,PRD0141,V020,CC10,FOR0033,DOC100192,8385.5,Despesa
2024-08-18,CLI0227,PRD0147,V027,CC01,FOR0023,DOC100193,25732.47,Despesa
2023-12-12,CLI0039,PRD0070,V012,CC01,FOR0097,DOC100194,16715.88,Despesa
2023-05-09,CLI0006,PRD0054,V003,CC06,FOR0002,DOC100195,23029.1,Despesa
2024-06-26,CLI0254,PRD0103,V010,CC09,FOR0086,DOC100196,23054.44,Despesa
2023-07-26,CLI0247,PRD0103,V027,CC07,FOR0033,DOC100197,26980.46,Despesa
2026-07-01,CLI0296,PRD0037,V008,CC06,,DOC100198,11713.16,Receita
2025-01-26,CLI0142,PRD0094,V021,CC08,FOR0046,DOC100199,9433.42,Despesa
2023-05-17,CLI0165,PRD0153,V004,CC05,FOR0043,DOC100200,6486.99,Despesa
2024-01-04,CLI0067,PRD0140,V010,CC04,,DOC100201,5401.1,Receita
2023-08-05,CLI0191,PRD0090,V006,CC07,,DOC100202,757.56,Receita
2025-03-29,CLI0207,PRD0025,V011,CC09,FOR0098,DOC100203,6220.12,Despesa
2023-12-24,CLI0056,PRD0149,V011,CC07,,DOC100204,14253.03,Receita
2024-03-25,CLI0092,PRD0070,V003,CC07,FOR0042,DOC100205,26455.79,Despesa
2025-01-01,CLI0006,PRD0038,V024,CC07,FOR0083,DOC100206,1753.52,Despesa
2026-06-16,CLI0226,PRD0183,V021,CC07,FOR0065,DOC100207,29083.58,Despesa
2023-08-22,CLI0233,PRD0112,V022,CC08,,DOC100208,12639.14,Receita
2025-02-26,CLI0193,PRD0154,V018,CC10,FOR0006,DOC100209,15505.44,Despesa
2023-03-07,CLI0232,PRD0115,V010,CC10,FOR0006,DOC100210,17877.69,Despesa
2024-10-27,CLI0240,PRD0085,V009,CC10,,DOC100211,9457.63,Receita
2025-08-18,CLI0206,PRD0014,V028,CC03,FOR0097,DOC100212,29703.13,Despesa
2025-10-02,CLI0096,PRD0167,V026,CC03,,DOC100213,24895.51,Receita
2023-08-02,CLI0134,PRD0017,V006,CC01,FOR0092,DOC100214,10338.54,Despesa
2025-11-26,CLI0233,PRD0054,V018,CC01,FOR0055,DOC100215,5960.1,Despesa
2024-07-26,CLI0123,PRD0019,V004,CC09,FOR0057,DOC100216,23635.14,Despesa
2025-10-02,CLI0037,PRD0128,V028,CC01,FOR0099,DOC100217,26111.18,Despesa
2023-05-15,CLI0078,PRD0094,V006,CC02,FOR0043,DOC100218,1200.43,Despesa
2024-12-09,CLI0113,PRD0074,V004,CC07,FOR0024,DOC100219,18469.86,Despesa
2023-03-05,CLI0239,PRD0126,V003,CC02,FOR0084,DOC100220,6281.46,Despesa
2026-07-12,CLI0101,PRD0144,V022,CC07,,DOC100221,11408.7,Receita
2024-11-26,CLI0143,PRD0169,V020,CC04,FOR0089,DOC100222,6366.54,Despesa
2023-09-20,CLI0298,PRD0120,V002,CC03,,DOC100223,8419.2,Receita
2024-06-13,CLI0184,PRD0079,V007,CC01,FOR0009,DOC100224,20780.5,Despesa
2025-01-07,CLI0210,PRD0052,V005,CC02,FOR0081,DOC100225,8048.38,Despesa
2025-02-06,CLI0210,PRD0072,V015,CC03,FOR0065,DOC100226,3795.02,Despesa
2023-07-14,CLI0214,PRD0061,V016,CC10,,DOC100227,3615.03,Receita
2023-09-10,CLI0147,PRD0021,V022,CC08,FOR0029,DOC100228,28017.25,Despesa
2025-03-04,CLI0212,PRD0154,V008,CC08,,DOC100229,19225.78,Receita
2025-01-21,CLI0145,PRD0150,V015,CC05,,DOC100230,8859.37,Receita
2026-11-24,CLI0126,PRD0004,V014,CC06,,DOC100231,4051.92,Receita
2024-05-30,CLI0143,PRD0088,V004,CC10,,DOC100232,3220.36,Receita
2026-09-08,CLI0108,PRD0023,V026,CC06,,DOC100233,583.01,Receita
2023-03-03,CLI0177,PRD0006,V022,CC03,FOR0061,DOC100234,2268.96,Despesa
2023-12-16,CLI0162,PRD0123,V022,CC10,FOR0008,DOC100235,29115.17,Despesa
2023-02-12,CLI0203,PRD0111,V027,CC04,FOR0084,DOC100236,16286.7,Despesa
2023-08-14,CLI0035,PRD0119,V021,CC07,FOR0084,DOC100237,27968.53,Despesa
2025-11-26,CLI0108,PRD0128,V012,CC03,FOR0066,DOC100238,11899.85,Despesa
2023-06-21,CLI0130,PRD0170,V026,CC08,,DOC100239,23302.63,Receita
2023-09-03,CLI0080,PRD0005,V012,CC06,,DOC100240,28341.61,Receita
2023-02-19,CLI0212,PRD0138,V018,CC09,,DOC100241,29234.77,Receita
2023-07-13,CLI0260,PRD0145,V004,CC02,,DOC100242,17079.44,Receita
2023-09-23,CLI0261,PRD0132,V010,CC05,FOR0046,DOC100243,23346.56,Despesa
2024-05-20,CLI0239,PRD0014,V007,CC10,FOR0058,DOC100244,5188.82,Despesa
2023-08-03,CLI0054,PRD0129,V005,CC03,FOR0073,DOC100245,15796.48,Despesa
2025-04-12,CLI0061,PRD0106,V027,CC01,FOR0030,DOC100246,4697.03,Despesa
2023-08-13,CLI0193,PRD0041,V010,CC09,FOR0080,DOC100247,953.28,Despesa
2023-08-14,CLI0279,PRD0165,V025,CC01,FOR0050,DOC100248,12542.53,Despesa
2023-06-10,CLI0275,PRD0029,V022,CC07,,DOC100249,9930.73,Receita
2025-09-28,CLI0287,PRD0036,V019,CC09,,DOC100250,27819.37,Receita
2023-07-18,CLI0154,PRD0069,V024,CC10,,DOC100251,7822.62,Receita
2025-01-23,CLI0245,PRD0099,V012,CC07,,DOC100252,10082.67,Receita
2023-08-28,CLI0272,PRD0016,V006,CC09,,DOC100253,11526.9,Receita
2024-10-22,CLI0115,PRD0173,V004,CC06,,DOC100254,1068.84,Receita
2025-01-06,CLI0118,PRD0134,V024,CC09,FOR0063,DOC100255,22020.75,Despesa
2025-02-03,CLI0054,PRD0002,V023,CC10,,DOC100256,10780.88,Receita
2024-05-19,CLI0189,PRD0078,V007,CC10,,DOC100257,22903.47,Receita
2023-04-25,CLI0255,PRD0031,V017,CC06,,DOC100258,1686.03,Receita
2023-07-10,CLI0139,PRD0109,V021,CC06,,DOC100259,12128.51,Receita
2024-08-08,CLI0050,PRD0022,V013,CC04,FOR0033,DOC100260,9912.76,Despesa
2024-10-11,CLI0080,PRD0074,V021,CC05,,DOC100261,1796.54,Receita
2025-10-01,CLI0043,PRD0142,V005,CC06,,DOC100262,19196.77,Receita
2023-02-15,CLI0109,PRD0149,V018,CC01,FOR0095,DOC100263,14427.11,Despesa
2024-11-18,CLI0039,PRD0045,V026,CC02,FOR0057,DOC100264,20591.66,Despesa
2023-10-14,CLI0230,PRD0174,V014,CC02,,DOC100265,13405.53,Receita
2023-05-27,CLI0183,PRD0171,V027,CC09,FOR0092,DOC100266,3485.79,Despesa
2023-08-31,CLI0287,PRD0030,V030,CC04,,DOC100267,3000.39,Receita
2024-10-25,CLI0064,PRD0040,V028,CC05,FOR0061,DOC100268,12287.33,Despesa
2025-06-03,CLI0103,PRD0173,V023,CC08,FOR0064,DOC100269,13158.63,Despesa
2025-03-05,CLI0247,PRD0027,V018,CC03,FOR0099,DOC100270,17616.1,Despesa
2024-02-18,CLI0084,PRD0167,V012,CC07,,DOC100271,17783.0,Receita
2025-11-30,CLI0232,PRD0148,V019,CC08,FOR0046,DOC100272,23149.26,Despesa
2023-10-30,CLI0203,PRD0084,V003,CC08,FOR0030,DOC100273,19008.26,Despesa
2024-12-19,CLI0295,PRD0012,V009,CC02,FOR0033,DOC100274,11389.39,Despesa
2024-03-12,CLI0034,PRD0144,V006,CC07,,DOC100275,27298.02,Receita
2025-07-22,CLI0061,PRD0060,V006,CC10,,DOC100276,3158.88,Receita
2024-09-19,CLI0077,PRD0009,V023,CC06,FOR0073,DOC100277,4871.56,Despesa
2025-09-30,CLI0078,PRD0115,V025,CC06,,DOC100278,24191.96,Receita
2023-07-20,CLI0080,PRD0056,V007,CC09,,DOC100279,22153.75,Receita
2024-12-05,CLI0098,PRD0150,V006,CC06,,DOC100280,20709.42,Receita
2025-01-15,CLI0149,PRD0156,V028,CC05,,DOC100281,3401.77,Receita
2025-01-03,CLI0276,PRD0065,V022,CC05,,DOC100282,8665.57,Receita
2026-02-22,CLI0249,PRD0020,V009,CC01,,DOC100283,8622.95,Receita
2024-07-22,CLI0078,PRD0100,V006,CC09,FOR0017,DOC100284,18320.94,Despesa
2026-01-18,CLI0084,PRD0137,V025,CC10,FOR0100,DOC100285,19189.79,Despesa
2024-09-19,CLI0186,PRD0167,V026,CC09,,DOC100286,7079.5,Receita
2025-07-16,CLI0177,PRD0187,V007,CC09,FOR0035,DOC100287,17023.98,Despesa
2024-12-15,CLI0039,PRD0141,V004,CC10,FOR0085,DOC100288,22309.06,Despesa
2024-09-11,CLI0053,PRD0145,V004,CC04,FOR0048,DOC100289,9348.66,Despesa
2023-10-16,CLI0035,PRD0037,V001,CC07,,DOC100290,17170.62,Receita
2026-11-04,CLI0267,PRD0139,V003,CC07,FOR0068,DOC100291,20415.62,Despesa
2023-06-26,CLI0182,PRD0157,V016,CC04,FOR0091,DOC100292,3141.97,Despesa
2023-10-13,CLI0041,PRD0178,V016,CC01,FOR0072,DOC100293,28204.22,Despesa
2026-02-23,CLI0154,PRD0066,V011,CC04,,DOC100294,21092.36,Receita
2023-11-06,CLI0080,PRD0110,V030,CC01,FOR0078,DOC100295,14741.74,Despesa
2026-04-24,CLI0293,PRD0157,V029,CC10,FOR0041,DOC100296,28004.18,Despesa
2023-06-26,CLI0081,PRD0009,V004,CC02,FOR0039,DOC100297,26084.55,Despesa
2023-02-19,CLI0077,PRD0048,V023,CC10,,DOC100298,15641.01,Receita
2026-04-02,CLI0043,PRD0001,V012,CC02,FOR0028,DOC100299,29264.46,Despesa
2024-04-20,CLI0172,PRD0057,V012,CC07,,DOC100300,547.03,Receita
2024-05-10,CLI0300,PRD0095,V017,CC06,,DOC100301,15682.17,Receita
2024-12-21,CLI0121,PRD0107,V006,CC04,FOR0020,DOC100302,6421.92,Despesa
2025-07-13,CLI0171,PRD0048,V008,CC10,FOR0034,DOC100303,17906.01,Despesa
2026-03-22,CLI0012,PRD0048,V010,CC04,,DOC100304,2066.74,Receita
2025-11-09,CLI0105,PRD0173,V002,CC04,,DOC100305,16248.51,Receita
2023-06-10,CLI0258,PRD0063,V015,CC04,FOR0006,DOC100306,12489.46,Despesa
2023-10-10,CLI0183,PRD0018,V030,CC02,,DOC100307,29714.55,Receita
2025-03-03,CLI0215,PRD0172,V026,CC04,FOR0044,DOC100308,29777.87,Despesa
2024-02-28,CLI0147,PRD0144,V019,CC02,,DOC100309,14328.05,Receita
2023-01-29,CLI0017,PRD0098,V003,CC07,,DOC100310,27444.46,Receita
2023-10-21,CLI0082,PRD0127,V008,CC06,,DOC100311,10323.22,Receita
2023-10-07,CLI0164,PRD0011,V007,CC04,,DOC100312,4157.38,Receita
2026-10-20,CLI0233,PRD0095,V012,CC02,,DOC100313,27720.54,Receita
2023-10-27,CLI0037,PRD0048,V024,CC06,FOR0087,DOC100314,1572.57,Despesa
2024-09-20,CLI0299,PRD0032,V009,CC09,,DOC100315,15707.03,Receita
2026-03-08,CLI0270,PRD0068,V003,CC02,,DOC100316,19642.02,Receita
2023-02-03,CLI0159,PRD0195,V030,CC09,,DOC100317,5659.87,Receita
2024-11-07,CLI0054,PRD0076,V016,CC10,FOR0059,DOC100318,10573.9,Despesa
2025-09-27,CLI0098,PRD0038,V016,CC01,FOR0057,DOC100319,22904.79,Despesa
2025-03-31,CLI0145,PRD0042,V002,CC03,FOR0052,DOC100320,22117.96,Despesa
2024-03-09,CLI0013,PRD0057,V014,CC08,FOR0079,DOC100321,19618.68,Despesa
2025-08-10,CLI0176,PRD0004,V006,CC05,,DOC100322,29160.15,Receita
2024-11-20,CLI0288,PRD0095,V023,CC08,,DOC100323,7597.55,Receita
2024-10-11,CLI0074,PRD0149,V019,CC10,,DOC100324,12567.17,Receita
2026-01-11,CLI0132,PRD0086,V030,CC08,FOR0030,DOC100325,20361.98,Despesa
2026-06-27,CLI0084,PRD0120,V017,CC09,FOR0037,DOC100326,22980.02,Despesa
2024-10-04,CLI0299,PRD0104,V006,CC06,,DOC100327,8592.89,Receita
2023-07-18,CLI0002,PRD0089,V016,CC09,FOR0015,DOC100328,14966.99,Despesa
2025-11-19,CLI0001,PRD0170,V016,CC07,FOR0035,DOC100329,14982.37,Despesa
2026-07-18,CLI0029,PRD0024,V011,CC08,FOR0082,DOC100330,14505.56,Despesa
2026-08-06,CLI0014,PRD0072,V018,CC08,,DOC100331,1603.36,Receita
2024-07-27,CLI0121,PRD0150,V027,CC07,FOR0006,DOC100332,7713.96,Despesa
2026-07-20,CLI0219,PRD0091,V018,CC01,FOR0010,DOC100333,14747.29,Despesa
2025-09-14,CLI0162,PRD0171,V017,CC09,,DOC100334,10340.25,Receita
2024-02-07,CLI0229,PRD0077,V022,CC03,FOR0088,DOC100335,7479.98,Despesa
2026-12-28,CLI0153,PRD0046,V004,CC08,,DOC100336,9168.63,Receita
2024-05-14,CLI0012,PRD0132,V022,CC06,,DOC100337,14180.05,Receita
2026-08-12,CLI0205,PRD0165,V028,CC02,FOR0086,DOC100338,4876.94,Despesa
2024-06-15,CLI0200,PRD0080,V009,CC03,FOR0079,DOC100339,20857.8,Despesa
2024-06-19,CLI0065,PRD0192,V024,CC01,FOR0056,DOC100340,26045.08,Despesa
2025-03-18,CLI0002,PRD0146,V009,CC08,FOR0082,DOC100341,27739.66,Despesa
2024-04-05,CLI0181,PRD0011,V001,CC03,,DOC100342,15047.12,Receita
2024-04-13,CLI0061,PRD0178,V005,CC09,,DOC100343,12995.89,Receita
2025-08-13,CLI0096,PRD0007,V021,CC05,,DOC100344,20619.83,Receita
2023-07-31,CLI0028,PRD0007,V010,CC09,,DOC100345,28566.03,Receita
2026-06-22,CLI0238,PRD0199,V002,CC06,,DOC100346,3362.94,Receita
2024-03-21,CLI0250,PRD0017,V002,CC02,FOR0091,DOC100347,16110.18,Despesa
2025-08-26,CLI0270,PRD0064,V010,CC04,FOR0075,DOC100348,10990.84,Despesa
2025-06-07,CLI0036,PRD0087,V002,CC06,,DOC100349,8938.64,Receita
2026-08-02,CLI0111,PRD0105,V030,CC04,FOR0061,DOC100350,27504.39,Despesa
2023-06-11,CLI0222,PRD0122,V022,CC07,,DOC100351,22896.37,Receita
2026-02-10,CLI0257,PRD0065,V019,CC09,FOR0054,DOC100352,29920.29,Despesa
2025-12-16,CLI0094,PRD0197,V002,CC10,,DOC100353,4594.58,Receita
2026-02-03,CLI0300,PRD0187,V030,CC06,FOR0035,DOC100354,23031.84,Despesa
2026-08-19,CLI0030,PRD0117,V002,CC07,,DOC100355,29278.88,Receita
2025-08-30,CLI0130,PRD0015,V018,CC02,,DOC100356,163.35,Receita
2025-08-09,CLI0225,PRD0033,V014,CC08,FOR0074,DOC100357,23562.68,Despesa
2024-05-16,CLI0123,PRD0175,V028,CC10,,DOC100358,12324.71,Receita
2023-06-28,CLI0066,PRD0063,V002,CC10,FOR0061,DOC100359,12139.12,Despesa
2025-02-23,CLI0201,PRD0187,V015,CC10,,DOC100360,3257.79,Receita
2024-05-17,CLI0250,PRD0151,V028,CC06,FOR0082,DOC100361,3685.39,Despesa
2024-09-14,CLI0261,PRD0148,V014,CC07,,DOC100362,26105.72,Receita
2024-01-28,CLI0048,PRD0182,V009,CC08,,DOC100363,6290.63,Receita
2026-09-19,CLI0232,PRD0112,V011,CC04,,DOC100364,18752.78,Receita
2025-04-22,CLI0046,PRD0117,V024,CC08,FOR0081,DOC100365,26398.66,Despesa
2025-07-20,CLI0259,PRD0103,V029,CC02,FOR0095,DOC100366,6881.26,Despesa
2024-04-13,CLI0233,PRD0112,V007,CC05,FOR0029,DOC100367,18061.63,Despesa
2023-06-24,CLI0175,PRD0145,V023,CC07,FOR0003,DOC100368,25212.75,Despesa
2024-12-06,CLI0133,PRD0024,V020,CC07,FOR0029,DOC100369,25927.86,Despesa
2024-09-05,CLI0101,PRD0192,V030,CC07,FOR0008,DOC100370,14994.68,Despesa
2023-04-16,CLI0201,PRD0018,V019,CC06,FOR0096,DOC100371,11005.6,Despesa
2025-09-06,CLI0288,PRD0105,V018,CC03,,DOC100372,29613.56,Receita
2023-10-07,CLI0300,PRD0084,V026,CC09,FOR0003,DOC100373,8305.78,Despesa
2026-03-07,CLI0254,PRD0084,V006,CC08,,DOC100374,19931.88,Receita
2024-08-15,CLI0216,PRD0174,V005,CC02,FOR0078,DOC100375,1541.29,Despesa
2025-08-05,CLI0226,PRD0146,V001,CC05,FOR0046,DOC100376,13034.62,Despesa
2023-04-17,CLI0154,PRD0140,V023,CC03,,DOC100377,20737.32,Receita
2024-03-18,CLI0141,PRD0038,V012,CC10,,DOC100378,16166.08,Receita
2023-02-19,CLI0204,PRD0169,V013,CC03,FOR0040,DOC100379,18828.71,Despesa
2026-06-05,CLI0092,PRD0007,V004,CC02,,DOC100380,19146.49,Receita
2023-02-24,CLI0136,PRD0006,V016,CC01,FOR0090,DOC100381,17514.25,Despesa
2026-09-25,CLI0170,PRD0055,V020,CC06,FOR0090,DOC100382,9716.15,Despesa
2024-03-23,CLI0161,PRD0008,V015,CC10,FOR0037,DOC100383,18317.67,Despesa
2025-01-05,CLI0115,PRD0155,V020,CC06,,DOC100384,4591.69,Receita
2024-11-29,CLI0221,PRD0045,V027,CC03,FOR0076,DOC100385,20342.62,Despesa
2023-12-18,CLI0179,PRD0056,V025,CC06,FOR0029,DOC100386,14425.42,Despesa
2023-05-02,CLI0025,PRD0179,V024,CC02,,DOC100387,23022.98,Receita
2026-10-25,CLI0299,PRD0007,V004,CC06,FOR0006,DOC100388,17845.76,Despesa
2025-10-04,CLI0198,PRD0017,V026,CC02,FOR0054,DOC100389,725.13,Despesa
2026-11-28,CLI0284,PRD0070,V002,CC03,FOR0090,DOC100390,20391.74,Despesa
2023-04-21,CLI0148,PRD0057,V018,CC01,FOR0046,DOC100391,7564.64,Despesa
2023-01-08,CLI0150,PRD0077,V009,CC01,,DOC100392,585.28,Receita
2024-09-27,CLI0089,PRD0069,V006,CC02,,DOC100393,4958.03,Receita
2023-07-17,CLI0263,PRD0049,V010,CC09,FOR0097,DOC100394,26194.2,Despesa
2026-09-12,CLI0257,PRD0063,V014,CC07,,DOC100395,10931.5,Receita
2024-06-27,CLI0271,PRD0148,V018,CC04,FOR0037,DOC100396,764.19,Despesa
2024-09-08,CLI0021,PRD0159,V015,CC05,,DOC100397,15702.69,Receita
2025-01-22,CLI0286,PRD0176,V015,CC06,FOR0096,DOC100398,28329.58,Despesa
2023-07-05,CLI0284,PRD0059,V029,CC10,,DOC100399,29741.91,Receita
2024-02-03,CLI0127,PRD0137,V011,CC09,,DOC100400,12855.67,Receita
2026-02-12,CLI0149,PRD0133,V012,CC02,,DOC100401,16002.01,Receita
2023-08-19,CLI0076,PRD0100,V023,CC02,,DOC100402,13485.02,Receita
2025-06-10,CLI0280,PRD0152,V002,CC10,FOR0091,DOC100403,5278.91,Despesa
2025-08-08,CLI0125,PRD0173,V016,CC04,FOR0058,DOC100404,19604.02,Despesa
2024-11-20,CLI0010,PRD0004,V008,CC04,FOR0078,DOC100405,2276.06,Despesa
2024-09-29,CLI0287,PRD0134,V004,CC03,,DOC100406,7941.51,Receita
2024-04-03,CLI0030,PRD0089,V002,CC03,FOR0026,DOC100407,19066.74,Despesa
2023-12-01,CLI0165,PRD0067,V029,CC03,FOR0041,DOC100408,19090.17,Despesa
2026-06-13,CLI0023,PRD0145,V010,CC07,,DOC100409,26380.64,Receita
2026-09-06,CLI0095,PRD0107,V016,CC01,,DOC100410,7273.9,Receita
2024-07-25,CLI0103,PRD0173,V003,CC02,,DOC100411,7626.49,Receita
2026-11-24,CLI0149,PRD0171,V023,CC02,,DOC100412,29394.36,Receita
2026-10-03,CLI0197,PRD0184,V011,CC08,FOR0001,DOC100413,1860.54,Despesa
2025-10-04,CLI0063,PRD0136,V009,CC01,FOR0015,DOC100414,934.97,Despesa
2026-06-01,CLI0169,PRD0100,V005,CC10,,DOC100415,19335.85,Receita
2026-05-29,CLI0257,PRD0003,V016,CC10,,DOC100416,18838.51,Receita
2025-07-07,CLI0022,PRD0020,V018,CC01,,DOC100417,3987.79,Receita
2025-02-24,CLI0224,PRD0159,V013,CC03,FOR0098,DOC100418,10982.55,Despesa
2023-04-16,CLI0035,PRD0038,V009,CC03,,DOC100419,18492.89,Receita
2023-02-28,CLI0196,PRD0038,V003,CC01,,DOC100420,4247.99,Receita
2024-12-01,CLI0020,PRD0152,V004,CC04,FOR0037,DOC100421,5480.32,Despesa
2025-07-11,CLI0103,PRD0019,V021,CC09,,DOC100422,5126.34,Receita
2023-12-12,CLI0193,PRD0105,V005,CC07,FOR0073,DOC100423,22436.95,Despesa
2023-07-17,CLI0243,PRD0079,V002,CC10,,DOC100424,940.16,Receita
2024-11-18,CLI0217,PRD0151,V028,CC07,FOR0038,DOC100425,16301.29,Despesa
2026-09-23,CLI0197,PRD0182,V029,CC06,,DOC100426,27744.54,Receita
2023-08-09,CLI0021,PRD0068,V010,CC05,FOR0038,DOC100427,7409.01,Despesa
2023-07-23,CLI0096,PRD0161,V013,CC06,FOR0098,DOC100428,7626.16,Despesa
2026-02-15,CLI0213,PRD0176,V012,CC10,FOR0078,DOC100429,20332.46,Despesa
2026-03-27,CLI0296,PRD0072,V008,CC08,FOR0084,DOC100430,8160.6,Despesa
2026-03-17,CLI0207,PRD0128,V019,CC02,,DOC100431,4035.42,Receita
2026-09-04,CLI0297,PRD0072,V007,CC06,,DOC100432,28660.98,Receita
2025-03-08,CLI0230,PRD0171,V028,CC01,,DOC100433,7950.49,Receita
2025-01-18,CLI0098,PRD0139,V028,CC05,FOR0026,DOC100434,11471.62,Despesa
2026-05-29,CLI0001,PRD0030,V001,CC01,,DOC100435,18854.45,Receita
2026-08-06,CLI0260,PRD0164,V001,CC02,,DOC100436,12994.22,Receita
2024-04-21,CLI0092,PRD0185,V015,CC08,FOR0087,DOC100437,12686.24,Despesa
2024-10-12,CLI0124,PRD0081,V024,CC08,FOR0069,DOC100438,20596.84,Despesa
2023-11-08,CLI0104,PRD0033,V020,CC10,FOR0021,DOC100439,20591.88,Despesa
2025-05-13,CLI0094,PRD0140,V024,CC04,,DOC100440,17212.92,Receita
2026-10-13,CLI0030,PRD0095,V004,CC01,,DOC100441,4258.49,Receita
2026-10-17,CLI0131,PRD0141,V015,CC06,FOR0015,DOC100442,1815.34,Despesa
2026-08-20,CLI0118,PRD0026,V001,CC10,,DOC100443,4932.44,Receita
2023-05-11,CLI0179,PRD0033,V003,CC10,,DOC100444,21048.01,Receita
2024-12-06,CLI0191,PRD0172,V021,CC06,FOR0055,DOC100445,16667.78,Despesa
2026-04-07,CLI0028,PRD0174,V018,CC06,,DOC100446,8681.14,Receita
2024-08-08,CLI0240,PRD0055,V001,CC08,FOR0061,DOC100447,25579.0,Despesa
2025-09-14,CLI0261,PRD0041,V017,CC05,FOR0008,DOC100448,16214.48,Despesa
2025-01-06,CLI0050,PRD0187,V010,CC02,FOR0059,DOC100449,18293.29,Despesa
2025-05-10,CLI0202,PRD0176,V016,CC07,FOR0088,DOC100450,14445.12,Despesa
2025-01-01,CLI0061,PRD0012,V023,CC07,,DOC100451,16049.88,Receita
2026-10-20,CLI0228,PRD0039,V019,CC07,FOR0013,DOC100452,18101.92,Despesa
2023-10-31,CLI0152,PRD0080,V012,CC07,,DOC100453,26661.55,Receita
2024-03-12,CLI0002,PRD0044,V016,CC03,FOR0017,DOC100454,4953.78,Despesa
2023-08-21,CLI0033,PRD0146,V022,CC03,FOR0028,DOC100455,10052.94,Despesa
2024-01-11,CLI0027,PRD0073,V030,CC01,FOR0043,DOC100456,21181.99,Despesa
2025-05-19,CLI0056,PRD0142,V002,CC06,FOR0061,DOC100457,12109.36,Despesa
2024-02-27,CLI0092,PRD0121,V016,CC05,FOR0040,DOC100458,27514.26,Despesa
2024-03-02,CLI0038,PRD0108,V030,CC03,FOR0059,DOC100459,18579.68,Despesa
2024-10-18,CLI0214,PRD0011,V027,CC09,,DOC100460,7234.13,Receita
2026-01-23,CLI0280,PRD0073,V008,CC03,FOR0071,DOC100461,15557.97,Despesa
2023-12-11,CLI0135,PRD0195,V008,CC06,FOR0087,DOC100462,12664.29,Despesa
2026-11-27,CLI0115,PRD0119,V003,CC02,FOR0066,DOC100463,2959.66,Despesa
2023-12-14,CLI0216,PRD0128,V028,CC08,,DOC100464,11000.12,Receita
2025-01-25,CLI0116,PRD0156,V020,CC04,,DOC100465,3946.18,Receita
2026-12-10,CLI0266,PRD0157,V025,CC10,FOR0056,DOC100466,12261.09,Despesa
2026-08-20,CLI0211,PRD0094,V004,CC05,FOR0046,DOC100467,14021.78,Despesa
2026-02-22,CLI0079,PRD0074,V013,CC01,FOR0033,DOC100468,11595.92,Despesa
2026-03-10,CLI0089,PRD0078,V019,CC07,,DOC100469,19123.11,Receita
2026-12-04,CLI0272,PRD0162,V003,CC09,,DOC100470,7712.94,Receita
2025-09-29,CLI0035,PRD0091,V023,CC08,,DOC100471,28279.7,Receita
2024-08-18,CLI0143,PRD0079,V024,CC08,FOR0004,DOC100472,6362.41,Despesa
2026-03-12,CLI0167,PRD0128,V007,CC01,FOR0016,DOC100473,12637.84,Despesa
2023-06-19,CLI0284,PRD0004,V008,CC08,FOR0060,DOC100474,18000.7,Despesa
2024-10-16,CLI0265,PRD0108,V015,CC06,,DOC100475,7809.13,Receita
2023-09-30,CLI0295,PRD0032,V005,CC06,,DOC100476,24253.53,Receita
2023-07-04,CLI0050,PRD0129,V003,CC03,,DOC100477,12375.58,Receita
2023-11-17,CLI0163,PRD0148,V010,CC05,,DOC100478,28699.8,Receita
2025-07-17,CLI0243,PRD0034,V025,CC06,FOR0086,DOC100479,3673.78,Despesa
2025-11-29,CLI0212,PRD0132,V024,CC10,FOR0073,DOC100480,24661.43,Despesa
2025-06-30,CLI0075,PRD0191,V002,CC03,,DOC100481,28872.68,Receita
2024-09-25,CLI0072,PRD0120,V006,CC10,,DOC100482,17265.61,Receita
2026-07-11,CLI0170,PRD0027,V028,CC06,FOR0054,DOC100483,134.16,Despesa
2026-01-26,CLI0109,PRD0018,V012,CC05,,DOC100484,19476.2,Receita
2026-09-28,CLI0094,PRD0106,V011,CC09,FOR0084,DOC100485,6177.88,Despesa
2025-08-04,CLI0031,PRD0173,V015,CC02,,DOC100486,16480.69,Receita
2026-05-06,CLI0273,PRD0139,V019,CC08,,DOC100487,189.18,Receita
2024-03-13,CLI0195,PRD0161,V006,CC08,FOR0085,DOC100488,29310.72,Despesa
2023-12-31,CLI0254,PRD0150,V007,CC02,FOR0047,DOC100489,5019.35,Despesa
2024-04-18,CLI0047,PRD0002,V016,CC03,FOR0046,DOC100490,2815.52,Despesa
2024-08-06,CLI0276,PRD0199,V012,CC07,FOR0059,DOC100491,915.32,Despesa
2025-01-28,CLI0259,PRD0176,V023,CC06,FOR0073,DOC100492,20961.76,Despesa
2023-11-12,CLI0199,PRD0145,V012,CC01,,DOC100493,16545.83,Receita
2025-05-21,CLI0115,PRD0090,V001,CC02,FOR0041,DOC100494,6792.91,Despesa
2023-08-22,CLI0071,PRD0016,V019,CC10,,DOC100495,11512.75,Receita
2023-12-28,CLI0175,PRD0004,V015,CC04,,DOC100496,5671.55,Receita
2023-06-20,CLI0194,PRD0081,V016,CC02,,DOC100497,22131.43,Receita
2024-09-12,CLI0251,PRD0091,V003,CC08,,DOC100498,3097.74,Receita
2024-06-20,CLI0033,PRD0077,V020,CC06,FOR0068,DOC100499,28146.33,Despesa
2023-12-17,CLI0169,PRD0052,V030,CC04,FOR0016,DOC100500,13823.29,Despesa
2025-06-24,CLI0164,PRD0053,V003,CC07,,DOC100501,25975.93,Receita
2025-11-10,CLI0152,PRD0074,V030,CC05,,DOC100502,24216.13,Receita
2025-03-27,CLI0213,PRD0019,V014,CC04,FOR0052,DOC100503,21965.12,Despesa
2024-11-28,CLI0256,PRD0017,V025,CC01,,DOC100504,9288.87,Receita
2024-07-07,CLI0205,PRD0145,V018,CC05,FOR0048,DOC100505,603.04,Despesa
2026-10-13,CLI0298,PRD0126,V026,CC07,,DOC100506,2873.63,Receita
2026-06-29,CLI0152,PRD0195,V010,CC03,,DOC100507,3536.01,Receita
2023-03-02,CLI0011,PRD0188,V029,CC01,FOR0047,DOC100508,324.92,Despesa
2026-01-02,CLI0013,PRD0108,V004,CC07,FOR0072,DOC100509,19642.85,Despesa
2023-07-18,CLI0139,PRD0129,V013,CC03,,DOC100510,20250.43,Receita
2025-08-03,CLI0297,PRD0135,V017,CC01,FOR0097,DOC100511,24808.39,Despesa
2026-01-04,CLI0026,PRD0154,V016,CC03,FOR0049,DOC100512,317.64,Despesa
2026-04-04,CLI0289,PRD0070,V005,CC08,,DOC100513,3463.38,Receita
2026-07-22,CLI0221,PRD0002,V011,CC04,,DOC100514,26835.55,Receita
2025-02-14,CLI0141,PRD0021,V014,CC08,FOR0094,DOC100515,27919.46,Despesa
2026-04-20,CLI0271,PRD0020,V002,CC08,FOR0062,DOC100516,7535.62,Despesa
2023-12-16,CLI0196,PRD0119,V004,CC08,,DOC100517,3855.98,Receita
2026-02-05,CLI0057,PRD0047,V011,CC07,FOR0053,DOC100518,15499.47,Despesa
2025-12-10,CLI0160,PRD0005,V030,CC09,,DOC100519,6927.91,Receita
2024-05-15,CLI0247,PRD0156,V023,CC06,,DOC100520,19728.56,Receita
2024-08-26,CLI0010,PRD0034,V003,CC04,,DOC100521,29710.76,Receita
2023-03-27,CLI0052,PRD0063,V004,CC02,FOR0034,DOC100522,16487.96,Despesa
2025-06-29,CLI0298,PRD0121,V005,CC06,FOR0099,DOC100523,27269.72,Despesa
2024-07-09,CLI0167,PRD0190,V021,CC03,FOR0019,DOC100524,7795.37,Despesa
2024-03-08,CLI0060,PRD0010,V030,CC07,,DOC100525,25472.57,Receita
2024-11-15,CLI0039,PRD0188,V030,CC01,FOR0006,DOC100526,11857.82,Despesa
2025-11-14,CLI0250,PRD0013,V029,CC10,FOR0088,DOC100527,13463.66,Despesa
2026-10-15,CLI0163,PRD0178,V014,CC06,,DOC100528,1865.02,Receita
2023-05-19,CLI0194,PRD0186,V023,CC07,FOR0060,DOC100529,28301.67,Despesa
2023-11-04,CLI0281,PRD0184,V004,CC03,FOR0001,DOC100530,29612.65,Despesa
2024-05-16,CLI0071,PRD0057,V014,CC10,FOR0018,DOC100531,20332.86,Despesa
2023-02-12,CLI0089,PRD0188,V010,CC10,FOR0023,DOC100532,10692.79,Despesa
2024-11-25,CLI0179,PRD0170,V002,CC09,FOR0007,DOC100533,20070.12,Despesa
2026-05-26,CLI0038,PRD0119,V015,CC01,FOR0077,DOC100534,18468.46,Despesa
2026-07-31,CLI0188,PRD0094,V002,CC01,,DOC100535,19385.27,Receita
2024-10-24,CLI0249,PRD0152,V007,CC01,FOR0099,DOC100536,18042.46,Despesa
2024-03-05,CLI0204,PRD0182,V001,CC09,FOR0042,DOC100537,27532.81,Despesa
2023-05-05,CLI0203,PRD0081,V009,CC02,FOR0089,DOC100538,26278.94,Despesa
2026-03-25,CLI0203,PRD0191,V004,CC02,,DOC100539,17980.08,Receita
2025-05-16,CLI0024,PRD0087,V020,CC04,,DOC100540,17337.59,Receita
2024-09-08,CLI0008,PRD0135,V010,CC07,,DOC100541,26875.91,Receita
2024-08-20,CLI0269,PRD0157,V009,CC09,,DOC100542,10798.46,Receita
2025-04-15,CLI0146,PRD0199,V025,CC10,,DOC100543,4086.94,Receita
2024-09-28,CLI0029,PRD0089,V005,CC04,FOR0096,DOC100544,2990.51,Despesa
2025-12-31,CLI0081,PRD0146,V004,CC10,FOR0057,DOC100545,18179.98,Despesa
2023-10-03,CLI0161,PRD0131,V009,CC01,,DOC100546,29430.47,Receita
2025-02-27,CLI0012,PRD0067,V004,CC04,FOR0022,DOC100547,9145.96,Despesa
2026-05-28,CLI0288,PRD0054,V029,CC05,,DOC100548,27072.48,Receita
2025-01-02,CLI0298,PRD0020,V016,CC02,,DOC100549,15425.38,Receita
2026-11-11,CLI0270,PRD0150,V001,CC03,,DOC100550,1915.76,Receita
2025-10-13,CLI0254,PRD0008,V015,CC05,FOR0006,DOC100551,19523.3,Despesa
2023-01-09,CLI0060,PRD0085,V024,CC03,FOR0090,DOC100552,12493.27,Despesa
2026-03-31,CLI0264,PRD0135,V027,CC05,,DOC100553,25921.1,Receita
2026-11-10,CLI0179,PRD0022,V025,CC07,FOR0047,DOC100554,6225.03,Despesa
2023-01-03,CLI0047,PRD0193,V025,CC10,,DOC100555,14680.8,Receita
2025-08-25,CLI0026,PRD0181,V020,CC06,,DOC100556,18697.94,Receita
2024-08-29,CLI0044,PRD0057,V001,CC03,,DOC100557,25445.37,Receita
2023-11-24,CLI0216,PRD0106,V012,CC09,FOR0041,DOC100558,9262.93,Despesa
2024-01-22,CLI0053,PRD0119,V001,CC06,FOR0078,DOC100559,18623.74,Despesa
2025-11-20,CLI0065,PRD0060,V011,CC04,,DOC100560,7413.11,Receita
2023-11-16,CLI0255,PRD0028,V030,CC04,FOR0070,DOC100561,14831.32,Despesa
2025-01-25,CLI0111,PRD0018,V006,CC05,FOR0088,DOC100562,1364.65,Despesa
2024-12-25,CLI0183,PRD0012,V007,CC07,FOR0031,DOC100563,18521.28,Despesa
2026-09-09,CLI0184,PRD0137,V010,CC01,,DOC100564,3843.15,Receita
2023-07-23,CLI0135,PRD0113,V027,CC02,FOR0032,DOC100565,17330.36,Despesa
2024-06-27,CLI0284,PRD0097,V018,CC04,,DOC100566,21472.57,Receita
2023-10-18,CLI0115,PRD0051,V004,CC08,FOR0037,DOC100567,6781.28,Despesa
2023-07-03,CLI0177,PRD0107,V028,CC01,FOR0068,DOC100568,3707.05,Despesa
2026-07-16,CLI0200,PRD0061,V006,CC02,FOR0093,DOC100569,13577.69,Despesa
2026-02-23,CLI0003,PRD0063,V005,CC08,,DOC100570,2598.38,Receita
2026-05-26,CLI0214,PRD0030,V021,CC01,FOR0018,DOC100571,8574.43,Despesa
2023-02-19,CLI0071,PRD0150,V010,CC08,FOR0019,DOC100572,12054.35,Despesa
2025-12-04,CLI0082,PRD0175,V029,CC08,,DOC100573,26609.68,Receita
2024-01-19,CLI0111,PRD0082,V012,CC04,FOR0008,DOC100574,13410.56,Despesa
2025-07-28,CLI0070,PRD0075,V009,CC07,FOR0099,DOC100575,26005.88,Despesa
2024-08-22,CLI0140,PRD0078,V020,CC09,FOR0009,DOC100576,29635.4,Despesa
2026-03-13,CLI0075,PRD0143,V019,CC09,FOR0009,DOC100577,11055.46,Despesa
2023-06-14,CLI0246,PRD0054,V024,CC02,FOR0049,DOC100578,13775.94,Despesa
2025-06-22,CLI0063,PRD0146,V020,CC07,FOR0019,DOC100579,20424.62,Despesa
2023-05-09,CLI0261,PRD0021,V021,CC07,,DOC100580,3343.59,Receita
2023-08-05,CLI0038,PRD0114,V018,CC03,FOR0036,DOC100581,27499.52,Despesa
2026-06-13,CLI0293,PRD0162,V018,CC01,FOR0003,DOC100582,6072.84,Despesa
2025-06-02,CLI0070,PRD0152,V003,CC05,,DOC100583,4844.56,Receita
2024-03-21,CLI0210,PRD0132,V007,CC08,FOR0027,DOC100584,6439.83,Despesa
2025-04-23,CLI0206,PRD0040,V021,CC01,,DOC100585,10594.05,Receita
2024-12-04,CLI0103,PRD0192,V017,CC05,,DOC100586,21866.79,Receita
2026-02-24,CLI0102,PRD0067,V024,CC04,,DOC100587,26766.26,Receita
2024-12-09,CLI0285,PRD0150,V001,CC05,,DOC100588,23924.99,Receita
2023-03-18,CLI0059,PRD0198,V002,CC10,,DOC100589,18351.97,Receita
2024-05-10,CLI0098,PRD0199,V022,CC03,,DOC100590,26881.95,Receita
2025-08-15,CLI0187,PRD0001,V027,CC03,,DOC100591,18149.08,Receita
2024-05-12,CLI0299,PRD0158,V011,CC02,FOR0049,DOC100592,18160.11,Despesa
2024-08-04,CLI0201,PRD0043,V024,CC04,,DOC100593,19984.23,Receita
2024-05-12,CLI0223,PRD0035,V028,CC09,,DOC100594,8925.36,Receita
2026-05-25,CLI0019,PRD0174,V006,CC09,FOR0071,DOC100595,17926.04,Despesa
2024-08-22,CLI0226,PRD0080,V029,CC02,,DOC100596,28406.92,Receita
2024-08-23,CLI0203,PRD0133,V030,CC08,,DOC100597,14188.81,Receita
2026-06-06,CLI0117,PRD0175,V009,CC04,,DOC100598,322.95,Receita
2026-09-16,CLI0269,PRD0184,V006,CC10,,DOC100599,19313.31,Receita
2026-05-14,CLI0246,PRD0121,V020,CC03,FOR0038,DOC100600,15250.41,Despesa
2025-12-11,CLI0111,PRD0071,V024,CC02,FOR0075,DOC100601,27967.24,Despesa
2024-09-05,CLI0282,PRD0194,V025,CC04,FOR0037,DOC100602,9317.78,Despesa
2025-06-04,CLI0282,PRD0048,V012,CC03,FOR0065,DOC100603,14914.61,Despesa
2024-11-24,CLI0197,PRD0113,V003,CC02,FOR0003,DOC100604,9578.38,Despesa
2026-06-15,CLI0224,PRD0190,V016,CC10,,DOC100605,25151.57,Receita
2026-10-08,CLI0287,PRD0069,V003,CC09,FOR0091,DOC100606,1593.3,Despesa
2025-09-10,CLI0247,PRD0191,V006,CC07,FOR0066,DOC100607,18642.28,Despesa
2024-09-02,CLI0079,PRD0046,V026,CC03,,DOC100608,5185.97,Receita
2025-11-24,CLI0150,PRD0023,V021,CC08,,DOC100609,278.38,Receita
2024-02-14,CLI0230,PRD0020,V021,CC08,FOR0021,DOC100610,25672.93,Despesa
2025-01-26,CLI0059,PRD0158,V018,CC08,,DOC100611,24545.75,Receita
2023-01-08,CLI0218,PRD0083,V007,CC10,FOR0088,DOC100612,8209.97,Despesa
2026-01-26,CLI0024,PRD0166,V008,CC08,FOR0045,DOC100613,8710.8,Despesa
2023-11-23,CLI0107,PRD0113,V008,CC07,,DOC100614,10567.06,Receita
2024-07-07,CLI0243,PRD0163,V026,CC03,FOR0031,DOC100615,18618.38,Despesa
2026-10-27,CLI0172,PRD0093,V009,CC07,FOR0092,DOC100616,29612.75,Despesa
2025-10-14,CLI0132,PRD0156,V028,CC10,FOR0034,DOC100617,11542.6,Despesa
2025-06-16,CLI0217,PRD0148,V005,CC09,,DOC100618,27439.85,Receita
2025-06-09,CLI0078,PRD0191,V007,CC02,FOR0046,DOC100619,29637.04,Despesa
2023-02-01,CLI0142,PRD0008,V026,CC03,FOR0064,DOC100620,3248.69,Despesa
2025-08-02,CLI0085,PRD0084,V001,CC01,,DOC100621,11799.48,Receita
2025-08-28,CLI0123,PRD0152,V004,CC01,FOR0087,DOC100622,18001.47,Despesa
2025-08-31,CLI0246,PRD0185,V004,CC07,,DOC100623,27732.67,Receita
2025-09-15,CLI0082,PRD0126,V025,CC08,,DOC100624,8274.78,Receita
2026-04-18,CLI0124,PRD0015,V006,CC06,,DOC100625,15213.09,Receita
2026-11-09,CLI0006,PRD0177,V030,CC10,,DOC100626,7966.29,Receita
2023-03-07,CLI0247,PRD0117,V007,CC09,,DOC100627,18844.44,Receita
2024-05-29,CLI0053,PRD0009,V004,CC02,,DOC100628,1404.24,Receita
2023-03-02,CLI0135,PRD0197,V019,CC08,,DOC100629,9901.68,Receita
2025-08-04,CLI0284,PRD0160,V008,CC08,FOR0092,DOC100630,16192.08,Despesa
2026-12-10,CLI0221,PRD0136,V008,CC01,FOR0100,DOC100631,24407.98,Despesa
2023-09-20,CLI0115,PRD0048,V020,CC09,,DOC100632,7664.19,Receita
2023-01-16,CLI0222,PRD0188,V022,CC08,FOR0034,DOC100633,23080.69,Despesa
2025-10-05,CLI0136,PRD0032,V013,CC06,FOR0089,DOC100634,12277.48,Despesa
2023-05-21,CLI0183,PRD0101,V008,CC06,FOR0001,DOC100635,23749.51,Despesa
2024-09-06,CLI0076,PRD0118,V024,CC10,FOR0033,DOC100636,26447.65,Despesa
2023-02-06,CLI0267,PRD0111,V023,CC09,,DOC100637,12812.48,Receita
2025-01-25,CLI0054,PRD0126,V016,CC10,FOR0033,DOC100638,22689.3,Despesa
2025-05-28,CLI0246,PRD0021,V024,CC06,FOR0020,DOC100639,17238.83,Despesa
2023-08-31,CLI0066,PRD0192,V001,CC03,,DOC100640,27231.11,Receita
2024-09-11,CLI0007,PRD0196,V024,CC08,,DOC100641,19918.9,Receita
2023-04-04,CLI0240,PRD0018,V015,CC04,FOR0003,DOC100642,23383.63,Despesa
2024-04-24,CLI0009,PRD0146,V020,CC03,FOR0068,DOC100643,15707.42,Despesa
2024-04-03,CLI0097,PRD0074,V017,CC10,,DOC100644,14890.9,Receita
2025-05-04,CLI0289,PRD0149,V021,CC08,FOR0053,DOC100645,13897.29,Despesa
2025-12-24,CLI0103,PRD0022,V027,CC09,,DOC100646,15881.92,Receita
2026-04-14,CLI0148,PRD0064,V021,CC10,,DOC100647,4609.9,Receita
2025-06-12,CLI0220,PRD0062,V006,CC05,FOR0090,DOC100648,302.36,Despesa
2023-10-11,CLI0161,PRD0130,V015,CC02,,DOC100649,12933.28,Receita
2026-07-19,CLI0011,PRD0197,V018,CC10,FOR0053,DOC100650,13514.74,Despesa
2025-07-03,CLI0146,PRD0081,V007,CC05,FOR0054,DOC100651,7053.55,Despesa
2025-11-30,CLI0144,PRD0003,V026,CC05,,DOC100652,19608.61,Receita
2026-01-08,CLI0071,PRD0020,V029,CC02,FOR0088,DOC100653,8456.83,Despesa
2023-02-09,CLI0080,PRD0018,V010,CC06,FOR0083,DOC100654,20242.46,Despesa
2026-06-22,CLI0092,PRD0130,V029,CC02,FOR0097,DOC100655,11428.99,Despesa
2025-10-12,CLI0149,PRD0170,V022,CC03,,DOC100656,13617.96,Receita
2023-05-01,CLI0215,PRD0123,V030,CC07,FOR0093,DOC100657,2155.18,Despesa
2026-03-14,CLI0093,PRD0134,V010,CC09,FOR0009,DOC100658,18021.46,Despesa
2025-01-23,CLI0024,PRD0088,V015,CC04,FOR0027,DOC100659,26082.81,Despesa
2025-11-26,CLI0283,PRD0069,V009,CC10,FOR0061,DOC100660,7338.93,Despesa
2023-03-30,CLI0298,PRD0108,V005,CC05,,DOC100661,5805.38,Receita
2025-03-07,CLI0269,PRD0117,V024,CC07,,DOC100662,24641.7,Receita
2023-10-14,CLI0168,PRD0074,V022,CC06,FOR0096,DOC100663,25369.95,Despesa
2024-05-14,CLI0222,PRD0175,V013,CC03,,DOC100664,2763.47,Receita
2023-08-13,CLI0198,PRD0095,V013,CC04,,DOC100665,10108.48,Receita
2025-01-11,CLI0081,PRD0103,V022,CC02,,DOC100666,8777.91,Receita
2024-12-25,CLI0091,PRD0110,V030,CC04,,DOC100667,26398.11,Receita
2026-12-15,CLI0139,PRD0099,V030,CC08,FOR0053,DOC100668,5139.21,Despesa
2025-07-28,CLI0187,PRD0146,V011,CC07,,DOC100669,18703.26,Receita
2023-01-16,CLI0251,PRD0020,V026,CC07,FOR0002,DOC100670,14601.16,Despesa
2023-04-18,CLI0076,PRD0171,V011,CC04,FOR0088,DOC100671,18551.24,Despesa
2025-04-26,CLI0230,PRD0063,V009,CC09,FOR0040,DOC100672,25589.33,Despesa
2024-11-12,CLI0125,PRD0016,V018,CC02,,DOC100673,24735.03,Receita
2026-07-20,CLI0254,PRD0177,V023,CC02,FOR0080,DOC100674,1603.01,Despesa
2023-12-30,CLI0120,PRD0047,V014,CC05,,DOC100675,20893.52,Receita
2025-02-01,CLI0269,PRD0194,V025,CC03,,DOC100676,20232.32,Receita
2025-09-19,CLI0072,PRD0174,V016,CC03,,DOC100677,8984.03,Receita
2025-11-20,CLI0268,PRD0080,V012,CC05,FOR0004,DOC100678,20700.66,Despesa
2023-03-13,CLI0055,PRD0168,V014,CC09,,DOC100679,16235.04,Receita
2023-11-13,CLI0234,PRD0068,V014,CC09,FOR0018,DOC100680,22011.19,Despesa
2026-05-16,CLI0054,PRD0044,V021,CC08,,DOC100681,13350.31,Receita
2026-10-21,CLI0004,PRD0076,V019,CC02,FOR0098,DOC100682,11774.79,Despesa
2024-10-22,CLI0162,PRD0134,V025,CC05,,DOC100683,10221.58,Receita
2025-08-15,CLI0031,PRD0180,V002,CC07,,DOC100684,28857.68,Receita
2024-09-12,CLI0026,PRD0139,V026,CC02,FOR0074,DOC100685,13145.13,Despesa
2026-06-05,CLI0050,PRD0168,V029,CC06,FOR0058,DOC100686,19679.26,Despesa
2024-03-02,CLI0251,PRD0110,V008,CC09,FOR0008,DOC100687,21154.69,Despesa
2026-07-01,CLI0244,PRD0197,V020,CC06,,DOC100688,22046.2,Receita
2025-11-13,CLI0199,PRD0098,V013,CC08,FOR0004,DOC100689,20719.62,Despesa
2023-12-13,CLI0286,PRD0180,V024,CC03,,DOC100690,25847.29,Receita
2025-11-04,CLI0234,PRD0021,V029,CC01,FOR0079,DOC100691,23566.81,Despesa
2024-08-12,CLI0211,PRD0046,V011,CC04,FOR0064,DOC100692,15520.6,Despesa
2023-03-20,CLI0200,PRD0167,V006,CC08,FOR0014,DOC100693,5540.62,Despesa
2025-11-07,CLI0108,PRD0043,V015,CC05,,DOC100694,14864.68,Receita
2023-12-10,CLI0031,PRD0171,V007,CC05,,DOC100695,21938.03,Receita
2026-09-29,CLI0234,PRD0037,V030,CC02,,DOC100696,19507.57,Receita
2025-08-12,CLI0158,PRD0018,V010,CC02,FOR0096,DOC100697,20601.74,Despesa
2023-04-26,CLI0153,PRD0045,V002,CC10,,DOC100698,5501.77,Receita
2023-06-03,CLI0290,PRD0029,V021,CC01,FOR0049,DOC100699,12457.85,Despesa
2026-11-07,CLI0118,PRD0067,V003,CC07,FOR0090,DOC100700,24153.35,Despesa
2025-03-10,CLI0006,PRD0045,V030,CC06,FOR0005,DOC100701,22202.23,Despesa
2025-02-07,CLI0225,PRD0069,V006,CC02,FOR0059,DOC100702,25631.39,Despesa
2024-06-11,CLI0290,PRD0022,V019,CC10,FOR0098,DOC100703,13461.95,Despesa
2025-08-16,CLI0237,PRD0106,V015,CC03,FOR0082,DOC100704,29324.72,Despesa
2024-11-16,CLI0072,PRD0070,V015,CC08,FOR0045,DOC100705,23173.07,Despesa
2024-09-01,CLI0286,PRD0186,V017,CC04,FOR0022,DOC100706,29727.57,Despesa
2026-12-25,CLI0111,PRD0071,V012,CC05,,DOC100707,16606.73,Receita
2024-10-18,CLI0072,PRD0017,V021,CC05,FOR0060,DOC100708,818.25,Despesa
2025-09-04,CLI0105,PRD0162,V001,CC06,FOR0058,DOC100709,13140.37,Despesa
2024-03-14,CLI0277,PRD0139,V003,CC08,,DOC100710,16864.21,Receita
2025-12-06,CLI0066,PRD0058,V018,CC03,,DOC100711,17161.59,Receita
2024-06-22,CLI0300,PRD0173,V009,CC04,,DOC100712,18255.41,Receita
2024-06-13,CLI0105,PRD0153,V017,CC07,,DOC100713,24002.2,Receita
2025-12-23,CLI0154,PRD0082,V012,CC01,FOR0035,DOC100714,10628.42,Despesa
2023-10-10,CLI0091,PRD0025,V022,CC07,,DOC100715,22854.68,Receita
2025-12-23,CLI0273,PRD0126,V011,CC06,FOR0042,DOC100716,29713.24,Despesa
2024-05-11,CLI0166,PRD0077,V019,CC01,,DOC100717,12997.79,Receita
2024-09-20,CLI0109,PRD0116,V028,CC02,,DOC100718,9013.58,Receita
2023-04-28,CLI0013,PRD0087,V004,CC10,FOR0011,DOC100719,18905.85,Despesa
2023-06-27,CLI0087,PRD0162,V030,CC09,FOR0046,DOC100720,2829.72,Despesa
2023-09-08,CLI0111,PRD0163,V016,CC10,FOR0022,DOC100721,17952.98,Despesa
2026-04-14,CLI0222,PRD0103,V010,CC10,,DOC100722,1559.89,Receita
2023-08-27,CLI0053,PRD0122,V030,CC07,,DOC100723,6667.13,Receita
2026-05-03,CLI0111,PRD0103,V005,CC06,FOR0018,DOC100724,16802.19,Despesa
2025-01-31,CLI0246,PRD0191,V003,CC02,,DOC100725,12758.8,Receita
2024-12-23,CLI0226,PRD0051,V013,CC08,,DOC100726,4419.34,Receita
2025-11-19,CLI0162,PRD0036,V013,CC09,,DOC100727,21053.2,Receita
2026-04-13,CLI0299,PRD0199,V010,CC07,,DOC100728,21110.65,Receita
2023-04-18,CLI0230,PRD0037,V006,CC07,FOR0038,DOC100729,28833.49,Despesa
2023-03-17,CLI0221,PRD0057,V023,CC07,,DOC100730,28500.27,Receita
2026-07-28,CLI0096,PRD0124,V006,CC09,FOR0033,DOC100731,19236.22,Despesa
2023-10-20,CLI0001,PRD0155,V007,CC04,FOR0077,DOC100732,927.53,Despesa
2026-11-23,CLI0155,PRD0180,V028,CC04,,DOC100733,23722.89,Receita
2026-10-26,CLI0260,PRD0161,V009,CC09,FOR0030,DOC100734,12055.72,Despesa
2025-09-21,CLI0030,PRD0073,V019,CC08,,DOC100735,2680.87,Receita
2023-10-27,CLI0075,PRD0116,V017,CC10,FOR0076,DOC100736,270.83,Despesa
2025-02-24,CLI0093,PRD0080,V025,CC02,,DOC100737,25133.25,Receita
2025-09-10,CLI0230,PRD0157,V016,CC06,,DOC100738,7027.1,Receita
2025-08-16,CLI0256,PRD0117,V012,CC06,FOR0100,DOC100739,3488.03,Despesa
2023-10-17,CLI0180,PRD0045,V027,CC07,FOR0055,DOC100740,3498.42,Despesa
2023-03-05,CLI0255,PRD0011,V020,CC09,,DOC100741,27273.16,Receita
2025-01-31,CLI0006,PRD0177,V016,CC10,FOR0085,DOC100742,27783.22,Despesa
2025-07-23,CLI0271,PRD0077,V008,CC04,FOR0008,DOC100743,15083.15,Despesa
2024-09-30,CLI0188,PRD0163,V016,CC01,,DOC100744,9654.49,Receita
2023-12-29,CLI0203,PRD0128,V022,CC08,FOR0045,DOC100745,3429.7,Despesa
2026-11-13,CLI0169,PRD0024,V018,CC10,,DOC100746,13354.18,Receita
2026-06-08,CLI0260,PRD0068,V023,CC07,,DOC100747,7872.42,Receita
2026-09-29,CLI0037,PRD0055,V002,CC04,FOR0049,DOC100748,24576.0,Despesa
2024-04-08,CLI0084,PRD0185,V008,CC10,FOR0085,DOC100749,27719.88,Despesa
2023-07-06,CLI0030,PRD0075,V005,CC10,,DOC100750,881.48,Receita
2025-09-23,CLI0157,PRD0079,V029,CC03,,DOC100751,23761.38,Receita
2025-12-04,CLI0157,PRD0190,V009,CC09,,DOC100752,21792.7,Receita
2024-07-27,CLI0089,PRD0074,V009,CC10,,DOC100753,18377.23,Receita
2025-01-27,CLI0045,PRD0099,V022,CC08,,DOC100754,24460.63,Receita
2023-09-10,CLI0018,PRD0070,V012,CC02,FOR0069,DOC100755,19855.62,Despesa
2023-06-29,CLI0273,PRD0199,V020,CC06,,DOC100756,4527.78,Receita
2025-11-05,CLI0043,PRD0164,V028,CC03,,DOC100757,16398.48,Receita
2025-07-31,CLI0123,PRD0145,V010,CC09,,DOC100758,1650.11,Receita
2024-02-13,CLI0165,PRD0186,V023,CC02,,DOC100759,26343.16,Receita
2023-05-06,CLI0213,PRD0086,V019,CC03,,DOC100760,17603.97,Receita
2023-01-18,CLI0065,PRD0132,V020,CC06,FOR0025,DOC100761,25426.55,Despesa
2026-05-10,CLI0080,PRD0174,V005,CC04,FOR0057,DOC100762,6431.65,Despesa
2026-02-21,CLI0008,PRD0179,V028,CC06,FOR0083,DOC100763,331.99,Despesa
2026-03-24,CLI0138,PRD0059,V017,CC08,,DOC100764,1807.0,Receita
2026-12-05,CLI0061,PRD0159,V013,CC03,FOR0010,DOC100765,15959.51,Despesa
2023-07-11,CLI0231,PRD0135,V018,CC08,,DOC100766,19651.88,Receita
2025-03-30,CLI0180,PRD0129,V007,CC04,,DOC100767,22155.69,Receita
2025-01-22,CLI0015,PRD0050,V012,CC07,,DOC100768,14521.76,Receita
2026-08-05,CLI0114,PRD0121,V007,CC10,,DOC100769,25795.07,Receita
2025-04-18,CLI0130,PRD0022,V024,CC08,,DOC100770,6387.87,Receita
2023-08-10,CLI0174,PRD0008,V007,CC06,,DOC100771,17334.18,Receita
2023-03-24,CLI0135,PRD0174,V006,CC03,,DOC100772,20624.23,Receita
2023-01-22,CLI0097,PRD0002,V011,CC10,,DOC100773,15303.94,Receita
2023-12-31,CLI0040,PRD0005,V002,CC01,FOR0044,DOC100774,5580.75,Despesa
2024-10-30,CLI0180,PRD0157,V005,CC01,,DOC100775,26225.64,Receita
2024-03-06,CLI0031,PRD0045,V020,CC06,,DOC100776,3465.34,Receita
2025-06-19,CLI0127,PRD0025,V005,CC06,,DOC100777,22118.34,Receita
2024-12-28,CLI0298,PRD0163,V025,CC04,,DOC100778,15887.35,Receita
2025-04-07,CLI0250,PRD0072,V028,CC03,FOR0081,DOC100779,24524.77,Despesa
2024-05-10,CLI0008,PRD0157,V003,CC01,,DOC100780,26770.67,Receita
2026-09-08,CLI0154,PRD0170,V022,CC01,FOR0088,DOC100781,9007.68,Despesa
2026-01-09,CLI0046,PRD0135,V030,CC01,FOR0051,DOC100782,18420.39,Despesa
2024-05-23,CLI0179,PRD0187,V011,CC01,,DOC100783,23628.16,Receita
2026-07-22,CLI0220,PRD0123,V005,CC01,,DOC100784,29209.31,Receita
2024-08-24,CLI0209,PRD0110,V019,CC10,FOR0017,DOC100785,15115.92,Despesa
2026-02-13,CLI0209,PRD0113,V028,CC05,,DOC100786,20761.24,Receita
2025-12-22,CLI0135,PRD0140,V006,CC06,,DOC100787,24465.5,Receita
2024-02-06,CLI0183,PRD0128,V026,CC08,,DOC100788,21636.53,Receita
2026-03-06,CLI0161,PRD0095,V027,CC06,FOR0029,DOC100789,28367.01,Despesa
2023-05-20,CLI0071,PRD0181,V010,CC04,FOR0020,DOC100790,726.6,Despesa
2024-09-02,CLI0171,PRD0147,V015,CC02,FOR0016,DOC100791,21709.74,Despesa
2026-12-19,CLI0163,PRD0162,V003,CC08,,DOC100792,5908.64,Receita
2025-04-15,CLI0256,PRD0179,V025,CC10,,DOC100793,29742.8,Receita
2024-03-12,CLI0166,PRD0188,V013,CC02,FOR0093,DOC100794,12284.67,Despesa
2025-09-28,CLI0074,PRD0096,V004,CC04,FOR0011,DOC100795,1489.88,Despesa
2024-02-26,CLI0040,PRD0163,V005,CC07,,DOC100796,27425.97,Receita
2025-06-26,CLI0172,PRD0157,V026,CC08,,DOC100797,5440.48,Receita
2024-05-21,CLI0298,PRD0015,V023,CC04,,DOC100798,13755.63,Receita
2024-10-07,CLI0044,PRD0111,V023,CC05,FOR0065,DOC100799,22808.38,Despesa
2023-07-16,CLI0028,PRD0183,V030,CC06,,DOC100800,20311.35,Receita
2024-05-18,CLI0270,PRD0027,V008,CC06,,DOC100801,5046.08,Receita
2025-02-20,CLI0238,PRD0166,V002,CC07,FOR0070,DOC100802,29365.56,Despesa
2024-07-10,CLI0284,PRD0159,V008,CC02,FOR0013,DOC100803,2319.77,Despesa
2026-07-03,CLI0240,PRD0198,V010,CC10,FOR0079,DOC100804,26254.2,Despesa
2026-11-26,CLI0196,PRD0022,V013,CC10,,DOC100805,19260.58,Receita
2026-07-14,CLI0047,PRD0085,V003,CC04,FOR0077,DOC100806,18992.94,Despesa
2026-09-04,CLI0133,PRD0168,V001,CC02,,DOC100807,6256.23,Receita
2023-07-24,CLI0081,PRD0200,V015,CC03,,DOC100808,27628.07,Receita
2023-10-29,CLI0151,PRD0061,V024,CC06,FOR0077,DOC100809,29060.51,Despesa
2023-02-07,CLI0185,PRD0009,V017,CC07,,DOC100810,28479.51,Receita
2026-02-16,CLI0064,PRD0124,V018,CC10,FOR0048,DOC100811,11754.77,Despesa
2024-07-16,CLI0117,PRD0178,V011,CC02,FOR0064,DOC100812,3601.21,Despesa
2025-11-04,CLI0101,PRD0190,V013,CC04,FOR0099,DOC100813,15361.81,Despesa
2023-02-05,CLI0017,PRD0030,V015,CC02,FOR0006,DOC100814,10430.28,Despesa
2025-08-31,CLI0275,PRD0020,V001,CC02,,DOC100815,318.94,Receita
2024-04-07,CLI0070,PRD0142,V007,CC01,FOR0032,DOC100816,563.66,Despesa
2023-11-01,CLI0202,PRD0200,V030,CC09,FOR0041,DOC100817,2523.12,Despesa
2026-02-20,CLI0018,PRD0185,V025,CC10,FOR0084,DOC100818,21089.31,Despesa
2025-05-16,CLI0226,PRD0147,V002,CC01,FOR0029,DOC100819,13477.64,Despesa
2026-12-23,CLI0244,PRD0108,V025,CC04,,DOC100820,22963.74,Receita
2023-01-14,CLI0044,PRD0111,V003,CC02,,DOC100821,471.2,Receita
2024-10-17,CLI0106,PRD0056,V021,CC03,FOR0084,DOC100822,1362.49,Despesa
2026-11-13,CLI0147,PRD0103,V018,CC07,,DOC100823,29725.45,Receita
2026-01-08,CLI0267,PRD0181,V022,CC02,FOR0044,DOC100824,4801.97,Despesa
2023-03-03,CLI0126,PRD0049,V006,CC06,FOR0022,DOC100825,21769.55,Despesa
2026-09-09,CLI0082,PRD0123,V030,CC04,,DOC100826,14899.65,Receita
2026-08-14,CLI0062,PRD0110,V023,CC09,FOR0071,DOC100827,12906.94,Despesa
2023-07-06,CLI0211,PRD0060,V030,CC02,,DOC100828,9673.43,Receita
2026-06-12,CLI0030,PRD0005,V010,CC01,,DOC100829,9712.75,Receita
2026-04-25,CLI0034,PRD0143,V027,CC08,FOR0064,DOC100830,24344.6,Despesa
2024-11-30,CLI0084,PRD0018,V008,CC01,,DOC100831,24508.42,Receita
2023-02-17,CLI0242,PRD0097,V004,CC07,,DOC100832,18660.8,Receita
2023-08-30,CLI0123,PRD0180,V024,CC10,FOR0046,DOC100833,12303.08,Despesa
2025-05-30,CLI0036,PRD0025,V016,CC10,FOR0055,DOC100834,20150.25,Despesa
2024-06-15,CLI0163,PRD0103,V017,CC08,FOR0008,DOC100835,20456.06,Despesa
2024-01-31,CLI0008,PRD0070,V007,CC07,,DOC100836,18167.67,Receita
2025-09-04,CLI0189,PRD0041,V024,CC07,FOR0065,DOC100837,22164.15,Despesa
2026-02-27,CLI0092,PRD0146,V007,CC07,FOR0070,DOC100838,20438.37,Despesa
2024-02-27,CLI0015,PRD0066,V019,CC08,FOR0034,DOC100839,13553.29,Despesa
2024-04-26,CLI0258,PRD0075,V005,CC08,FOR0048,DOC100840,13754.8,Despesa
2025-09-28,CLI0231,PRD0198,V016,CC07,,DOC100841,29350.58,Receita
2025-12-26,CLI0174,PRD0046,V023,CC09,,DOC100842,26698.8,Receita
2025-10-07,CLI0259,PRD0174,V009,CC10,FOR0001,DOC100843,1552.96,Despesa
2025-10-12,CLI0299,PRD0033,V015,CC09,FOR0083,DOC100844,22286.07,Despesa
2026-06-19,CLI0070,PRD0029,V019,CC08,,DOC100845,5986.44,Receita
2025-02-16,CLI0003,PRD0068,V001,CC09,,DOC100846,16433.99,Receita
2026-03-22,CLI0238,PRD0127,V011,CC09,,DOC100847,17290.42,Receita
2026-08-20,CLI0238,PRD0194,V015,CC01,FOR0048,DOC100848,16569.47,Despesa
2026-07-10,CLI0138,PRD0170,V030,CC04,FOR0044,DOC100849,2340.84,Despesa
2026-01-06,CLI0014,PRD0157,V027,CC07,FOR0079,DOC100850,28129.79,Despesa
2026-10-14,CLI0085,PRD0020,V015,CC06,,DOC100851,25010.57,Receita
2026-02-08,CLI0279,PRD0081,V019,CC10,,DOC100852,12588.89,Receita
2024-01-01,CLI0255,PRD0093,V018,CC05,FOR0054,DOC100853,12442.55,Despesa
2025-10-30,CLI0206,PRD0079,V029,CC05,FOR0062,DOC100854,13353.52,Despesa
2023-05-23,CLI0050,PRD0025,V018,CC09,FOR0093,DOC100855,8453.07,Despesa
2026-08-20,CLI0283,PRD0077,V026,CC05,,DOC100856,4512.5,Receita
2025-07-18,CLI0191,PRD0165,V002,CC09,FOR0098,DOC100857,5300.62,Despesa
2025-03-24,CLI0045,PRD0053,V001,CC10,,DOC100858,27638.94,Receita
2023-05-14,CLI0268,PRD0058,V023,CC03,FOR0087,DOC100859,18552.21,Despesa
2024-12-10,CLI0041,PRD0156,V026,CC09,,DOC100860,8042.04,Receita
2025-11-13,CLI0243,PRD0200,V024,CC07,,DOC100861,21207.21,Receita
2025-10-28,CLI0140,PRD0029,V016,CC02,FOR0010,DOC100862,13634.14,Despesa
2026-10-26,CLI0149,PRD0141,V016,CC08,,DOC100863,15126.76,Receita
2024-02-24,CLI0129,PRD0163,V018,CC06,,DOC100864,4872.39,Receita
2025-08-17,CLI0227,PRD0070,V019,CC01,,DOC100865,7432.87,Receita
2024-09-08,CLI0293,PRD0017,V002,CC09,,DOC100866,7455.73,Receita
2024-04-18,CLI0225,PRD0163,V027,CC01,FOR0031,DOC100867,14684.36,Despesa
2025-03-07,CLI0020,PRD0091,V009,CC03,,DOC100868,10945.94,Receita
2025-12-16,CLI0105,PRD0079,V001,CC08,FOR0061,DOC100869,1591.22,Despesa
2024-12-17,CLI0296,PRD0147,V005,CC02,FOR0058,DOC100870,3264.24,Despesa
2026-08-16,CLI0061,PRD0098,V010,CC07,FOR0053,DOC100871,5294.1,Despesa
2026-09-16,CLI0155,PRD0141,V002,CC10,FOR0017,DOC100872,2136.58,Despesa
2024-02-27,CLI0278,PRD0152,V024,CC08,,DOC100873,25639.72,Receita
2023-08-21,CLI0015,PRD0171,V009,CC06,FOR0076,DOC100874,28333.96,Despesa
2025-10-09,CLI0195,PRD0018,V017,CC07,,DOC100875,25902.0,Receita
2024-02-14,CLI0254,PRD0196,V028,CC05,FOR0098,DOC100876,4620.66,Despesa
2023-09-18,CLI0265,PRD0186,V004,CC06,FOR0058,DOC100877,25346.52,Despesa
2024-04-26,CLI0278,PRD0010,V009,CC08,,DOC100878,28203.31,Receita
2025-10-31,CLI0218,PRD0141,V004,CC07,FOR0096,DOC100879,22793.02,Despesa
2026-09-09,CLI0170,PRD0051,V015,CC04,FOR0093,DOC100880,9862.1,Despesa
2025-05-19,CLI0061,PRD0196,V018,CC05,,DOC100881,9768.77,Receita
2025-03-09,CLI0004,PRD0163,V019,CC01,FOR0061,DOC100882,17860.08,Despesa
2026-04-17,CLI0241,PRD0036,V010,CC06,,DOC100883,615.98,Receita
2023-08-07,CLI0190,PRD0189,V024,CC02,,DOC100884,10679.34,Receita
2024-12-17,CLI0118,PRD0147,V024,CC09,,DOC100885,9013.4,Receita
2026-09-02,CLI0252,PRD0177,V024,CC10,,DOC100886,20400.86,Receita
2025-08-28,CLI0008,PRD0163,V011,CC05,FOR0040,DOC100887,22624.82,Despesa
2026-09-28,CLI0069,PRD0155,V023,CC01,FOR0009,DOC100888,4212.18,Despesa
2026-05-17,CLI0112,PRD0141,V010,CC09,FOR0093,DOC100889,12259.54,Despesa
2026-03-06,CLI0252,PRD0153,V024,CC08,FOR0044,DOC100890,23095.94,Despesa
2025-11-07,CLI0052,PRD0077,V025,CC02,FOR0021,DOC100891,15667.66,Despesa
2025-05-25,CLI0223,PRD0073,V004,CC06,,DOC100892,14530.98,Receita
2024-03-15,CLI0280,PRD0140,V011,CC07,,DOC100893,16730.58,Receita
2023-04-13,CLI0274,PRD0094,V016,CC08,FOR0003,DOC100894,8177.57,Despesa
2025-06-30,CLI0040,PRD0068,V012,CC01,FOR0085,DOC100895,11596.84,Despesa
2026-04-28,CLI0163,PRD0070,V021,CC09,FOR0098,DOC100896,8821.47,Despesa
2023-03-08,CLI0273,PRD0011,V008,CC01,,DOC100897,24366.07,Receita
2024-01-13,CLI0135,PRD0165,V025,CC06,FOR0066,DOC100898,15296.7,Despesa
2024-07-16,CLI0168,PRD0167,V008,CC02,FOR0033,DOC100899,16544.56,Despesa
2023-06-24,CLI0037,PRD0123,V020,CC09,FOR0053,DOC100900,3047.55,Despesa
2026-08-22,CLI0297,PRD0136,V020,CC10,FOR0055,DOC100901,15596.09,Despesa
2026-09-09,CLI0011,PRD0097,V024,CC01,,DOC100902,29996.42,Receita
2024-01-06,CLI0055,PRD0195,V011,CC03,FOR0014,DOC100903,12139.56,Despesa
2023-10-29,CLI0221,PRD0008,V029,CC09,FOR0028,DOC100904,5739.39,Despesa
2024-10-27,CLI0007,PRD0102,V001,CC10,FOR0008,DOC100905,21570.75,Despesa
2023-01-05,CLI0275,PRD0068,V007,CC02,FOR0098,DOC100906,4035.52,Despesa
2023-08-26,CLI0064,PRD0097,V028,CC06,FOR0053,DOC100907,26586.24,Despesa
2026-04-17,CLI0179,PRD0130,V026,CC04,FOR0047,DOC100908,9572.93,Despesa
2025-09-08,CLI0280,PRD0010,V015,CC10,,DOC100909,3774.17,Receita
2023-08-23,CLI0031,PRD0065,V005,CC03,,DOC100910,9472.9,Receita
2023-12-10,CLI0243,PRD0119,V007,CC04,FOR0020,DOC100911,4089.14,Despesa
2026-05-22,CLI0296,PRD0190,V025,CC07,,DOC100912,16645.73,Receita
2024-09-12,CLI0265,PRD0111,V028,CC05,FOR0055,DOC100913,11508.71,Despesa
2023-06-18,CLI0110,PRD0106,V001,CC07,FOR0049,DOC100914,1756.15,Despesa
2026-08-07,CLI0232,PRD0025,V022,CC01,,DOC100915,10808.31,Receita
2024-05-18,CLI0188,PRD0092,V024,CC01,,DOC100916,20311.4,Receita
2026-10-22,CLI0052,PRD0065,V015,CC07,FOR0044,DOC100917,24730.28,Despesa
2024-07-24,CLI0129,PRD0052,V014,CC05,FOR0093,DOC100918,13608.34,Despesa
2025-12-29,CLI0213,PRD0185,V008,CC07,FOR0022,DOC100919,29938.63,Despesa
2023-07-07,CLI0158,PRD0122,V014,CC01,FOR0086,DOC100920,4005.75,Despesa
2025-05-29,CLI0260,PRD0179,V007,CC09,,DOC100921,1043.23,Receita
2024-10-23,CLI0062,PRD0003,V017,CC07,FOR0097,DOC100922,17621.33,Despesa
2025-08-03,CLI0007,PRD0083,V028,CC10,,DOC100923,10597.18,Receita
2025-01-13,CLI0297,PRD0147,V022,CC05,FOR0091,DOC100924,4756.3,Despesa
2025-05-11,CLI0015,PRD0184,V030,CC02,FOR0088,DOC100925,4641.56,Despesa
2025-06-27,CLI0075,PRD0040,V027,CC01,,DOC100926,24319.05,Receita
2025-04-05,CLI0116,PRD0129,V003,CC02,FOR0061,DOC100927,19285.28,Despesa
2026-11-20,CLI0298,PRD0069,V002,CC01,FOR0047,DOC100928,13519.65,Despesa
2024-08-14,CLI0024,PRD0046,V012,CC07,,DOC100929,26091.53,Receita
2025-04-09,CLI0189,PRD0005,V029,CC04,FOR0015,DOC100930,24688.09,Despesa
2025-03-06,CLI0183,PRD0160,V002,CC05,,DOC100931,3663.24,Receita
2024-06-18,CLI0224,PRD0014,V002,CC05,,DOC100932,22152.57,Receita
2023-02-13,CLI0142,PRD0016,V006,CC04,FOR0028,DOC100933,29341.38,Despesa
2026-06-24,CLI0106,PRD0193,V017,CC01,,DOC100934,6486.23,Receita
2026-04-08,CLI0161,PRD0179,V010,CC08,,DOC100935,3594.82,Receita
2026-10-06,CLI0220,PRD0154,V028,CC05,FOR0047,DOC100936,5729.5,Despesa
2026-07-26,CLI0146,PRD0186,V017,CC09,FOR0090,DOC100937,21711.68,Despesa
2024-11-12,CLI0277,PRD0178,V030,CC02,FOR0061,DOC100938,16942.36,Despesa
2025-03-07,CLI0163,PRD0133,V018,CC09,,DOC100939,16539.43,Receita
2024-01-08,CLI0098,PRD0135,V018,CC07,FOR0015,DOC100940,25905.76,Despesa
2026-03-15,CLI0171,PRD0083,V010,CC06,,DOC100941,11909.53,Receita
2023-03-16,CLI0188,PRD0153,V014,CC06,,DOC100942,2159.55,Receita
2023-09-28,CLI0284,PRD0096,V008,CC07,,DOC100943,13535.11,Receita
2025-01-13,CLI0027,PRD0046,V026,CC04,,DOC100944,27994.02,Receita
2026-07-10,CLI0085,PRD0138,V002,CC09,FOR0089,DOC100945,278.5,Despesa
2026-02-22,CLI0232,PRD0006,V022,CC03,,DOC100946,1293.72,Receita
2026-12-01,CLI0266,PRD0099,V006,CC07,,DOC100947,9073.63,Receita
2024-04-18,CLI0189,PRD0182,V007,CC05,FOR0065,DOC100948,6646.96,Despesa
2023-03-19,CLI0073,PRD0033,V004,CC03,,DOC100949,9185.1,Receita
2026-12-26,CLI0237,PRD0093,V009,CC08,,DOC100950,2258.82,Receita
2023-11-13,CLI0257,PRD0151,V002,CC08,,DOC100951,26309.47,Receita
2026-03-06,CLI0262,PRD0163,V009,CC09,,DOC100952,22876.92,Receita
2026-07-27,CLI0204,PRD0163,V021,CC09,,DOC100953,20511.96,Receita
2024-02-11,CLI0102,PRD0089,V027,CC02,,DOC100954,13124.9,Receita
2023-02-12,CLI0160,PRD0035,V008,CC05,FOR0081,DOC100955,27645.52,Despesa
2024-01-24,CLI0137,PRD0147,V026,CC06,,DOC100956,11500.2,Receita
2026-02-25,CLI0247,PRD0184,V017,CC04,,DOC100957,6164.37,Receita
2025-01-14,CLI0126,PRD0179,V025,CC08,,DOC100958,4669.39,Receita
2025-04-27,CLI0203,PRD0150,V026,CC03,FOR0047,DOC100959,6043.48,Despesa
2026-09-09,CLI0257,PRD0157,V002,CC10,,DOC100960,7954.8,Receita
2023-08-06,CLI0079,PRD0007,V006,CC01,FOR0019,DOC100961,8992.65,Despesa
2026-08-28,CLI0162,PRD0071,V013,CC09,FOR0078,DOC100962,17131.93,Despesa
2023-09-29,CLI0205,PRD0072,V009,CC03,FOR0013,DOC100963,11188.42,Despesa
2025-04-09,CLI0275,PRD0051,V001,CC06,FOR0046,DOC100964,3221.71,Despesa
2024-03-23,CLI0092,PRD0002,V028,CC09,,DOC100965,23692.59,Receita
2023-03-24,CLI0280,PRD0034,V004,CC02,,DOC100966,942.89,Receita
2026-10-28,CLI0222,PRD0164,V025,CC01,FOR0008,DOC100967,2011.43,Despesa
2025-12-13,CLI0139,PRD0174,V030,CC04,FOR0014,DOC100968,2625.37,Despesa
2023-01-29,CLI0152,PRD0054,V030,CC04,FOR0064,DOC100969,5934.23,Despesa
2025-04-10,CLI0108,PRD0082,V022,CC09,FOR0046,DOC100970,22050.51,Despesa
2023-07-19,CLI0255,PRD0195,V003,CC09,FOR0091,DOC100971,13577.44,Despesa
2023-12-22,CLI0238,PRD0034,V020,CC08,,DOC100972,18522.86,Receita
2023-12-02,CLI0133,PRD0120,V018,CC01,FOR0083,DOC100973,28040.81,Despesa
2024-07-09,CLI0236,PRD0171,V019,CC01,FOR0084,DOC100974,12051.6,Despesa
2023-09-24,CLI0094,PRD0135,V001,CC05,,DOC100975,24895.64,Receita
2024-12-28,CLI0084,PRD0067,V022,CC08,,DOC100976,13083.1,Receita
2023-09-30,CLI0089,PRD0008,V016,CC04,,DOC100977,15680.19,Receita
2023-12-27,CLI0269,PRD0145,V001,CC02,,DOC100978,23249.55,Receita
2024-07-09,CLI0039,PRD0177,V007,CC03,FOR0036,DOC100979,21271.77,Despesa
2023-04-28,CLI0284,PRD0177,V023,CC04,FOR0035,DOC100980,28275.47,Despesa
2023-04-19,CLI0058,PRD0097,V014,CC07,FOR0004,DOC100981,17837.1,Despesa
2024-02-21,CLI0106,PRD0024,V011,CC09,,DOC100982,5019.56,Receita
2025-05-02,CLI0024,PRD0130,V019,CC02,,DOC100983,12918.32,Receita
2024-04-17,CLI0049,PRD0113,V010,CC05,,DOC100984,9944.83,Receita
2024-09-06,CLI0225,PRD0081,V015,CC08,,DOC100985,10641.83,Receita
2024-04-14,CLI0119,PRD0137,V010,CC09,FOR0035,DOC100986,8081.86,Despesa
2023-06-05,CLI0282,PRD0064,V003,CC10,FOR0098,DOC100987,265.29,Despesa
2024-01-19,CLI0166,PRD0122,V006,CC04,,DOC100988,29548.29,Receita
2024-03-10,CLI0201,PRD0178,V009,CC08,FOR0091,DOC100989,21094.45,Despesa
2024-08-21,CLI0110,PRD0165,V022,CC01,,DOC100990,28781.88,Receita
2023-08-25,CLI0148,PRD0008,V026,CC06,FOR0078,DOC100991,11292.63,Despesa
2026-09-28,CLI0030,PRD0160,V023,CC03,FOR0042,DOC100992,24734.46,Despesa
2025-07-16,CLI0005,PRD0044,V023,CC06,FOR0091,DOC100993,474.91,Despesa
2023-08-13,CLI0023,PRD0153,V011,CC04,,DOC100994,13412.85,Receita
2024-03-04,CLI0083,PRD0017,V012,CC05,FOR0045,DOC100995,2447.07,Despesa
2024-02-06,CLI0075,PRD0042,V004,CC08,FOR0004,DOC100996,15059.89,Despesa
2024-10-07,CLI0165,PRD0057,V015,CC08,,DOC100997,2376.69,Receita
2023-09-06,CLI0264,PRD0199,V008,CC06,,DOC100998,20028.29,Receita
2024-11-30,CLI0070,PRD0129,V007,CC08,FOR0009,DOC100999,26525.06,Despesa
2025-01-03,CLI0105,PRD0043,V016,CC07,,DOC101000,8252.67,Receita
2025-06-16,CLI0093,PRD0050,V014,CC01,FOR0087,DOC101001,5392.92,Despesa
2026-11-27,CLI0243,PRD0069,V008,CC09,,DOC101002,21231.69,Receita
2026-08-22,CLI0254,PRD0095,V008,CC10,FOR0035,DOC101003,1303.08,Despesa
2024-03-15,CLI0209,PRD0192,V027,CC04,,DOC101004,5609.51,Receita
2026-09-11,CLI0004,PRD0103,V009,CC09,,DOC101005,8719.96,Receita
2025-07-10,CLI0200,PRD0141,V013,CC03,FOR0010,DOC101006,18818.49,Despesa
2024-11-07,CLI0120,PRD0012,V001,CC03,FOR0047,DOC101007,26072.71,Despesa
2024-12-30,CLI0093,PRD0054,V029,CC04,,DOC101008,11812.93,Receita
2023-01-19,CLI0013,PRD0003,V030,CC09,FOR0077,DOC101009,13691.3,Despesa
2026-02-05,CLI0082,PRD0035,V009,CC03,FOR0059,DOC101010,24245.29,Despesa
2023-11-06,CLI0284,PRD0048,V016,CC05,FOR0006,DOC101011,16370.85,Despesa
2024-06-12,CLI0270,PRD0029,V006,CC02,FOR0095,DOC101012,27335.33,Despesa
2025-06-17,CLI0059,PRD0034,V014,CC01,,DOC101013,11730.48,Receita
2024-09-24,CLI0148,PRD0103,V016,CC06,,DOC101014,13714.65,Receita
2026-12-13,CLI0154,PRD0180,V028,CC02,FOR0038,DOC101015,5313.55,Despesa
2025-09-12,CLI0056,PRD0127,V005,CC01,,DOC101016,16278.55,Receita
2026-08-07,CLI0182,PRD0051,V024,CC10,FOR0064,DOC101017,14902.33,Despesa
2024-08-02,CLI0220,PRD0068,V026,CC05,FOR0058,DOC101018,1460.17,Despesa
2024-05-10,CLI0289,PRD0123,V005,CC02,FOR0063,DOC101019,7401.39,Despesa
2023-09-27,CLI0261,PRD0079,V017,CC09,,DOC101020,25906.96,Receita
2025-03-04,CLI0057,PRD0123,V012,CC09,,DOC101021,3449.49,Receita
2026-05-27,CLI0228,PRD0077,V010,CC09,FOR0016,DOC101022,3966.24,Despesa
2024-01-17,CLI0055,PRD0024,V006,CC06,,DOC101023,25113.85,Receita
2026-11-29,CLI0044,PRD0114,V004,CC08,FOR0017,DOC101024,28386.55,Despesa
2026-05-12,CLI0276,PRD0110,V006,CC07,,DOC101025,2504.92,Receita
2025-08-25,CLI0059,PRD0171,V026,CC10,,DOC101026,19558.48,Receita
2025-08-31,CLI0004,PRD0096,V016,CC07,FOR0094,DOC101027,10334.52,Despesa
2024-04-07,CLI0257,PRD0159,V002,CC04,FOR0031,DOC101028,5716.73,Despesa
2024-03-21,CLI0140,PRD0090,V010,CC05,,DOC101029,24937.08,Receita
2023-04-01,CLI0153,PRD0181,V016,CC05,,DOC101030,25859.63,Receita
2024-09-14,CLI0205,PRD0015,V022,CC02,FOR0002,DOC101031,15116.29,Despesa
2026-07-22,CLI0040,PRD0177,V029,CC06,FOR0010,DOC101032,5464.71,Despesa
2025-11-19,CLI0274,PRD0033,V018,CC08,,DOC101033,6676.41,Receita
2023-10-29,CLI0188,PRD0078,V020,CC08,,DOC101034,17511.54,Receita
2025-04-23,CLI0117,PRD0035,V024,CC05,,DOC101035,28144.16,Receita
2024-04-27,CLI0104,PRD0107,V027,CC01,,DOC101036,27127.45,Receita
2023-09-27,CLI0126,PRD0001,V008,CC09,FOR0028,DOC101037,14503.21,Despesa
2026-03-01,CLI0143,PRD0180,V004,CC03,,DOC101038,22237.87,Receita
2023-02-21,CLI0132,PRD0142,V005,CC06,FOR0020,DOC101039,102.09,Despesa
2024-12-26,CLI0039,PRD0129,V006,CC09,FOR0054,DOC101040,22458.07,Despesa
2026-04-24,CLI0236,PRD0084,V007,CC06,FOR0061,DOC101041,12333.4,Despesa
2026-12-12,CLI0166,PRD0183,V019,CC08,,DOC101042,9238.1,Receita
2025-03-19,CLI0246,PRD0150,V002,CC09,FOR0023,DOC101043,27495.97,Despesa
2025-03-10,CLI0012,PRD0006,V016,CC04,,DOC101044,5802.74,Receita
2024-12-19,CLI0266,PRD0100,V013,CC09,,DOC101045,1971.69,Receita
2024-10-11,CLI0130,PRD0056,V013,CC07,FOR0004,DOC101046,10860.05,Despesa
2025-04-29,CLI0220,PRD0105,V003,CC02,,DOC101047,28234.51,Receita
2025-12-02,CLI0286,PRD0141,V002,CC10,FOR0050,DOC101048,12949.41,Despesa
2025-07-21,CLI0010,PRD0197,V015,CC10,FOR0021,DOC101049,22326.81,Despesa
2023-03-31,CLI0104,PRD0001,V022,CC07,,DOC101050,26604.36,Receita
2026-11-06,CLI0208,PRD0139,V028,CC04,FOR0070,DOC101051,24755.67,Despesa
2023-11-16,CLI0135,PRD0018,V015,CC09,,DOC101052,16255.89,Receita
2023-06-29,CLI0224,PRD0164,V020,CC06,FOR0061,DOC101053,21756.82,Despesa
2023-11-03,CLI0173,PRD0050,V026,CC08,FOR0070,DOC101054,6051.48,Despesa
2024-09-28,CLI0009,PRD0132,V023,CC04,FOR0090,DOC101055,109.5,Despesa
2023-09-05,CLI0088,PRD0130,V009,CC02,FOR0061,DOC101056,12780.75,Despesa
2024-05-02,CLI0200,PRD0093,V026,CC08,,DOC101057,14745.96,Receita
2025-05-06,CLI0296,PRD0182,V004,CC03,,DOC101058,9135.63,Receita
2023-08-24,CLI0112,PRD0065,V008,CC08,FOR0075,DOC101059,26295.94,Despesa
2023-01-30,CLI0184,PRD0064,V024,CC03,FOR0001,DOC101060,2929.11,Despesa
2026-08-21,CLI0032,PRD0122,V013,CC05,,DOC101061,19895.99,Receita
2025-03-29,CLI0205,PRD0165,V011,CC08,,DOC101062,5305.4,Receita
2026-12-03,CLI0228,PRD0014,V004,CC09,FOR0020,DOC101063,20831.13,Despesa
2023-04-25,CLI0291,PRD0166,V022,CC04,,DOC101064,23181.06,Receita
2023-12-15,CLI0027,PRD0045,V017,CC07,,DOC101065,17245.89,Receita
2026-09-25,CLI0251,PRD0134,V008,CC08,FOR0034,DOC101066,8500.08,Despesa
2023-09-08,CLI0175,PRD0007,V002,CC04,,DOC101067,19051.8,Receita
2026-07-11,CLI0197,PRD0007,V018,CC05,,DOC101068,2331.18,Receita
2024-08-15,CLI0007,PRD0056,V018,CC09,,DOC101069,29181.39,Receita
2024-06-01,CLI0176,PRD0063,V030,CC04,FOR0025,DOC101070,20728.1,Despesa
2023-05-17,CLI0032,PRD0019,V016,CC05,FOR0063,DOC101071,19281.16,Despesa
2023-11-01,CLI0256,PRD0045,V001,CC01,,DOC101072,2968.93,Receita
2026-03-31,CLI0133,PRD0172,V023,CC09,,DOC101073,12521.82,Receita
2026-05-31,CLI0139,PRD0182,V024,CC09,FOR0027,DOC101074,20858.74,Despesa
2026-02-14,CLI0284,PRD0136,V026,CC01,FOR0008,DOC101075,22314.26,Despesa
2025-10-23,CLI0242,PRD0107,V021,CC08,FOR0077,DOC101076,26885.65,Despesa
2025-06-29,CLI0071,PRD0189,V028,CC08,FOR0031,DOC101077,21100.66,Despesa
2026-02-23,CLI0062,PRD0055,V013,CC05,FOR0057,DOC101078,7730.62,Despesa
2026-10-28,CLI0113,PRD0053,V009,CC06,,DOC101079,9319.83,Receita
2023-08-07,CLI0274,PRD0192,V022,CC10,FOR0072,DOC101080,987.29,Despesa
2026-04-09,CLI0086,PRD0180,V013,CC09,FOR0046,DOC101081,24526.21,Despesa
2023-05-19,CLI0015,PRD0013,V007,CC03,,DOC101082,24422.6,Receita
2023-05-19,CLI0048,PRD0044,V027,CC03,FOR0093,DOC101083,10509.77,Despesa
2023-05-19,CLI0205,PRD0095,V014,CC02,FOR0045,DOC101084,12430.75,Despesa
2025-05-22,CLI0067,PRD0185,V008,CC10,,DOC101085,22345.12,Receita
2026-05-23,CLI0270,PRD0079,V014,CC07,FOR0002,DOC101086,18367.39,Despesa
2026-09-17,CLI0273,PRD0042,V009,CC10,FOR0054,DOC101087,18592.28,Despesa
2026-02-19,CLI0047,PRD0019,V002,CC10,FOR0007,DOC101088,15243.07,Despesa
2026-04-10,CLI0167,PRD0072,V019,CC05,FOR0013,DOC101089,20220.93,Despesa
2026-02-27,CLI0059,PRD0100,V021,CC05,,DOC101090,28072.79,Receita
2024-01-18,CLI0080,PRD0044,V019,CC03,,DOC101091,16013.75,Receita
2023-03-04,CLI0037,PRD0109,V025,CC02,FOR0008,DOC101092,14653.99,Despesa
2025-06-18,CLI0153,PRD0193,V021,CC09,FOR0070,DOC101093,18715.18,Despesa
2026-05-04,CLI0194,PRD0196,V004,CC01,FOR0026,DOC101094,27814.68,Despesa
2023-08-14,CLI0255,PRD0200,V026,CC03,FOR0026,DOC101095,14618.88,Despesa
2024-01-16,CLI0174,PRD0154,V009,CC07,FOR0023,DOC101096,11581.71,Despesa
2026-07-28,CLI0263,PRD0094,V021,CC08,,DOC101097,20753.9,Receita
2026-03-06,CLI0265,PRD0125,V030,CC02,FOR0045,DOC101098,958.48,Despesa
2023-08-18,CLI0138,PRD0021,V013,CC10,,DOC101099,20185.59,Receita
2024-12-13,CLI0240,PRD0102,V013,CC03,,DOC101100,28042.67,Receita
2026-05-16,CLI0242,PRD0139,V026,CC09,FOR0052,DOC101101,16765.05,Despesa
2024-10-22,CLI0042,PRD0159,V012,CC08,,DOC101102,9377.0,Receita
2023-02-13,CLI0230,PRD0016,V021,CC08,,DOC101103,23813.82,Receita
2025-10-21,CLI0095,PRD0109,V019,CC01,FOR0025,DOC101104,14052.41,Despesa
2024-12-15,CLI0021,PRD0053,V019,CC09,FOR0060,DOC101105,10397.67,Despesa
2024-09-26,CLI0017,PRD0097,V020,CC03,FOR0027,DOC101106,10421.54,Despesa
2023-10-30,CLI0181,PRD0112,V001,CC06,,DOC101107,23854.98,Receita
2025-07-19,CLI0050,PRD0105,V009,CC02,,DOC101108,24760.38,Receita
2024-05-12,CLI0189,PRD0186,V003,CC07,,DOC101109,24385.45,Receita
2024-01-23,CLI0190,PRD0080,V030,CC02,,DOC101110,14050.54,Receita
2026-04-03,CLI0194,PRD0194,V003,CC04,,DOC101111,16311.34,Receita
2023-05-22,CLI0248,PRD0074,V027,CC10,,DOC101112,25844.08,Receita
2023-09-30,CLI0131,PRD0123,V001,CC04,FOR0015,DOC101113,2434.85,Despesa
2025-05-05,CLI0263,PRD0057,V022,CC05,,DOC101114,14795.91,Receita
2024-04-03,CLI0139,PRD0118,V002,CC10,,DOC101115,29229.74,Receita
2024-10-26,CLI0028,PRD0095,V018,CC10,FOR0094,DOC101116,21339.98,Despesa
2025-12-26,CLI0150,PRD0070,V020,CC10,FOR0041,DOC101117,22767.64,Despesa
2023-12-25,CLI0207,PRD0050,V001,CC01,,DOC101118,5727.4,Receita
2026-01-15,CLI0160,PRD0176,V029,CC10,FOR0078,DOC101119,16147.75,Despesa
2026-06-11,CLI0144,PRD0002,V023,CC09,FOR0026,DOC101120,29245.96,Despesa
2025-08-13,CLI0028,PRD0160,V019,CC01,,DOC101121,5235.06,Receita
2026-03-31,CLI0153,PRD0175,V029,CC05,FOR0086,DOC101122,5939.91,Despesa
2024-06-21,CLI0299,PRD0120,V017,CC06,FOR0031,DOC101123,3912.8,Despesa
2026-12-16,CLI0226,PRD0176,V020,CC06,,DOC101124,9399.99,Receita
2026-05-30,CLI0109,PRD0073,V004,CC05,,DOC101125,25765.83,Receita
2026-06-26,CLI0096,PRD0004,V019,CC10,FOR0008,DOC101126,29998.21,Despesa
2023-02-24,CLI0227,PRD0127,V003,CC01,,DOC101127,26064.93,Receita
2024-01-01,CLI0140,PRD0005,V008,CC02,FOR0049,DOC101128,22729.84,Despesa
2024-01-30,CLI0216,PRD0112,V030,CC02,FOR0070,DOC101129,24513.0,Despesa
2024-11-02,CLI0265,PRD0001,V011,CC05,FOR0091,DOC101130,13901.87,Despesa
2025-10-12,CLI0042,PRD0163,V001,CC01,FOR0018,DOC101131,12805.34,Despesa
2026-09-17,CLI0277,PRD0190,V009,CC04,FOR0074,DOC101132,6432.33,Despesa
2025-11-17,CLI0238,PRD0060,V017,CC07,,DOC101133,8766.61,Receita
2025-01-05,CLI0200,PRD0099,V029,CC08,FOR0012,DOC101134,18058.4,Despesa
2025-08-07,CLI0243,PRD0062,V003,CC04,,DOC101135,24583.37,Receita
2024-12-25,CLI0132,PRD0093,V028,CC06,,DOC101136,22087.91,Receita
2024-04-16,CLI0277,PRD0197,V028,CC06,,DOC101137,1305.67,Receita
2025-04-20,CLI0055,PRD0162,V022,CC06,FOR0075,DOC101138,27101.02,Despesa
2025-08-22,CLI0094,PRD0050,V013,CC03,FOR0015,DOC101139,26610.3,Despesa
2024-06-21,CLI0211,PRD0135,V010,CC08,,DOC101140,20688.07,Receita
2025-10-17,CLI0120,PRD0097,V016,CC03,,DOC101141,26755.76,Receita
2025-11-19,CLI0007,PRD0030,V001,CC10,FOR0098,DOC101142,28623.34,Despesa
2024-09-27,CLI0172,PRD0039,V026,CC10,,DOC101143,20090.41,Receita
2023-09-05,CLI0265,PRD0035,V018,CC03,FOR0058,DOC101144,968.95,Despesa
2026-01-01,CLI0205,PRD0127,V001,CC02,FOR0003,DOC101145,19211.87,Despesa
2023-04-01,CLI0128,PRD0055,V007,CC07,FOR0029,DOC101146,20701.81,Despesa
2026-01-15,CLI0062,PRD0075,V009,CC05,,DOC101147,3139.15,Receita
2026-04-25,CLI0109,PRD0096,V025,CC07,,DOC101148,25031.7,Receita
2026-07-07,CLI0092,PRD0198,V030,CC07,,DOC101149,14875.16,Receita
2025-06-09,CLI0156,PRD0023,V001,CC03,,DOC101150,21236.93,Receita
2026-06-26,CLI0164,PRD0170,V010,CC07,FOR0058,DOC101151,5490.1,Despesa
2023-03-28,CLI0144,PRD0054,V009,CC04,FOR0066,DOC101152,2895.69,Despesa
2023-06-08,CLI0240,PRD0142,V025,CC09,FOR0033,DOC101153,4863.01,Despesa
2024-07-14,CLI0067,PRD0066,V027,CC06,FOR0048,DOC101154,14152.06,Despesa
2024-07-02,CLI0120,PRD0070,V029,CC08,FOR0063,DOC101155,9976.88,Despesa
2023-08-30,CLI0150,PRD0009,V013,CC05,,DOC101156,200.99,Receita
2025-10-25,CLI0289,PRD0197,V012,CC09,,DOC101157,25801.93,Receita
2026-05-10,CLI0278,PRD0104,V026,CC04,,DOC101158,23235.45,Receita
2023-09-11,CLI0062,PRD0172,V030,CC04,,DOC101159,26803.84,Receita
2025-06-20,CLI0272,PRD0019,V005,CC01,FOR0085,DOC101160,16191.28,Despesa
2024-10-24,CLI0248,PRD0003,V003,CC06,,DOC101161,27075.29,Receita
2023-11-23,CLI0112,PRD0099,V021,CC08,FOR0095,DOC101162,24702.02,Despesa
2025-05-14,CLI0086,PRD0016,V010,CC10,,DOC101163,15744.21,Receita
2026-02-14,CLI0194,PRD0068,V008,CC03,FOR0033,DOC101164,16652.34,Despesa
2023-12-05,CLI0197,PRD0021,V006,CC04,,DOC101165,19398.06,Receita
2025-06-30,CLI0168,PRD0199,V025,CC07,FOR0047,DOC101166,29827.32,Despesa
2024-02-02,CLI0243,PRD0164,V016,CC05,FOR0076,DOC101167,1162.41,Despesa
2023-11-02,CLI0231,PRD0106,V014,CC05,,DOC101168,2138.51,Receita
2023-11-19,CLI0062,PRD0055,V021,CC05,FOR0043,DOC101169,20692.45,Despesa
2025-01-19,CLI0076,PRD0091,V005,CC01,FOR0065,DOC101170,29897.57,Despesa
2025-08-01,CLI0295,PRD0064,V001,CC05,,DOC101171,1891.1,Receita
2025-03-05,CLI0009,PRD0142,V014,CC06,FOR0017,DOC101172,10246.2,Despesa
2023-12-28,CLI0277,PRD0052,V006,CC01,FOR0019,DOC101173,1385.34,Despesa
2026-10-03,CLI0080,PRD0106,V019,CC01,,DOC101174,1878.79,Receita
2024-08-19,CLI0020,PRD0073,V028,CC10,FOR0026,DOC101175,10288.0,Despesa
2023-02-04,CLI0111,PRD0050,V005,CC03,FOR0002,DOC101176,28849.07,Despesa
2024-11-03,CLI0157,PRD0047,V028,CC07,FOR0025,DOC101177,16506.88,Despesa
2023-11-20,CLI0080,PRD0049,V009,CC05,FOR0017,DOC101178,1219.92,Despesa
2026-07-31,CLI0242,PRD0112,V018,CC07,FOR0053,DOC101179,2692.29,Despesa
2025-12-10,CLI0297,PRD0152,V010,CC09,,DOC101180,22607.59,Receita
2025-06-25,CLI0203,PRD0065,V022,CC04,,DOC101181,5895.92,Receita
2025-03-23,CLI0291,PRD0200,V007,CC06,FOR0034,DOC101182,21085.69,Despesa
2024-10-25,CLI0163,PRD0054,V011,CC09,FOR0075,DOC101183,6461.91,Despesa
2025-08-25,CLI0186,PRD0195,V012,CC03,FOR0052,DOC101184,6446.73,Despesa
2023-09-16,CLI0161,PRD0053,V008,CC04,,DOC101185,26439.3,Receita
2024-01-28,CLI0145,PRD0149,V003,CC04,FOR0091,DOC101186,1479.91,Despesa
2024-09-18,CLI0080,PRD0087,V010,CC03,FOR0064,DOC101187,25656.99,Despesa
2025-07-10,CLI0053,PRD0085,V017,CC06,,DOC101188,22490.35,Receita
2025-01-26,CLI0005,PRD0160,V005,CC06,FOR0047,DOC101189,17013.27,Despesa
2025-01-08,CLI0242,PRD0100,V018,CC06,,DOC101190,2438.92,Receita
2023-03-03,CLI0154,PRD0093,V022,CC09,FOR0036,DOC101191,26512.08,Despesa
2024-09-11,CLI0001,PRD0030,V019,CC01,FOR0057,DOC101192,14129.34,Despesa
2023-11-04,CLI0160,PRD0165,V011,CC03,,DOC101193,10241.54,Receita
2024-12-08,CLI0035,PRD0005,V009,CC06,,DOC101194,21315.37,Receita
2026-10-17,CLI0171,PRD0186,V024,CC07,FOR0068,DOC101195,4593.28,Despesa
2025-08-27,CLI0037,PRD0044,V005,CC07,,DOC101196,23366.54,Receita
2024-12-10,CLI0233,PRD0036,V023,CC09,FOR0047,DOC101197,29366.81,Despesa
2025-12-11,CLI0206,PRD0181,V021,CC08,,DOC101198,14623.27,Receita
2026-12-24,CLI0172,PRD0184,V019,CC04,,DOC101199,3768.63,Receita
2023-09-27,CLI0092,PRD0130,V018,CC03,FOR0002,DOC101200,29803.52,Despesa
2025-02-28,CLI0126,PRD0144,V020,CC06,FOR0073,DOC101201,16761.62,Despesa
2026-02-02,CLI0072,PRD0169,V016,CC09,FOR0050,DOC101202,15517.45,Despesa
2023-11-07,CLI0259,PRD0145,V027,CC08,,DOC101203,5739.61,Receita
2026-07-05,CLI0166,PRD0158,V026,CC09,FOR0004,DOC101204,467.1,Despesa
2026-12-26,CLI0155,PRD0038,V027,CC06,,DOC101205,23666.78,Receita
2024-11-17,CLI0088,PRD0123,V028,CC03,,DOC101206,18461.57,Receita
2023-12-26,CLI0109,PRD0027,V025,CC07,,DOC101207,5260.55,Receita
2024-12-11,CLI0092,PRD0015,V013,CC04,,DOC101208,2223.14,Receita
2024-08-30,CLI0217,PRD0190,V025,CC02,FOR0064,DOC101209,14124.66,Despesa
2023-10-07,CLI0222,PRD0134,V023,CC08,FOR0011,DOC101210,23165.38,Despesa
2023-12-05,CLI0043,PRD0139,V025,CC04,,DOC101211,12826.32,Receita
2025-05-05,CLI0248,PRD0191,V023,CC08,FOR0088,DOC101212,18010.41,Despesa
2024-07-07,CLI0119,PRD0131,V030,CC07,FOR0007,DOC101213,10357.51,Despesa
2025-05-29,CLI0053,PRD0023,V022,CC03,FOR0087,DOC101214,8398.73,Despesa
2024-10-02,CLI0117,PRD0177,V002,CC07,FOR0076,DOC101215,17761.87,Despesa
2024-06-10,CLI0282,PRD0059,V011,CC05,,DOC101216,5378.71,Receita
2026-04-13,CLI0020,PRD0155,V006,CC04,,DOC101217,23307.02,Receita
2023-11-29,CLI0280,PRD0194,V010,CC07,FOR0047,DOC101218,9762.26,Despesa
2023-08-16,CLI0040,PRD0014,V022,CC07,,DOC101219,14766.52,Receita
2025-02-03,CLI0098,PRD0072,V017,CC04,,DOC101220,14275.32,Receita
2025-07-11,CLI0288,PRD0152,V003,CC07,FOR0084,DOC101221,24958.88,Despesa
2026-03-06,CLI0013,PRD0014,V026,CC09,FOR0092,DOC101222,8612.04,Despesa
2026-07-14,CLI0107,PRD0016,V030,CC04,FOR0069,DOC101223,16278.45,Despesa
2023-07-02,CLI0054,PRD0036,V002,CC01,,DOC101224,21717.86,Receita
2026-06-14,CLI0272,PRD0007,V010,CC02,,DOC101225,3679.21,Receita
2025-08-23,CLI0079,PRD0035,V016,CC07,FOR0089,DOC101226,129.79,Despesa
2026-04-05,CLI0277,PRD0071,V007,CC05,FOR0008,DOC101227,22264.36,Despesa
2025-06-24,CLI0074,PRD0197,V029,CC01,FOR0038,DOC101228,28450.93,Despesa
2025-06-22,CLI0229,PRD0131,V022,CC06,FOR0036,DOC101229,14215.62,Despesa
2023-08-07,CLI0027,PRD0100,V016,CC08,,DOC101230,21490.45,Receita
2023-09-27,CLI0083,PRD0186,V026,CC06,,DOC101231,18185.42,Receita
2023-01-17,CLI0281,PRD0033,V027,CC01,FOR0065,DOC101232,22908.6,Despesa
2026-05-11,CLI0045,PRD0145,V017,CC06,FOR0027,DOC101233,16492.81,Despesa
2025-04-14,CLI0137,PRD0152,V009,CC03,,DOC101234,29476.13,Receita
2026-10-25,CLI0224,PRD0142,V026,CC05,FOR0093,DOC101235,17724.64,Despesa
2024-02-10,CLI0057,PRD0193,V022,CC10,FOR0011,DOC101236,11004.41,Despesa
2023-02-12,CLI0256,PRD0078,V029,CC03,,DOC101237,4368.5,Receita
2023-01-10,CLI0049,PRD0083,V005,CC10,,DOC101238,11917.92,Receita
2026-03-24,CLI0096,PRD0017,V013,CC07,,DOC101239,18644.9,Receita
2025-05-15,CLI0144,PRD0057,V001,CC05,FOR0030,DOC101240,26229.06,Despesa
2025-04-22,CLI0276,PRD0153,V018,CC07,FOR0079,DOC101241,22531.89,Despesa
2026-07-01,CLI0260,PRD0136,V026,CC05,FOR0093,DOC101242,27213.75,Despesa
2023-06-03,CLI0175,PRD0147,V023,CC07,,DOC101243,25447.56,Receita
2023-11-30,CLI0151,PRD0175,V020,CC08,,DOC101244,28508.61,Receita
2025-01-24,CLI0017,PRD0181,V022,CC01,,DOC101245,24875.26,Receita
2023-02-15,CLI0294,PRD0063,V007,CC08,,DOC101246,23640.37,Receita
2024-03-03,CLI0191,PRD0146,V006,CC03,,DOC101247,24863.52,Receita
2026-12-14,CLI0281,PRD0022,V024,CC08,FOR0074,DOC101248,5480.47,Despesa
2026-09-10,CLI0254,PRD0184,V018,CC06,FOR0027,DOC101249,10544.43,Despesa
2026-06-09,CLI0196,PRD0022,V009,CC04,,DOC101250,6278.24,Receita
2026-10-04,CLI0127,PRD0073,V009,CC07,,DOC101251,22255.36,Receita
2024-09-05,CLI0060,PRD0005,V005,CC10,FOR0007,DOC101252,10954.55,Despesa
2024-08-29,CLI0086,PRD0106,V010,CC10,FOR0007,DOC101253,29322.69,Despesa
2026-09-01,CLI0069,PRD0190,V016,CC09,FOR0059,DOC101254,18693.22,Despesa
2026-05-15,CLI0047,PRD0171,V016,CC08,FOR0016,DOC101255,279.06,Despesa
2023-03-04,CLI0270,PRD0125,V009,CC04,,DOC101256,15636.16,Receita
2024-12-15,CLI0293,PRD0087,V025,CC04,FOR0032,DOC101257,13429.54,Despesa
2023-08-27,CLI0115,PRD0090,V030,CC05,FOR0040,DOC101258,28607.27,Despesa
2023-08-05,CLI0116,PRD0024,V020,CC02,FOR0060,DOC101259,25708.16,Despesa
2024-10-08,CLI0209,PRD0026,V020,CC10,FOR0010,DOC101260,1779.33,Despesa
2025-12-27,CLI0017,PRD0167,V012,CC08,,DOC101261,2049.38,Receita
2023-10-23,CLI0121,PRD0088,V016,CC03,FOR0091,DOC101262,13000.7,Despesa
2024-12-17,CLI0056,PRD0167,V025,CC08,FOR0059,DOC101263,3279.79,Despesa
2026-04-23,CLI0217,PRD0082,V026,CC08,FOR0073,DOC101264,16714.57,Despesa
2023-04-28,CLI0076,PRD0101,V007,CC03,FOR0076,DOC101265,13395.79,Despesa
2025-03-03,CLI0001,PRD0049,V015,CC10,,DOC101266,29936.19,Receita
2025-04-16,CLI0191,PRD0108,V020,CC10,FOR0004,DOC101267,29000.48,Despesa
2025-04-13,CLI0187,PRD0100,V023,CC08,FOR0017,DOC101268,7407.98,Despesa
2026-07-19,CLI0055,PRD0165,V016,CC10,FOR0027,DOC101269,5851.03,Despesa
2023-11-02,CLI0067,PRD0175,V028,CC08,,DOC101270,14935.9,Receita
2026-07-21,CLI0117,PRD0062,V013,CC07,,DOC101271,4161.74,Receita
2026-10-08,CLI0189,PRD0116,V003,CC09,FOR0063,DOC101272,20349.51,Despesa
2025-01-09,CLI0174,PRD0119,V001,CC02,,DOC101273,23755.46,Receita
2025-03-20,CLI0156,PRD0059,V012,CC01,FOR0058,DOC101274,13044.3,Despesa
2025-01-14,CLI0010,PRD0176,V014,CC10,,DOC101275,11548.68,Receita
2024-12-06,CLI0106,PRD0144,V017,CC07,FOR0035,DOC101276,26133.21,Despesa
2026-10-30,CLI0053,PRD0038,V021,CC10,FOR0099,DOC101277,7209.97,Despesa
2026-04-07,CLI0219,PRD0141,V012,CC09,FOR0046,DOC101278,3758.41,Despesa
2026-07-19,CLI0057,PRD0136,V027,CC02,FOR0062,DOC101279,21051.61,Despesa
2023-03-15,CLI0002,PRD0083,V021,CC02,FOR0059,DOC101280,24241.97,Despesa
2025-04-26,CLI0040,PRD0029,V012,CC08,FOR0026,DOC101281,5272.8,Despesa
2025-07-27,CLI0295,PRD0036,V019,CC07,,DOC101282,13137.2,Receita
2023-09-15,CLI0137,PRD0058,V006,CC10,FOR0012,DOC101283,9637.18,Despesa
2026-05-10,CLI0173,PRD0100,V025,CC06,,DOC101284,18327.98,Receita
2023-08-29,CLI0180,PRD0193,V008,CC07,FOR0062,DOC101285,7382.51,Despesa
2026-02-09,CLI0135,PRD0186,V026,CC10,,DOC101286,18952.33,Receita
2024-08-03,CLI0292,PRD0092,V001,CC09,,DOC101287,8975.68,Receita
2025-06-03,CLI0216,PRD0099,V023,CC05,FOR0021,DOC101288,1633.49,Despesa
2026-05-20,CLI0057,PRD0186,V011,CC02,,DOC101289,28597.92,Receita
2025-05-11,CLI0255,PRD0169,V011,CC06,,DOC101290,18612.57,Receita
2024-07-28,CLI0297,PRD0197,V005,CC05,FOR0021,DOC101291,6721.32,Despesa
2026-03-07,CLI0040,PRD0068,V027,CC04,,DOC101292,13902.64,Receita
2025-10-08,CLI0295,PRD0064,V004,CC07,,DOC101293,23224.94,Receita
2026-10-04,CLI0088,PRD0163,V002,CC01,FOR0052,DOC101294,23736.66,Despesa
2024-09-17,CLI0103,PRD0090,V023,CC08,FOR0007,DOC101295,10268.14,Despesa
2024-09-25,CLI0111,PRD0167,V019,CC09,FOR0059,DOC101296,18925.03,Despesa
2025-04-03,CLI0257,PRD0088,V017,CC04,,DOC101297,14432.91,Receita
2024-04-28,CLI0126,PRD0031,V018,CC09,FOR0036,DOC101298,11621.06,Despesa
2025-01-16,CLI0114,PRD0051,V009,CC04,,DOC101299,16924.81,Receita
2025-05-09,CLI0023,PRD0161,V012,CC10,FOR0066,DOC101300,29417.03,Despesa
2025-02-26,CLI0027,PRD0093,V018,CC04,FOR0052,DOC101301,6309.58,Despesa
2026-01-28,CLI0149,PRD0017,V017,CC07,,DOC101302,15813.75,Receita
2024-01-22,CLI0084,PRD0055,V018,CC03,FOR0041,DOC101303,16691.27,Despesa
2023-05-31,CLI0168,PRD0125,V011,CC04,FOR0008,DOC101304,22714.38,Despesa
2023-04-27,CLI0065,PRD0180,V022,CC09,FOR0005,DOC101305,24641.39,Despesa
2025-06-08,CLI0225,PRD0060,V012,CC08,FOR0053,DOC101306,3132.29,Despesa
2026-01-29,CLI0077,PRD0027,V029,CC05,,DOC101307,27374.17,Receita
2026-04-25,CLI0105,PRD0023,V008,CC02,,DOC101308,27753.0,Receita
2025-02-11,CLI0189,PRD0179,V007,CC04,,DOC101309,21051.04,Receita
2024-01-27,CLI0012,PRD0018,V030,CC07,,DOC101310,9058.72,Receita
2025-11-22,CLI0122,PRD0054,V030,CC06,FOR0067,DOC101311,20121.42,Despesa
2023-10-21,CLI0263,PRD0031,V024,CC05,FOR0028,DOC101312,6450.93,Despesa
2025-11-14,CLI0272,PRD0054,V007,CC04,FOR0050,DOC101313,16459.95,Despesa
2024-06-01,CLI0253,PRD0184,V026,CC04,,DOC101314,10631.2,Receita
2026-08-13,CLI0030,PRD0152,V008,CC03,,DOC101315,16575.55,Receita
2023-12-17,CLI0156,PRD0149,V013,CC07,,DOC101316,25466.66,Receita
2025-11-29,CLI0291,PRD0076,V007,CC03,FOR0054,DOC101317,15326.83,Despesa
2025-08-06,CLI0275,PRD0181,V005,CC01,,DOC101318,28194.53,Receita
2024-07-22,CLI0226,PRD0186,V010,CC07,,DOC101319,15841.83,Receita
2026-12-03,CLI0284,PRD0098,V024,CC03,,DOC101320,25906.3,Receita
2024-05-21,CLI0079,PRD0048,V026,CC06,FOR0052,DOC101321,10754.98,Despesa
2023-06-24,CLI0186,PRD0175,V009,CC04,,DOC101322,9569.63,Receita
2026-03-24,CLI0063,PRD0161,V017,CC02,FOR0003,DOC101323,25115.19,Despesa
2023-05-23,CLI0126,PRD0049,V002,CC02,FOR0078,DOC101324,26233.91,Despesa
2023-03-28,CLI0076,PRD0150,V004,CC10,FOR0058,DOC101325,5001.05,Despesa
2025-08-08,CLI0052,PRD0019,V009,CC07,FOR0064,DOC101326,2201.1,Despesa
2026-06-06,CLI0056,PRD0055,V026,CC06,,DOC101327,602.2,Receita
2023-02-28,CLI0148,PRD0025,V014,CC04,,DOC101328,27303.99,Receita
2023-09-29,CLI0116,PRD0038,V016,CC03,FOR0093,DOC101329,22351.0,Despesa
2026-04-19,CLI0129,PRD0084,V009,CC09,FOR0068,DOC101330,22535.06,Despesa
2025-07-07,CLI0255,PRD0044,V015,CC04,FOR0034,DOC101331,12261.18,Despesa
2023-10-22,CLI0098,PRD0076,V024,CC02,,DOC101332,29679.71,Receita
2026-03-16,CLI0007,PRD0044,V004,CC04,FOR0015,DOC101333,3873.83,Despesa
2025-09-29,CLI0237,PRD0177,V007,CC04,FOR0099,DOC101334,20630.85,Despesa
2025-05-23,CLI0247,PRD0131,V022,CC02,,DOC101335,21725.53,Receita
2026-12-16,CLI0184,PRD0093,V027,CC10,FOR0086,DOC101336,21706.07,Despesa
2024-05-09,CLI0104,PRD0171,V005,CC05,,DOC101337,26209.28,Receita
2025-11-17,CLI0222,PRD0133,V007,CC02,,DOC101338,21334.16,Receita
2024-03-22,CLI0149,PRD0150,V027,CC09,FOR0012,DOC101339,18110.65,Despesa
2025-04-29,CLI0143,PRD0004,V009,CC07,FOR0035,DOC101340,1386.37,Despesa
2024-12-28,CLI0106,PRD0034,V001,CC07,FOR0055,DOC101341,18852.15,Despesa
2023-06-15,CLI0101,PRD0159,V017,CC10,,DOC101342,21798.17,Receita
2025-06-23,CLI0294,PRD0070,V007,CC07,FOR0047,DOC101343,17330.5,Despesa
2026-11-19,CLI0085,PRD0009,V015,CC04,FOR0085,DOC101344,10784.91,Despesa
2026-06-16,CLI0297,PRD0146,V004,CC05,,DOC101345,27748.13,Receita
2024-10-15,CLI0201,PRD0115,V005,CC05,FOR0028,DOC101346,5508.18,Despesa
2025-04-10,CLI0293,PRD0105,V021,CC06,FOR0004,DOC101347,12244.08,Despesa
2023-09-04,CLI0129,PRD0137,V022,CC01,FOR0029,DOC101348,14892.2,Despesa
2023-11-17,CLI0257,PRD0162,V004,CC10,FOR0023,DOC101349,26409.03,Despesa
2023-02-25,CLI0037,PRD0159,V013,CC03,FOR0032,DOC101350,1028.72,Despesa
2024-09-05,CLI0286,PRD0087,V026,CC01,,DOC101351,9721.12,Receita
2026-12-20,CLI0070,PRD0016,V014,CC05,FOR0032,DOC101352,28757.81,Despesa
2024-10-23,CLI0208,PRD0138,V022,CC03,FOR0068,DOC101353,23492.38,Despesa
2024-03-15,CLI0232,PRD0138,V012,CC10,,DOC101354,24155.26,Receita
2024-09-07,CLI0026,PRD0015,V029,CC10,FOR0022,DOC101355,22433.65,Despesa
2023-01-13,CLI0105,PRD0072,V029,CC01,FOR0035,DOC101356,4752.58,Despesa
2023-07-30,CLI0062,PRD0106,V015,CC07,,DOC101357,10917.76,Receita
2024-04-08,CLI0098,PRD0187,V012,CC04,FOR0007,DOC101358,18962.38,Despesa
2026-10-22,CLI0297,PRD0054,V019,CC09,,DOC101359,3987.13,Receita
2026-08-27,CLI0277,PRD0158,V029,CC06,,DOC101360,8942.51,Receita
2023-10-29,CLI0263,PRD0013,V021,CC05,FOR0066,DOC101361,17398.05,Despesa
2026-04-19,CLI0197,PRD0079,V029,CC06,,DOC101362,17430.68,Receita
2024-07-05,CLI0209,PRD0187,V027,CC01,FOR0083,DOC101363,19114.08,Despesa
2026-04-19,CLI0193,PRD0150,V008,CC07,,DOC101364,7979.31,Receita
2023-08-13,CLI0049,PRD0193,V007,CC01,FOR0071,DOC101365,14649.42,Despesa
2023-01-29,CLI0256,PRD0117,V006,CC05,,DOC101366,5119.01,Receita
2023-05-20,CLI0005,PRD0132,V020,CC03,FOR0034,DOC101367,2650.6,Despesa
2023-02-02,CLI0296,PRD0085,V028,CC03,,DOC101368,25191.51,Receita
2026-05-08,CLI0188,PRD0086,V020,CC06,,DOC101369,25197.34,Receita
2024-01-06,CLI0124,PRD0048,V025,CC06,FOR0024,DOC101370,14880.24,Despesa
2023-01-08,CLI0210,PRD0195,V028,CC08,FOR0055,DOC101371,15553.69,Despesa
2023-08-17,CLI0158,PRD0036,V022,CC01,,DOC101372,24515.91,Receita
2025-07-21,CLI0165,PRD0183,V001,CC03,,DOC101373,8417.91,Receita
2026-02-28,CLI0033,PRD0063,V024,CC06,,DOC101374,12154.0,Receita
2023-08-22,CLI0147,PRD0057,V021,CC06,,DOC101375,25492.31,Receita
2026-10-21,CLI0232,PRD0178,V016,CC06,FOR0023,DOC101376,27792.63,Despesa
2023-05-11,CLI0025,PRD0185,V010,CC01,FOR0040,DOC101377,5166.47,Despesa
2025-10-14,CLI0051,PRD0191,V020,CC04,FOR0005,DOC101378,26349.37,Despesa
2023-12-29,CLI0057,PRD0064,V002,CC01,FOR0028,DOC101379,11662.62,Despesa
2024-03-06,CLI0096,PRD0032,V029,CC06,,DOC101380,4354.12,Receita
2025-05-21,CLI0156,PRD0158,V005,CC06,,DOC101381,10759.27,Receita
2024-01-03,CLI0290,PRD0011,V014,CC06,FOR0006,DOC101382,14049.7,Despesa
2025-01-04,CLI0026,PRD0089,V018,CC04,,DOC101383,20250.96,Receita
2024-04-12,CLI0246,PRD0175,V014,CC04,,DOC101384,8021.84,Receita
2026-12-13,CLI0291,PRD0076,V023,CC08,FOR0045,DOC101385,7402.93,Despesa
2025-01-06,CLI0234,PRD0044,V017,CC08,,DOC101386,7080.13,Receita
2025-09-02,CLI0154,PRD0080,V016,CC02,FOR0069,DOC101387,27764.83,Despesa
2024-09-05,CLI0216,PRD0101,V025,CC06,FOR0047,DOC101388,24109.92,Despesa
2023-04-14,CLI0171,PRD0151,V024,CC02,FOR0028,DOC101389,20350.25,Despesa
2024-06-07,CLI0239,PRD0181,V025,CC01,FOR0014,DOC101390,17294.22,Despesa
2026-09-13,CLI0036,PRD0051,V017,CC04,FOR0079,DOC101391,16379.88,Despesa
2025-02-06,CLI0293,PRD0029,V030,CC04,,DOC101392,19502.83,Receita
2023-04-16,CLI0158,PRD0079,V026,CC10,,DOC101393,23985.37,Receita
2023-10-20,CLI0004,PRD0024,V028,CC08,FOR0018,DOC101394,2112.37,Despesa
2025-07-08,CLI0083,PRD0136,V017,CC07,,DOC101395,23826.54,Receita
2023-04-25,CLI0214,PRD0119,V024,CC08,FOR0081,DOC101396,322.36,Despesa
2025-07-27,CLI0017,PRD0025,V020,CC04,,DOC101397,16098.38,Receita
2026-02-11,CLI0240,PRD0134,V025,CC09,FOR0004,DOC101398,9605.84,Despesa
2026-08-30,CLI0123,PRD0159,V012,CC03,FOR0085,DOC101399,21895.52,Despesa
2026-05-12,CLI0234,PRD0118,V020,CC01,FOR0033,DOC101400,749.33,Despesa
2025-07-27,CLI0167,PRD0167,V014,CC03,,DOC101401,18214.6,Receita
2023-03-20,CLI0028,PRD0185,V001,CC02,,DOC101402,18885.64,Receita
2023-01-01,CLI0129,PRD0197,V001,CC05,,DOC101403,12413.47,Receita
2026-09-23,CLI0142,PRD0043,V007,CC01,FOR0077,DOC101404,21914.78,Despesa
2024-08-04,CLI0210,PRD0118,V011,CC02,,DOC101405,23845.7,Receita
2025-09-15,CLI0056,PRD0109,V015,CC04,FOR0004,DOC101406,8097.29,Despesa
2023-04-06,CLI0070,PRD0109,V015,CC10,FOR0069,DOC101407,22039.16,Despesa
2023-07-02,CLI0174,PRD0093,V020,CC07,,DOC101408,26798.91,Receita
2023-06-10,CLI0293,PRD0119,V025,CC07,,DOC101409,21968.24,Receita
2023-05-27,CLI0061,PRD0021,V022,CC05,FOR0040,DOC101410,26175.62,Despesa
2024-05-13,CLI0097,PRD0039,V024,CC07,FOR0004,DOC101411,26071.9,Despesa
2025-11-22,CLI0138,PRD0092,V012,CC09,,DOC101412,11164.33,Receita
2023-02-25,CLI0247,PRD0154,V004,CC05,,DOC101413,15456.04,Receita
2024-02-06,CLI0039,PRD0198,V012,CC07,FOR0011,DOC101414,4844.44,Despesa
2025-10-24,CLI0004,PRD0163,V020,CC06,FOR0024,DOC101415,19103.13,Despesa
2024-11-22,CLI0092,PRD0143,V022,CC08,,DOC101416,23937.28,Receita
2024-05-22,CLI0263,PRD0048,V017,CC10,FOR0082,DOC101417,22852.68,Despesa
2024-11-14,CLI0126,PRD0103,V008,CC08,FOR0087,DOC101418,25748.58,Despesa
2025-12-24,CLI0210,PRD0127,V006,CC02,FOR0003,DOC101419,11912.7,Despesa
2023-11-29,CLI0289,PRD0186,V004,CC06,FOR0066,DOC101420,28415.54,Despesa
2024-05-16,CLI0142,PRD0021,V025,CC05,FOR0018,DOC101421,9861.34,Despesa
2026-01-19,CLI0228,PRD0142,V015,CC02,,DOC101422,26328.42,Receita
2023-04-14,CLI0040,PRD0107,V015,CC07,FOR0035,DOC101423,24503.52,Despesa
2023-09-06,CLI0024,PRD0015,V006,CC05,,DOC101424,15791.22,Receita
2025-05-13,CLI0062,PRD0055,V021,CC01,,DOC101425,7970.79,Receita
2024-03-01,CLI0133,PRD0191,V025,CC03,FOR0033,DOC101426,22229.19,Despesa
2023-05-12,CLI0151,PRD0164,V024,CC02,,DOC101427,18102.58,Receita
2024-08-19,CLI0129,PRD0148,V019,CC05,,DOC101428,17485.01,Receita
2023-10-14,CLI0189,PRD0030,V003,CC01,FOR0065,DOC101429,13637.91,Despesa
2025-02-19,CLI0224,PRD0060,V002,CC07,FOR0065,DOC101430,6461.5,Despesa
2025-06-17,CLI0240,PRD0008,V009,CC09,FOR0028,DOC101431,24459.43,Despesa
2023-07-23,CLI0229,PRD0089,V016,CC04,FOR0002,DOC101432,19030.22,Despesa
2023-09-10,CLI0248,PRD0128,V020,CC09,,DOC101433,1795.3,Receita
2023-08-01,CLI0235,PRD0167,V007,CC04,,DOC101434,13055.77,Receita
2026-05-07,CLI0067,PRD0028,V010,CC04,FOR0063,DOC101435,22418.32,Despesa
2026-08-03,CLI0223,PRD0059,V004,CC05,,DOC101436,15082.29,Receita
2025-08-21,CLI0210,PRD0168,V012,CC09,,DOC101437,5674.18,Receita
2025-01-12,CLI0063,PRD0165,V023,CC02,,DOC101438,7089.72,Receita
2023-06-13,CLI0006,PRD0147,V015,CC06,FOR0094,DOC101439,9320.46,Despesa
2026-05-08,CLI0036,PRD0128,V011,CC07,FOR0005,DOC101440,8605.33,Despesa
2025-07-22,CLI0003,PRD0073,V016,CC06,FOR0013,DOC101441,24745.7,Despesa
2023-06-11,CLI0013,PRD0156,V019,CC08,FOR0026,DOC101442,27822.05,Despesa
2024-04-28,CLI0194,PRD0097,V019,CC07,FOR0061,DOC101443,22292.23,Despesa
2024-12-04,CLI0076,PRD0098,V018,CC08,FOR0069,DOC101444,13854.61,Despesa
2024-12-05,CLI0204,PRD0031,V023,CC10,,DOC101445,10040.68,Receita
2025-11-17,CLI0118,PRD0197,V003,CC07,FOR0087,DOC101446,15942.17,Despesa
2023-10-14,CLI0172,PRD0012,V030,CC09,,DOC101447,6361.82,Receita
2024-08-23,CLI0027,PRD0025,V026,CC09,,DOC101448,3131.57,Receita
2023-01-21,CLI0022,PRD0160,V013,CC04,,DOC101449,28917.05,Receita
2024-04-12,CLI0104,PRD0003,V014,CC02,FOR0027,DOC101450,5432.63,Despesa
2024-09-20,CLI0054,PRD0009,V003,CC07,FOR0044,DOC101451,17061.97,Despesa
2025-12-12,CLI0282,PRD0165,V016,CC08,,DOC101452,4179.49,Receita
2025-01-01,CLI0238,PRD0041,V004,CC09,FOR0083,DOC101453,19726.32,Despesa
2025-09-19,CLI0173,PRD0174,V022,CC01,,DOC101454,17922.07,Receita
2023-06-13,CLI0038,PRD0192,V019,CC06,FOR0092,DOC101455,19868.34,Despesa
2023-12-03,CLI0044,PRD0132,V028,CC02,FOR0050,DOC101456,3937.92,Despesa
2024-05-25,CLI0198,PRD0139,V006,CC04,FOR0025,DOC101457,13398.42,Despesa
2024-06-02,CLI0115,PRD0129,V001,CC09,FOR0053,DOC101458,5045.36,Despesa
2025-11-09,CLI0218,PRD0113,V021,CC02,FOR0010,DOC101459,3368.54,Despesa
2026-01-20,CLI0023,PRD0188,V029,CC10,FOR0065,DOC101460,3393.78,Despesa
2024-03-13,CLI0238,PRD0071,V030,CC08,,DOC101461,10893.23,Receita
2024-05-26,CLI0113,PRD0181,V016,CC04,FOR0036,DOC101462,2610.91,Despesa
2026-07-17,CLI0116,PRD0130,V015,CC05,,DOC101463,21732.15,Receita
2024-07-08,CLI0124,PRD0193,V003,CC08,,DOC101464,22131.97,Receita
2024-09-04,CLI0079,PRD0188,V014,CC09,FOR0076,DOC101465,23003.41,Despesa
2024-08-03,CLI0176,PRD0170,V004,CC01,,DOC101466,12376.75,Receita
2026-01-14,CLI0091,PRD0130,V009,CC01,,DOC101467,7511.51,Receita
2025-05-11,CLI0294,PRD0055,V020,CC04,FOR0057,DOC101468,10353.01,Despesa
2023-08-29,CLI0236,PRD0081,V009,CC03,,DOC101469,22345.23,Receita
2024-05-30,CLI0121,PRD0114,V018,CC01,FOR0037,DOC101470,24596.27,Despesa
2023-01-02,CLI0011,PRD0094,V008,CC07,,DOC101471,12437.79,Receita
2023-02-08,CLI0177,PRD0081,V011,CC01,FOR0006,DOC101472,20986.01,Despesa
2024-03-09,CLI0071,PRD0003,V029,CC02,,DOC101473,1958.78,Receita
2023-06-22,CLI0248,PRD0157,V001,CC03,,DOC101474,12515.98,Receita
2024-12-05,CLI0036,PRD0053,V003,CC03,,DOC101475,5920.39,Receita
2024-05-04,CLI0223,PRD0109,V025,CC02,,DOC101476,7149.18,Receita
2024-04-11,CLI0115,PRD0130,V002,CC03,,DOC101477,25139.22,Receita
2025-07-05,CLI0262,PRD0005,V029,CC01,,DOC101478,24054.74,Receita
2025-12-25,CLI0111,PRD0133,V025,CC01,,DOC101479,440.75,Receita
2025-06-19,CLI0062,PRD0012,V014,CC02,,DOC101480,17266.61,Receita
2025-01-11,CLI0180,PRD0083,V025,CC08,,DOC101481,17535.34,Receita
2025-12-07,CLI0126,PRD0197,V029,CC02,FOR0029,DOC101482,4264.04,Despesa
2023-04-09,CLI0078,PRD0080,V028,CC04,FOR0063,DOC101483,7591.04,Despesa
2024-07-18,CLI0094,PRD0080,V006,CC01,FOR0025,DOC101484,16096.81,Despesa
2026-09-26,CLI0007,PRD0053,V002,CC05,,DOC101485,6469.35,Receita
2025-01-23,CLI0295,PRD0024,V010,CC08,,DOC101486,14167.91,Receita
2026-09-02,CLI0260,PRD0043,V030,CC09,FOR0044,DOC101487,6805.54,Despesa
2025-01-26,CLI0146,PRD0099,V011,CC08,,DOC101488,27002.29,Receita
2026-06-13,CLI0285,PRD0167,V015,CC02,FOR0040,DOC101489,5266.73,Despesa
2024-04-29,CLI0025,PRD0067,V022,CC10,,DOC101490,22325.09,Receita
2025-07-09,CLI0049,PRD0165,V022,CC01,,DOC101491,12920.55,Receita
2025-01-13,CLI0153,PRD0149,V012,CC03,,DOC101492,9701.21,Receita
2025-10-24,CLI0147,PRD0096,V024,CC10,,DOC101493,16450.57,Receita
2023-12-17,CLI0159,PRD0085,V016,CC02,FOR0045,DOC101494,726.46,Despesa
2026-04-22,CLI0154,PRD0021,V013,CC04,,DOC101495,29620.12,Receita
2024-11-30,CLI0231,PRD0125,V009,CC05,,DOC101496,26286.56,Receita
2026-11-12,CLI0115,PRD0089,V030,CC01,FOR0014,DOC101497,5285.86,Despesa
2023-12-27,CLI0233,PRD0079,V018,CC02,FOR0100,DOC101498,12692.83,Despesa
2026-05-20,CLI0279,PRD0170,V021,CC07,,DOC101499,2248.43,Receita
2026-04-22,CLI0054,PRD0033,V030,CC01,,DOC101500,11201.95,Receita
2026-10-12,CLI0287,PRD0177,V019,CC06,FOR0075,DOC101501,15279.95,Despesa
2025-03-17,CLI0161,PRD0103,V015,CC04,FOR0100,DOC101502,17186.12,Despesa
2023-02-28,CLI0284,PRD0146,V022,CC07,FOR0088,DOC101503,2367.8,Despesa
2026-12-29,CLI0183,PRD0047,V004,CC07,FOR0027,DOC101504,587.4,Despesa
2025-01-26,CLI0071,PRD0092,V001,CC08,,DOC101505,1677.32,Receita
2023-07-29,CLI0142,PRD0025,V016,CC05,,DOC101506,3523.03,Receita
2024-02-19,CLI0298,PRD0097,V021,CC03,,DOC101507,7009.99,Receita
2026-08-26,CLI0155,PRD0110,V029,CC05,,DOC101508,21454.23,Receita
2023-06-15,CLI0133,PRD0106,V001,CC10,FOR0028,DOC101509,1783.18,Despesa
2023-07-29,CLI0193,PRD0052,V015,CC06,FOR0043,DOC101510,5073.52,Despesa
2025-02-19,CLI0264,PRD0180,V009,CC07,,DOC101511,27024.41,Receita
2025-08-22,CLI0255,PRD0021,V004,CC10,FOR0013,DOC101512,16610.4,Despesa
2023-09-11,CLI0020,PRD0084,V012,CC01,,DOC101513,14295.82,Receita
2023-08-30,CLI0263,PRD0076,V003,CC05,FOR0043,DOC101514,27034.6,Despesa
2026-03-24,CLI0192,PRD0171,V029,CC08,,DOC101515,15373.67,Receita
2026-05-28,CLI0049,PRD0053,V029,CC10,FOR0005,DOC101516,8165.07,Despesa
2026-04-22,CLI0157,PRD0085,V003,CC05,,DOC101517,26071.39,Receita
2025-07-22,CLI0112,PRD0012,V025,CC06,FOR0099,DOC101518,1185.84,Despesa
2023-07-27,CLI0158,PRD0150,V006,CC04,,DOC101519,10599.54,Receita
2023-10-10,CLI0235,PRD0033,V007,CC03,FOR0070,DOC101520,27095.73,Despesa
2023-07-01,CLI0196,PRD0054,V007,CC09,FOR0010,DOC101521,13692.64,Despesa
2026-12-25,CLI0260,PRD0144,V001,CC03,,DOC101522,9114.63,Receita
2024-02-26,CLI0181,PRD0136,V007,CC05,FOR0035,DOC101523,29264.05,Despesa
2025-10-06,CLI0067,PRD0190,V003,CC06,,DOC101524,24013.17,Receita
2026-03-22,CLI0126,PRD0009,V017,CC09,,DOC101525,8113.41,Receita
2023-06-29,CLI0120,PRD0099,V024,CC03,,DOC101526,10048.92,Receita
2024-11-13,CLI0005,PRD0125,V020,CC07,,DOC101527,16502.1,Receita
2023-10-21,CLI0259,PRD0106,V017,CC09,FOR0024,DOC101528,26547.44,Despesa
2025-10-21,CLI0171,PRD0060,V005,CC06,FOR0087,DOC101529,7205.42,Despesa
2023-05-26,CLI0019,PRD0086,V005,CC01,FOR0067,DOC101530,6770.59,Despesa
2024-10-07,CLI0021,PRD0132,V012,CC05,,DOC101531,17624.8,Receita
2023-01-23,CLI0077,PRD0153,V018,CC10,,DOC101532,20473.92,Receita
2025-01-04,CLI0130,PRD0148,V003,CC06,FOR0046,DOC101533,9456.56,Despesa
2026-01-16,CLI0244,PRD0155,V022,CC01,FOR0043,DOC101534,25121.54,Despesa
2026-09-16,CLI0139,PRD0089,V026,CC04,FOR0041,DOC101535,23082.46,Despesa
2024-02-12,CLI0234,PRD0164,V006,CC01,,DOC101536,15660.66,Receita
2023-01-20,CLI0068,PRD0145,V001,CC03,FOR0034,DOC101537,18508.34,Despesa
2023-12-20,CLI0236,PRD0043,V015,CC03,,DOC101538,1505.16,Receita
2026-12-16,CLI0155,PRD0107,V025,CC07,FOR0083,DOC101539,3922.01,Despesa
2025-11-08,CLI0149,PRD0188,V006,CC08,FOR0023,DOC101540,1148.93,Despesa
2023-03-15,CLI0206,PRD0112,V029,CC04,,DOC101541,17917.71,Receita
2024-10-09,CLI0190,PRD0002,V016,CC03,,DOC101542,18674.95,Receita
2025-07-03,CLI0097,PRD0085,V022,CC02,,DOC101543,29616.04,Receita
2025-02-26,CLI0231,PRD0181,V006,CC01,,DOC101544,17480.49,Receita
2024-05-19,CLI0089,PRD0147,V030,CC07,,DOC101545,6133.62,Receita
2025-12-19,CLI0078,PRD0104,V019,CC06,FOR0071,DOC101546,5386.44,Despesa
2025-10-25,CLI0212,PRD0058,V009,CC05,FOR0072,DOC101547,5630.64,Despesa
2026-07-11,CLI0067,PRD0109,V027,CC03,,DOC101548,8852.62,Receita
2026-02-05,CLI0051,PRD0063,V029,CC08,,DOC101549,10022.98,Receita
2026-01-01,CLI0058,PRD0139,V023,CC08,,DOC101550,23040.03,Receita
2025-02-15,CLI0262,PRD0121,V014,CC08,,DOC101551,13737.55,Receita
2023-09-27,CLI0135,PRD0071,V012,CC10,FOR0084,DOC101552,8729.87,Despesa
2024-11-12,CLI0084,PRD0033,V009,CC03,FOR0016,DOC101553,4348.14,Despesa
2025-03-18,CLI0044,PRD0139,V007,CC09,FOR0091,DOC101554,17226.16,Despesa
2025-07-16,CLI0141,PRD0061,V007,CC08,FOR0015,DOC101555,19099.04,Despesa
2024-01-30,CLI0067,PRD0147,V015,CC07,FOR0055,DOC101556,14235.54,Despesa
2025-03-13,CLI0134,PRD0200,V018,CC04,,DOC101557,10231.72,Receita
2026-03-10,CLI0003,PRD0158,V014,CC06,FOR0060,DOC101558,737.69,Despesa
2025-11-20,CLI0102,PRD0071,V003,CC02,FOR0066,DOC101559,22798.18,Despesa
2023-04-16,CLI0297,PRD0030,V005,CC05,FOR0033,DOC101560,12612.47,Despesa
2026-02-18,CLI0169,PRD0154,V005,CC04,FOR0077,DOC101561,16663.82,Despesa
2023-08-02,CLI0029,PRD0110,V019,CC06,FOR0036,DOC101562,16431.3,Despesa
2024-05-28,CLI0270,PRD0088,V001,CC07,FOR0032,DOC101563,1019.93,Despesa
2025-03-21,CLI0071,PRD0080,V030,CC08,,DOC101564,897.32,Receita
2025-08-09,CLI0109,PRD0112,V012,CC08,FOR0071,DOC101565,25854.13,Despesa
2024-05-04,CLI0116,PRD0163,V007,CC08,FOR0055,DOC101566,2323.41,Despesa
2024-09-25,CLI0221,PRD0074,V002,CC08,FOR0054,DOC101567,25214.63,Despesa
2023-12-16,CLI0143,PRD0142,V006,CC08,,DOC101568,1542.12,Receita
2024-12-30,CLI0155,PRD0048,V029,CC08,FOR0011,DOC101569,25317.47,Despesa
2023-03-13,CLI0015,PRD0100,V019,CC09,FOR0025,DOC101570,6685.48,Despesa
2025-06-09,CLI0139,PRD0073,V001,CC01,FOR0039,DOC101571,10221.33,Despesa
2025-02-04,CLI0239,PRD0097,V029,CC01,FOR0013,DOC101572,14089.19,Despesa
2023-08-03,CLI0137,PRD0149,V004,CC08,FOR0046,DOC101573,26687.87,Despesa
2026-05-01,CLI0083,PRD0121,V028,CC02,FOR0055,DOC101574,17280.29,Despesa
2023-03-01,CLI0139,PRD0107,V002,CC10,,DOC101575,9258.34,Receita
2026-01-14,CLI0045,PRD0048,V002,CC02,,DOC101576,12692.29,Receita
2024-02-27,CLI0205,PRD0151,V028,CC01,FOR0081,DOC101577,3266.34,Despesa
2023-06-18,CLI0065,PRD0043,V002,CC03,,DOC101578,23384.95,Receita
2024-07-04,CLI0013,PRD0103,V018,CC06,FOR0087,DOC101579,7865.95,Despesa
2026-11-17,CLI0160,PRD0181,V021,CC02,,DOC101580,18706.96,Receita
2024-01-30,CLI0003,PRD0043,V029,CC07,FOR0099,DOC101581,3083.73,Despesa
2025-02-12,CLI0182,PRD0112,V025,CC03,,DOC101582,27431.55,Receita
2023-06-06,CLI0101,PRD0084,V014,CC03,FOR0019,DOC101583,27995.99,Despesa
2023-11-07,CLI0143,PRD0112,V023,CC04,FOR0069,DOC101584,22857.42,Despesa
2026-03-12,CLI0025,PRD0128,V002,CC07,FOR0040,DOC101585,6434.92,Despesa
2025-01-17,CLI0256,PRD0005,V002,CC02,,DOC101586,13284.45,Receita
2023-06-09,CLI0236,PRD0029,V011,CC02,FOR0040,DOC101587,7493.77,Despesa
2026-05-22,CLI0114,PRD0023,V007,CC07,,DOC101588,29586.53,Receita
2025-04-23,CLI0117,PRD0179,V021,CC07,FOR0087,DOC101589,24497.29,Despesa
2025-06-16,CLI0183,PRD0176,V007,CC04,,DOC101590,29697.83,Receita
2024-10-31,CLI0070,PRD0028,V027,CC06,,DOC101591,27154.34,Receita
2025-01-14,CLI0025,PRD0116,V005,CC10,,DOC101592,24005.18,Receita
2024-03-11,CLI0004,PRD0173,V010,CC09,,DOC101593,19408.22,Receita
2023-01-02,CLI0037,PRD0151,V001,CC08,,DOC101594,234.49,Receita
2024-02-27,CLI0193,PRD0108,V001,CC05,,DOC101595,26728.95,Receita
2025-09-15,CLI0125,PRD0011,V007,CC08,,DOC101596,13679.87,Receita
2025-05-07,CLI0014,PRD0109,V005,CC01,FOR0012,DOC101597,1870.44,Despesa
2025-12-16,CLI0014,PRD0029,V010,CC03,FOR0031,DOC101598,12396.8,Despesa
2024-01-03,CLI0290,PRD0196,V024,CC10,FOR0040,DOC101599,14890.81,Despesa
2024-03-08,CLI0266,PRD0075,V018,CC08,FOR0055,DOC101600,7259.76,Despesa
2024-07-17,CLI0282,PRD0155,V010,CC04,FOR0050,DOC101601,24888.65,Despesa
2024-08-19,CLI0013,PRD0126,V014,CC09,,DOC101602,22617.19,Receita
2025-07-22,CLI0052,PRD0102,V030,CC07,FOR0048,DOC101603,7552.37,Despesa
2023-01-04,CLI0221,PRD0158,V012,CC10,,DOC101604,6124.82,Receita
2023-03-20,CLI0255,PRD0035,V027,CC08,,DOC101605,3159.08,Receita
2023-11-01,CLI0036,PRD0167,V004,CC08,,DOC101606,646.08,Receita
2024-05-16,CLI0286,PRD0089,V030,CC02,FOR0066,DOC101607,8513.04,Despesa
2023-10-04,CLI0212,PRD0061,V018,CC07,,DOC101608,4692.32,Receita
2025-02-11,CLI0057,PRD0104,V007,CC05,FOR0037,DOC101609,21990.42,Despesa
2026-07-24,CLI0045,PRD0111,V003,CC03,,DOC101610,26817.9,Receita
2023-07-02,CLI0088,PRD0079,V008,CC05,FOR0050,DOC101611,4459.68,Despesa
2025-09-06,CLI0270,PRD0063,V030,CC01,,DOC101612,7404.18,Receita
2025-12-29,CLI0110,PRD0136,V011,CC08,,DOC101613,5553.82,Receita
2024-04-05,CLI0022,PRD0045,V006,CC10,,DOC101614,24099.3,Receita
2023-11-28,CLI0138,PRD0103,V024,CC10,,DOC101615,22015.23,Receita
2026-06-10,CLI0289,PRD0171,V011,CC03,FOR0054,DOC101616,27734.1,Despesa
2023-05-17,CLI0283,PRD0005,V030,CC08,FOR0030,DOC101617,29539.7,Despesa
2025-11-10,CLI0009,PRD0156,V030,CC09,FOR0083,DOC101618,19640.25,Despesa
2025-10-09,CLI0188,PRD0098,V028,CC10,FOR0064,DOC101619,28595.2,Despesa
2024-08-23,CLI0078,PRD0003,V014,CC02,FOR0076,DOC101620,6982.89,Despesa
2025-09-24,CLI0119,PRD0052,V019,CC09,FOR0083,DOC101621,4627.01,Despesa
2023-07-13,CLI0216,PRD0023,V015,CC08,,DOC101622,23800.34,Receita
2024-08-01,CLI0011,PRD0030,V009,CC09,FOR0006,DOC101623,18050.45,Despesa
2024-03-28,CLI0179,PRD0057,V005,CC03,FOR0028,DOC101624,25395.02,Despesa
2025-02-12,CLI0241,PRD0060,V002,CC02,,DOC101625,1325.88,Receita
2023-10-21,CLI0176,PRD0069,V018,CC04,,DOC101626,28980.05,Receita
2023-02-24,CLI0026,PRD0107,V002,CC02,FOR0066,DOC101627,28844.75,Despesa
2025-08-17,CLI0186,PRD0186,V012,CC09,FOR0060,DOC101628,2342.82,Despesa
2023-12-21,CLI0011,PRD0166,V005,CC02,,DOC101629,4586.6,Receita
2025-02-24,CLI0297,PRD0051,V014,CC10,,DOC101630,14412.09,Receita
2023-09-16,CLI0150,PRD0036,V019,CC05,FOR0030,DOC101631,9806.98,Despesa
2025-06-17,CLI0061,PRD0013,V026,CC07,,DOC101632,23927.26,Receita
2025-09-25,CLI0025,PRD0116,V011,CC05,,DOC101633,20238.21,Receita
2026-01-19,CLI0093,PRD0004,V013,CC01,FOR0092,DOC101634,10052.95,Despesa
2024-05-11,CLI0214,PRD0094,V017,CC02,FOR0007,DOC101635,2727.93,Despesa
2023-09-24,CLI0081,PRD0028,V018,CC07,,DOC101636,4241.43,Receita
2026-02-08,CLI0032,PRD0184,V005,CC01,FOR0014,DOC101637,18396.75,Despesa
2024-08-07,CLI0194,PRD0088,V028,CC10,,DOC101638,14003.19,Receita
2024-03-31,CLI0211,PRD0125,V014,CC10,FOR0019,DOC101639,27670.23,Despesa
2023-05-31,CLI0157,PRD0090,V008,CC05,FOR0084,DOC101640,1337.67,Despesa
2025-01-11,CLI0276,PRD0061,V007,CC08,,DOC101641,1827.65,Receita
2026-04-23,CLI0224,PRD0010,V004,CC08,FOR0031,DOC101642,11109.63,Despesa
2025-05-31,CLI0186,PRD0040,V001,CC06,FOR0091,DOC101643,3237.56,Despesa
2024-10-12,CLI0074,PRD0013,V001,CC09,FOR0039,DOC101644,20278.36,Despesa
2025-09-30,CLI0101,PRD0018,V020,CC10,,DOC101645,4597.66,Receita
2023-08-19,CLI0238,PRD0107,V030,CC06,FOR0095,DOC101646,24505.15,Despesa
2025-08-27,CLI0169,PRD0179,V001,CC10,FOR0066,DOC101647,1762.94,Despesa
2023-06-04,CLI0002,PRD0093,V023,CC05,,DOC101648,8594.26,Receita
2024-08-21,CLI0244,PRD0173,V016,CC08,FOR0065,DOC101649,29368.69,Despesa
2023-02-26,CLI0022,PRD0024,V012,CC10,,DOC101650,19683.25,Receita
2026-01-08,CLI0083,PRD0167,V022,CC02,FOR0058,DOC101651,16906.08,Despesa
2026-07-23,CLI0214,PRD0121,V024,CC06,,DOC101652,1038.62,Receita
2024-07-30,CLI0256,PRD0093,V018,CC10,,DOC101653,21427.77,Receita
2024-02-10,CLI0148,PRD0180,V014,CC05,,DOC101654,24225.4,Receita
2025-03-19,CLI0089,PRD0105,V030,CC10,FOR0074,DOC101655,14029.55,Despesa
2026-04-22,CLI0026,PRD0191,V002,CC02,,DOC101656,15520.06,Receita
2025-02-27,CLI0069,PRD0043,V016,CC07,FOR0049,DOC101657,14350.75,Despesa
2026-08-29,CLI0071,PRD0056,V004,CC07,,DOC101658,28270.27,Receita
2026-05-11,CLI0187,PRD0109,V021,CC10,FOR0029,DOC101659,5822.29,Despesa
2026-04-18,CLI0064,PRD0046,V021,CC01,,DOC101660,5490.82,Receita
2024-11-23,CLI0276,PRD0160,V017,CC06,,DOC101661,26163.31,Receita
2026-08-01,CLI0008,PRD0004,V022,CC04,,DOC101662,13838.24,Receita
2023-03-16,CLI0104,PRD0016,V027,CC10,,DOC101663,5326.84,Receita
2026-02-13,CLI0061,PRD0121,V024,CC08,,DOC101664,6221.49,Receita
2024-11-21,CLI0004,PRD0005,V027,CC07,FOR0019,DOC101665,7120.61,Despesa
2025-12-08,CLI0300,PRD0102,V028,CC03,,DOC101666,28325.03,Receita
2025-05-29,CLI0204,PRD0153,V025,CC10,,DOC101667,11277.88,Receita
2023-10-24,CLI0195,PRD0030,V018,CC02,,DOC101668,538.16,Receita
2023-12-25,CLI0265,PRD0150,V019,CC08,FOR0041,DOC101669,26812.79,Despesa
2023-09-02,CLI0245,PRD0068,V012,CC07,FOR0025,DOC101670,1111.39,Despesa
2024-11-03,CLI0060,PRD0009,V013,CC10,FOR0044,DOC101671,6057.38,Despesa
2024-05-23,CLI0256,PRD0087,V027,CC07,FOR0024,DOC101672,2255.95,Despesa
2024-04-06,CLI0147,PRD0184,V008,CC10,FOR0026,DOC101673,19273.23,Despesa
2024-05-17,CLI0291,PRD0047,V009,CC06,,DOC101674,15175.05,Receita
2024-07-11,CLI0138,PRD0033,V006,CC10,FOR0094,DOC101675,8269.91,Despesa
2026-10-26,CLI0008,PRD0154,V011,CC09,FOR0014,DOC101676,27756.8,Despesa
2024-05-22,CLI0131,PRD0049,V030,CC09,,DOC101677,13462.22,Receita
2023-02-12,CLI0210,PRD0096,V005,CC02,,DOC101678,20871.18,Receita
2026-06-11,CLI0256,PRD0178,V030,CC01,,DOC101679,15835.35,Receita
2026-05-25,CLI0213,PRD0140,V001,CC05,FOR0037,DOC101680,12479.41,Despesa
2025-05-17,CLI0228,PRD0098,V024,CC03,,DOC101681,17649.4,Receita
2023-02-23,CLI0225,PRD0151,V011,CC05,,DOC101682,7551.81,Receita
2025-04-06,CLI0246,PRD0073,V004,CC08,,DOC101683,4598.46,Receita
2023-07-26,CLI0089,PRD0154,V005,CC05,FOR0072,DOC101684,17498.66,Despesa
2023-09-27,CLI0198,PRD0190,V027,CC10,,DOC101685,22891.79,Receita
2025-06-12,CLI0241,PRD0071,V007,CC05,FOR0067,DOC101686,9715.3,Despesa
2024-12-06,CLI0003,PRD0008,V008,CC02,,DOC101687,656.98,Receita
2025-05-18,CLI0042,PRD0148,V019,CC01,,DOC101688,19860.71,Receita
2025-11-10,CLI0181,PRD0135,V030,CC02,,DOC101689,17533.05,Receita
2023-01-15,CLI0295,PRD0089,V002,CC04,FOR0099,DOC101690,19130.72,Despesa
2024-07-13,CLI0075,PRD0062,V009,CC01,,DOC101691,14882.53,Receita
2026-08-11,CLI0188,PRD0135,V013,CC01,FOR0080,DOC101692,19344.96,Despesa
2024-10-29,CLI0220,PRD0145,V004,CC08,,DOC101693,6337.26,Receita
2025-11-21,CLI0193,PRD0023,V014,CC06,,DOC101694,4648.78,Receita
2025-03-15,CLI0158,PRD0037,V009,CC03,FOR0059,DOC101695,10931.83,Despesa
2026-06-04,CLI0163,PRD0071,V026,CC02,,DOC101696,18595.3,Receita
2025-03-20,CLI0080,PRD0043,V029,CC09,,DOC101697,890.58,Receita
2025-10-13,CLI0180,PRD0153,V013,CC05,FOR0038,DOC101698,10379.08,Despesa
2024-01-05,CLI0162,PRD0161,V003,CC05,FOR0090,DOC101699,18940.37,Despesa
2023-02-10,CLI0013,PRD0027,V006,CC07,,DOC101700,15629.1,Receita
2024-04-28,CLI0278,PRD0173,V016,CC03,FOR0022,DOC101701,29124.48,Despesa
2023-05-03,CLI0265,PRD0158,V009,CC01,FOR0087,DOC101702,2819.51,Despesa
2023-01-08,CLI0283,PRD0111,V020,CC07,FOR0095,DOC101703,2667.58,Despesa
2025-04-09,CLI0014,PRD0192,V014,CC05,FOR0093,DOC101704,6766.44,Despesa
2025-11-08,CLI0043,PRD0100,V010,CC02,,DOC101705,24596.41,Receita
2023-09-09,CLI0028,PRD0037,V006,CC06,FOR0051,DOC101706,12677.28,Despesa
2025-09-30,CLI0147,PRD0012,V025,CC07,FOR0034,DOC101707,16378.75,Despesa
2026-12-06,CLI0211,PRD0133,V007,CC04,,DOC101708,24021.89,Receita
2023-01-14,CLI0153,PRD0117,V023,CC06,FOR0065,DOC101709,22551.66,Despesa
2023-03-04,CLI0248,PRD0026,V009,CC01,FOR0003,DOC101710,6491.64,Despesa
2023-07-30,CLI0079,PRD0096,V028,CC05,FOR0016,DOC101711,7306.21,Despesa
2025-03-17,CLI0246,PRD0066,V020,CC07,FOR0019,DOC101712,6569.49,Despesa
2023-10-11,CLI0113,PRD0100,V012,CC08,,DOC101713,23500.1,Receita
2025-05-11,CLI0260,PRD0177,V016,CC07,FOR0059,DOC101714,1993.01,Despesa
2026-03-19,CLI0268,PRD0107,V011,CC10,,DOC101715,23919.43,Receita
2025-01-07,CLI0186,PRD0192,V028,CC02,,DOC101716,1388.57,Receita
2025-01-14,CLI0146,PRD0092,V026,CC07,,DOC101717,23179.89,Receita
2025-04-29,CLI0090,PRD0159,V020,CC03,,DOC101718,16903.34,Receita
2023-04-10,CLI0268,PRD0152,V008,CC03,FOR0050,DOC101719,28509.54,Despesa
2023-08-02,CLI0228,PRD0145,V005,CC01,,DOC101720,20525.56,Receita
2024-02-25,CLI0030,PRD0116,V004,CC01,FOR0021,DOC101721,24795.71,Despesa
2025-10-08,CLI0112,PRD0070,V010,CC07,,DOC101722,19041.47,Receita
2025-05-09,CLI0094,PRD0055,V027,CC09,FOR0019,DOC101723,23025.99,Despesa
2026-03-11,CLI0018,PRD0104,V010,CC02,,DOC101724,24785.44,Receita
2025-06-30,CLI0124,PRD0020,V008,CC08,,DOC101725,24331.34,Receita
2023-09-16,CLI0300,PRD0041,V017,CC05,,DOC101726,3845.37,Receita
2025-05-07,CLI0181,PRD0127,V018,CC10,FOR0074,DOC101727,9988.43,Despesa
2024-10-06,CLI0275,PRD0075,V016,CC06,FOR0033,DOC101728,19807.58,Despesa
2024-10-29,CLI0228,PRD0066,V012,CC05,,DOC101729,2085.92,Receita
2023-10-13,CLI0084,PRD0143,V005,CC07,,DOC101730,29622.82,Receita
2024-03-24,CLI0184,PRD0134,V028,CC06,FOR0067,DOC101731,28832.21,Despesa
2026-09-24,CLI0250,PRD0128,V022,CC07,,DOC101732,13413.91,Receita
2024-07-18,CLI0023,PRD0166,V012,CC04,FOR0082,DOC101733,26372.4,Despesa
2023-04-16,CLI0168,PRD0042,V026,CC09,,DOC101734,13348.07,Receita
2026-06-08,CLI0274,PRD0122,V011,CC05,FOR0064,DOC101735,8054.68,Despesa
2023-08-01,CLI0254,PRD0169,V011,CC03,FOR0080,DOC101736,28410.67,Despesa
2025-11-26,CLI0112,PRD0003,V030,CC06,FOR0005,DOC101737,26344.62,Despesa
2025-05-26,CLI0289,PRD0137,V018,CC01,FOR0056,DOC101738,727.6,Despesa
2026-02-22,CLI0103,PRD0163,V015,CC03,,DOC101739,13585.17,Receita
2025-11-30,CLI0151,PRD0099,V025,CC06,,DOC101740,18221.77,Receita
2024-10-14,CLI0083,PRD0030,V025,CC09,FOR0069,DOC101741,7740.63,Despesa
2024-05-24,CLI0019,PRD0150,V018,CC09,FOR0096,DOC101742,2864.78,Despesa
2026-01-27,CLI0224,PRD0020,V028,CC01,FOR0031,DOC101743,5143.64,Despesa
2023-12-09,CLI0070,PRD0013,V021,CC05,,DOC101744,28694.41,Receita
2026-12-15,CLI0017,PRD0157,V006,CC02,,DOC101745,8782.61,Receita
2024-04-25,CLI0092,PRD0091,V015,CC04,,DOC101746,25871.62,Receita
2026-10-26,CLI0065,PRD0199,V024,CC01,,DOC101747,16347.7,Receita
2023-03-31,CLI0191,PRD0143,V002,CC04,FOR0014,DOC101748,17289.63,Despesa
2025-09-06,CLI0051,PRD0056,V017,CC06,FOR0004,DOC101749,13152.07,Despesa
2024-11-20,CLI0159,PRD0107,V007,CC09,FOR0088,DOC101750,18890.29,Despesa
2025-04-13,CLI0181,PRD0084,V009,CC07,,DOC101751,12139.93,Receita
2024-12-07,CLI0020,PRD0164,V011,CC09,FOR0063,DOC101752,9031.74,Despesa
2026-09-07,CLI0057,PRD0092,V016,CC01,,DOC101753,9083.09,Receita
2025-05-31,CLI0055,PRD0150,V018,CC08,,DOC101754,188.36,Receita
2024-04-09,CLI0285,PRD0140,V004,CC06,FOR0025,DOC101755,16281.01,Despesa
2024-07-30,CLI0211,PRD0082,V025,CC06,,DOC101756,10142.44,Receita
2024-07-15,CLI0064,PRD0010,V023,CC09,,DOC101757,8375.01,Receita
2024-02-01,CLI0249,PRD0031,V006,CC07,,DOC101758,12115.67,Receita
2025-12-04,CLI0085,PRD0184,V029,CC08,FOR0091,DOC101759,26097.87,Despesa
2026-02-18,CLI0160,PRD0035,V014,CC10,FOR0050,DOC101760,8781.35,Despesa
2025-03-27,CLI0197,PRD0185,V028,CC10,,DOC101761,11818.62,Receita
2024-03-11,CLI0208,PRD0087,V021,CC01,FOR0048,DOC101762,18089.7,Despesa
2024-02-21,CLI0148,PRD0110,V029,CC10,,DOC101763,25570.96,Receita
2024-12-09,CLI0300,PRD0059,V019,CC09,FOR0052,DOC101764,14230.72,Despesa
2025-11-18,CLI0297,PRD0122,V001,CC09,,DOC101765,26486.55,Receita
2024-02-07,CLI0101,PRD0004,V015,CC10,FOR0019,DOC101766,9193.93,Despesa
2026-09-24,CLI0204,PRD0009,V028,CC02,FOR0082,DOC101767,23664.85,Despesa
2026-06-19,CLI0172,PRD0104,V017,CC09,,DOC101768,29097.08,Receita
2023-12-11,CLI0233,PRD0194,V017,CC05,FOR0072,DOC101769,25462.03,Despesa
2025-11-07,CLI0201,PRD0051,V022,CC02,,DOC101770,7946.46,Receita
2025-11-06,CLI0245,PRD0151,V023,CC10,FOR0004,DOC101771,20505.3,Despesa
2026-05-24,CLI0141,PRD0109,V009,CC07,,DOC101772,27576.28,Receita
2024-10-09,CLI0044,PRD0001,V020,CC09,,DOC101773,19620.5,Receita
2023-03-18,CLI0220,PRD0193,V008,CC03,,DOC101774,28689.95,Receita
2026-01-27,CLI0273,PRD0108,V006,CC09,,DOC101775,12244.64,Receita
2024-06-02,CLI0061,PRD0191,V021,CC06,,DOC101776,11333.8,Receita
2026-04-22,CLI0175,PRD0039,V006,CC04,FOR0062,DOC101777,27224.67,Despesa
2024-09-17,CLI0020,PRD0100,V013,CC05,FOR0084,DOC101778,2966.54,Despesa
2026-10-30,CLI0223,PRD0037,V001,CC02,,DOC101779,25121.97,Receita
2026-06-03,CLI0236,PRD0187,V026,CC04,,DOC101780,10589.31,Receita
2026-01-08,CLI0274,PRD0030,V001,CC08,FOR0075,DOC101781,26561.21,Despesa
2025-07-21,CLI0107,PRD0064,V025,CC08,,DOC101782,22068.93,Receita
2023-01-03,CLI0166,PRD0069,V003,CC10,FOR0019,DOC101783,15832.76,Despesa
2026-04-13,CLI0065,PRD0164,V024,CC05,,DOC101784,28299.41,Receita
2025-01-07,CLI0214,PRD0164,V004,CC05,FOR0070,DOC101785,1119.09,Despesa
2024-07-21,CLI0103,PRD0028,V015,CC07,FOR0023,DOC101786,1624.18,Despesa
2023-02-01,CLI0131,PRD0155,V020,CC02,FOR0064,DOC101787,6129.94,Despesa
2024-10-18,CLI0037,PRD0024,V018,CC04,,DOC101788,20616.37,Receita
2026-06-13,CLI0110,PRD0155,V010,CC08,FOR0045,DOC101789,16022.22,Despesa
2024-01-29,CLI0102,PRD0023,V021,CC09,,DOC101790,29587.61,Receita
2023-03-16,CLI0229,PRD0129,V018,CC05,FOR0007,DOC101791,29877.94,Despesa
2024-01-22,CLI0117,PRD0006,V007,CC06,,DOC101792,25657.16,Receita
2024-03-31,CLI0286,PRD0150,V020,CC05,FOR0059,DOC101793,3996.45,Despesa
2026-11-15,CLI0290,PRD0113,V010,CC05,,DOC101794,3758.26,Receita
2026-05-29,CLI0288,PRD0157,V023,CC08,FOR0057,DOC101795,25487.13,Despesa
2023-10-10,CLI0100,PRD0038,V025,CC05,FOR0008,DOC101796,25975.08,Despesa
2024-05-19,CLI0269,PRD0080,V002,CC04,FOR0019,DOC101797,12271.86,Despesa
2026-07-18,CLI0029,PRD0165,V009,CC09,FOR0088,DOC101798,3453.7,Despesa
2026-05-31,CLI0226,PRD0077,V014,CC02,FOR0027,DOC101799,19775.25,Despesa
2025-02-21,CLI0110,PRD0170,V008,CC04,FOR0072,DOC101800,22822.7,Despesa
2026-08-19,CLI0195,PRD0063,V029,CC07,FOR0082,DOC101801,26316.18,Despesa
2025-01-20,CLI0100,PRD0188,V020,CC05,,DOC101802,16820.13,Receita
2024-09-29,CLI0046,PRD0172,V028,CC04,FOR0038,DOC101803,28365.08,Despesa
2025-10-26,CLI0021,PRD0094,V029,CC02,FOR0016,DOC101804,16851.09,Despesa
2026-01-15,CLI0142,PRD0178,V016,CC02,,DOC101805,13284.98,Receita
2026-07-17,CLI0168,PRD0029,V007,CC06,FOR0009,DOC101806,11275.99,Despesa
2023-01-06,CLI0094,PRD0059,V029,CC08,FOR0003,DOC101807,20882.04,Despesa
2024-08-28,CLI0010,PRD0129,V016,CC02,FOR0015,DOC101808,26986.99,Despesa
2026-04-25,CLI0156,PRD0031,V001,CC02,FOR0034,DOC101809,6864.48,Despesa
2023-05-15,CLI0187,PRD0104,V024,CC08,,DOC101810,15555.28,Receita
2026-01-07,CLI0104,PRD0021,V027,CC08,FOR0088,DOC101811,29307.76,Despesa
2024-06-01,CLI0143,PRD0135,V026,CC10,,DOC101812,1871.63,Receita
2024-10-15,CLI0031,PRD0167,V011,CC10,,DOC101813,26860.46,Receita
2026-02-20,CLI0167,PRD0193,V011,CC02,FOR0007,DOC101814,24360.92,Despesa
2026-10-07,CLI0170,PRD0078,V006,CC08,,DOC101815,26966.2,Receita
2026-04-25,CLI0257,PRD0044,V024,CC01,FOR0099,DOC101816,24014.28,Despesa
2026-04-23,CLI0156,PRD0189,V014,CC03,,DOC101817,23029.26,Receita
2026-01-11,CLI0093,PRD0157,V018,CC06,FOR0084,DOC101818,15134.86,Despesa
2026-10-28,CLI0168,PRD0029,V006,CC04,FOR0005,DOC101819,10033.46,Despesa
2025-04-01,CLI0050,PRD0096,V006,CC06,,DOC101820,14556.3,Receita
2026-05-24,CLI0149,PRD0041,V004,CC04,FOR0012,DOC101821,14329.03,Despesa
2024-04-22,CLI0050,PRD0031,V024,CC09,,DOC101822,20144.03,Receita
2023-05-01,CLI0050,PRD0040,V023,CC07,FOR0078,DOC101823,17506.26,Despesa
2023-04-27,CLI0199,PRD0159,V013,CC05,FOR0067,DOC101824,28114.46,Despesa
2023-07-05,CLI0109,PRD0143,V015,CC01,FOR0096,DOC101825,21261.35,Despesa
2026-04-22,CLI0064,PRD0188,V017,CC03,FOR0070,DOC101826,2501.38,Despesa
2023-03-16,CLI0249,PRD0023,V023,CC01,,DOC101827,4539.23,Receita
2026-09-23,CLI0294,PRD0103,V027,CC06,,DOC101828,16837.23,Receita
2024-12-15,CLI0104,PRD0182,V012,CC06,FOR0040,DOC101829,2999.82,Despesa
2023-04-25,CLI0180,PRD0157,V025,CC06,FOR0067,DOC101830,119.75,Despesa
2023-12-23,CLI0033,PRD0031,V008,CC05,FOR0030,DOC101831,19057.72,Despesa
2025-06-24,CLI0075,PRD0148,V021,CC09,FOR0031,DOC101832,9752.01,Despesa
2024-10-17,CLI0050,PRD0016,V024,CC06,FOR0037,DOC101833,8111.54,Despesa
2025-03-15,CLI0208,PRD0089,V011,CC06,FOR0020,DOC101834,10827.99,Despesa
2025-12-12,CLI0077,PRD0012,V030,CC01,FOR0050,DOC101835,12251.54,Despesa
2024-10-03,CLI0148,PRD0019,V019,CC06,FOR0049,DOC101836,28399.62,Despesa
2024-05-04,CLI0076,PRD0044,V005,CC10,FOR0054,DOC101837,24543.38,Despesa
2025-01-07,CLI0032,PRD0093,V030,CC01,FOR0097,DOC101838,16757.55,Despesa
2024-03-09,CLI0113,PRD0166,V017,CC05,,DOC101839,28751.78,Receita
2025-04-24,CLI0164,PRD0168,V007,CC03,FOR0069,DOC101840,21845.41,Despesa
2024-03-18,CLI0148,PRD0050,V028,CC06,,DOC101841,27443.54,Receita
2024-04-12,CLI0158,PRD0044,V026,CC07,,DOC101842,24023.65,Receita
2025-08-24,CLI0172,PRD0098,V011,CC04,,DOC101843,23236.54,Receita
2024-01-15,CLI0147,PRD0146,V025,CC08,,DOC101844,14894.5,Receita
2026-11-17,CLI0065,PRD0077,V004,CC10,,DOC101845,16422.92,Receita
2023-04-24,CLI0205,PRD0114,V014,CC03,,DOC101846,29089.31,Receita
2023-08-04,CLI0133,PRD0185,V001,CC04,,DOC101847,13688.15,Receita
2024-12-17,CLI0275,PRD0017,V011,CC10,FOR0097,DOC101848,19714.11,Despesa
2024-03-04,CLI0209,PRD0171,V007,CC06,FOR0053,DOC101849,29204.85,Despesa
2025-04-14,CLI0025,PRD0073,V030,CC03,,DOC101850,8787.4,Receita
2023-01-22,CLI0263,PRD0176,V023,CC09,FOR0052,DOC101851,17921.9,Despesa
2023-10-12,CLI0201,PRD0068,V022,CC09,FOR0011,DOC101852,6371.89,Despesa
2024-08-28,CLI0068,PRD0014,V020,CC08,,DOC101853,19465.14,Receita
2024-02-05,CLI0120,PRD0058,V015,CC07,,DOC101854,28727.91,Receita
2025-03-26,CLI0149,PRD0094,V008,CC08,,DOC101855,9239.23,Receita
2023-03-17,CLI0067,PRD0152,V021,CC09,FOR0027,DOC101856,21041.18,Despesa
2026-07-05,CLI0131,PRD0180,V017,CC06,FOR0069,DOC101857,15067.0,Despesa
2024-07-05,CLI0042,PRD0195,V008,CC06,,DOC101858,212.04,Receita
2024-03-07,CLI0055,PRD0153,V030,CC05,FOR0029,DOC101859,12092.91,Despesa
2026-04-06,CLI0210,PRD0044,V029,CC06,,DOC101860,16578.26,Receita
2026-01-13,CLI0023,PRD0185,V010,CC02,FOR0020,DOC101861,28060.46,Despesa
2025-07-30,CLI0214,PRD0154,V017,CC06,FOR0064,DOC101862,13123.82,Despesa
2023-09-11,CLI0280,PRD0032,V024,CC08,,DOC101863,14452.08,Receita
2025-09-23,CLI0209,PRD0064,V019,CC06,FOR0099,DOC101864,18785.02,Despesa
2025-09-27,CLI0082,PRD0108,V017,CC01,FOR0009,DOC101865,8169.45,Despesa
2026-08-19,CLI0198,PRD0172,V018,CC10,FOR0099,DOC101866,12108.81,Despesa
2026-08-17,CLI0200,PRD0156,V018,CC10,FOR0014,DOC101867,11212.22,Despesa
2026-10-28,CLI0275,PRD0106,V016,CC07,,DOC101868,17627.02,Receita
2025-11-13,CLI0181,PRD0179,V025,CC07,FOR0051,DOC101869,19118.41,Despesa
2025-02-06,CLI0052,PRD0086,V029,CC07,,DOC101870,8450.16,Receita
2026-10-10,CLI0053,PRD0019,V020,CC02,FOR0037,DOC101871,27676.85,Despesa
2023-01-17,CLI0073,PRD0122,V027,CC10,FOR0019,DOC101872,28343.74,Despesa
2024-11-27,CLI0164,PRD0196,V001,CC06,FOR0090,DOC101873,20940.71,Despesa
2025-03-08,CLI0235,PRD0032,V005,CC08,FOR0021,DOC101874,16820.24,Despesa
2023-04-01,CLI0247,PRD0121,V021,CC06,FOR0037,DOC101875,11194.69,Despesa
2023-11-16,CLI0258,PRD0061,V004,CC02,,DOC101876,3125.46,Receita
2024-12-15,CLI0175,PRD0166,V023,CC03,FOR0013,DOC101877,4862.67,Despesa
2024-04-21,CLI0279,PRD0180,V011,CC05,FOR0091,DOC101878,19871.53,Despesa
2026-02-12,CLI0128,PRD0132,V024,CC10,,DOC101879,16563.17,Receita
2023-12-25,CLI0202,PRD0180,V018,CC06,,DOC101880,13887.41,Receita
2026-10-01,CLI0192,PRD0133,V007,CC08,FOR0093,DOC101881,29777.78,Despesa
2023-12-15,CLI0209,PRD0052,V026,CC05,FOR0002,DOC101882,10224.68,Despesa
2026-12-04,CLI0018,PRD0067,V029,CC09,,DOC101883,5654.92,Receita
2023-04-09,CLI0115,PRD0107,V006,CC07,FOR0052,DOC101884,26397.54,Despesa
2024-08-04,CLI0211,PRD0009,V002,CC03,FOR0094,DOC101885,2506.62,Despesa
2026-05-05,CLI0001,PRD0198,V005,CC10,,DOC101886,19078.61,Receita
2025-06-15,CLI0200,PRD0192,V010,CC03,FOR0095,DOC101887,27535.5,Despesa
2026-09-18,CLI0172,PRD0012,V023,CC03,FOR0091,DOC101888,18622.81,Despesa
2026-01-25,CLI0116,PRD0112,V005,CC01,FOR0033,DOC101889,27277.14,Despesa
2024-02-16,CLI0050,PRD0087,V022,CC01,,DOC101890,15922.67,Receita
2026-06-27,CLI0049,PRD0053,V004,CC05,,DOC101891,20042.84,Receita
2024-12-24,CLI0115,PRD0029,V011,CC05,,DOC101892,26268.8,Receita
2024-07-06,CLI0067,PRD0170,V023,CC10,FOR0065,DOC101893,21419.28,Despesa
2025-09-16,CLI0268,PRD0077,V022,CC05,FOR0060,DOC101894,19252.89,Despesa
2024-10-14,CLI0021,PRD0157,V014,CC10,FOR0078,DOC101895,23419.13,Despesa
2026-03-28,CLI0095,PRD0028,V005,CC03,FOR0090,DOC101896,12301.05,Despesa
2026-04-21,CLI0178,PRD0073,V023,CC02,FOR0072,DOC101897,21630.4,Despesa
2024-08-17,CLI0199,PRD0136,V025,CC10,,DOC101898,28121.51,Receita
2023-04-29,CLI0084,PRD0125,V020,CC07,FOR0023,DOC101899,27492.69,Despesa
2023-04-01,CLI0037,PRD0195,V012,CC04,FOR0080,DOC101900,26230.86,Despesa
2024-10-21,CLI0288,PRD0013,V018,CC02,FOR0093,DOC101901,26951.55,Despesa
2025-04-15,CLI0145,PRD0189,V006,CC10,,DOC101902,21060.09,Receita
2024-08-20,CLI0205,PRD0119,V023,CC03,,DOC101903,16900.63,Receita
2025-07-20,CLI0009,PRD0172,V020,CC05,,DOC101904,13432.87,Receita
2024-08-26,CLI0018,PRD0192,V005,CC01,FOR0018,DOC101905,7279.05,Despesa
2024-05-14,CLI0052,PRD0181,V015,CC09,,DOC101906,24487.18,Receita
2023-08-10,CLI0290,PRD0147,V005,CC09,,DOC101907,19040.51,Receita
2025-03-19,CLI0021,PRD0043,V022,CC04,,DOC101908,4657.37,Receita
2025-08-07,CLI0139,PRD0193,V011,CC04,,DOC101909,16783.46,Receita
2024-07-31,CLI0156,PRD0042,V025,CC03,,DOC101910,23448.28,Receita
2024-06-19,CLI0205,PRD0147,V003,CC09,FOR0045,DOC101911,10821.65,Despesa
2026-07-07,CLI0180,PRD0020,V029,CC07,FOR0011,DOC101912,18013.7,Despesa
2023-01-24,CLI0105,PRD0053,V025,CC05,,DOC101913,6360.82,Receita
2025-05-05,CLI0020,PRD0133,V030,CC08,FOR0022,DOC101914,9697.76,Despesa
2026-07-07,CLI0262,PRD0158,V004,CC01,,DOC101915,15397.18,Receita
2023-12-19,CLI0240,PRD0014,V007,CC10,FOR0082,DOC101916,931.63,Despesa
2023-06-17,CLI0050,PRD0081,V024,CC05,,DOC101917,1697.15,Receita
2023-03-22,CLI0159,PRD0012,V024,CC08,FOR0084,DOC101918,23130.14,Despesa
2023-08-19,CLI0139,PRD0039,V018,CC06,,DOC101919,20018.69,Receita
2025-07-29,CLI0061,PRD0042,V014,CC06,,DOC101920,11062.93,Receita
2026-10-01,CLI0129,PRD0178,V005,CC06,,DOC101921,6270.51,Receita
2023-08-25,CLI0207,PRD0194,V030,CC08,,DOC101922,29719.85,Receita
2023-04-11,CLI0041,PRD0045,V012,CC01,FOR0032,DOC101923,26915.59,Despesa
2024-09-29,CLI0148,PRD0058,V029,CC10,FOR0084,DOC101924,6343.29,Despesa
2024-01-06,CLI0003,PRD0192,V012,CC01,FOR0061,DOC101925,15313.82,Despesa
2025-07-31,CLI0111,PRD0033,V012,CC08,FOR0018,DOC101926,12253.1,Despesa
2023-10-13,CLI0075,PRD0017,V025,CC03,,DOC101927,3010.99,Receita
2026-01-01,CLI0283,PRD0027,V022,CC09,FOR0059,DOC101928,21821.87,Despesa
2025-11-30,CLI0184,PRD0012,V003,CC04,FOR0004,DOC101929,25258.85,Despesa
2025-07-24,CLI0223,PRD0083,V010,CC07,FOR0065,DOC101930,1591.86,Despesa
2026-05-31,CLI0183,PRD0070,V027,CC06,,DOC101931,5496.57,Receita
2024-08-05,CLI0230,PRD0110,V008,CC07,FOR0032,DOC101932,18699.21,Despesa
2025-05-04,CLI0143,PRD0156,V002,CC05,,DOC101933,10511.23,Receita
2026-03-17,CLI0027,PRD0065,V025,CC06,FOR0077,DOC101934,13192.5,Despesa
2026-06-06,CLI0192,PRD0058,V007,CC09,,DOC101935,8869.18,Receita
2023-03-31,CLI0140,PRD0107,V025,CC02,FOR0082,DOC101936,22775.89,Despesa
2026-05-27,CLI0217,PRD0182,V018,CC10,,DOC101937,8277.4,Receita
2024-10-29,CLI0275,PRD0123,V004,CC06,,DOC101938,11250.65,Receita
2025-04-18,CLI0046,PRD0139,V009,CC06,,DOC101939,4455.98,Receita
2024-05-29,CLI0210,PRD0005,V026,CC07,,DOC101940,28172.0,Receita
2024-04-11,CLI0180,PRD0065,V013,CC01,FOR0074,DOC101941,13639.09,Despesa
2024-03-25,CLI0297,PRD0166,V019,CC08,FOR0068,DOC101942,9646.35,Despesa
2023-07-19,CLI0087,PRD0093,V023,CC06,,DOC101943,17578.06,Receita
2025-03-21,CLI0168,PRD0036,V026,CC07,FOR0049,DOC101944,429.98,Despesa
2025-01-15,CLI0238,PRD0128,V030,CC06,FOR0006,DOC101945,15292.97,Despesa
2026-02-28,CLI0039,PRD0162,V027,CC04,FOR0077,DOC101946,7414.75,Despesa
2024-03-02,CLI0032,PRD0179,V009,CC05,,DOC101947,15128.74,Receita
2026-05-23,CLI0190,PRD0029,V023,CC09,FOR0078,DOC101948,4673.52,Despesa
2025-02-14,CLI0106,PRD0049,V023,CC03,,DOC101949,1098.14,Receita
2023-11-03,CLI0074,PRD0120,V028,CC07,FOR0073,DOC101950,8856.96,Despesa
2026-01-18,CLI0092,PRD0050,V009,CC03,FOR0044,DOC101951,27007.24,Despesa
2024-11-29,CLI0213,PRD0094,V028,CC01,,DOC101952,9603.0,Receita
2025-02-01,CLI0039,PRD0029,V028,CC08,FOR0090,DOC101953,29710.36,Despesa
2023-04-14,CLI0111,PRD0022,V025,CC08,FOR0084,DOC101954,24877.35,Despesa
2024-02-10,CLI0028,PRD0196,V029,CC05,,DOC101955,6258.9,Receita
2023-12-13,CLI0230,PRD0189,V012,CC06,,DOC101956,24918.79,Receita
2025-08-21,CLI0070,PRD0012,V015,CC07,,DOC101957,16027.58,Receita
2023-09-01,CLI0108,PRD0199,V008,CC02,FOR0049,DOC101958,26195.08,Despesa
2025-08-28,CLI0075,PRD0005,V007,CC10,,DOC101959,24847.05,Receita
2023-07-12,CLI0001,PRD0152,V026,CC01,,DOC101960,22547.99,Receita
2025-02-26,CLI0166,PRD0187,V022,CC05,FOR0092,DOC101961,14399.48,Despesa
2026-09-25,CLI0231,PRD0118,V019,CC03,FOR0061,DOC101962,9414.58,Despesa
2026-12-14,CLI0177,PRD0118,V019,CC08,FOR0046,DOC101963,1270.32,Despesa
2024-09-03,CLI0174,PRD0158,V004,CC07,,DOC101964,11555.33,Receita
2025-11-07,CLI0217,PRD0063,V008,CC06,FOR0034,DOC101965,17783.86,Despesa
2024-09-03,CLI0122,PRD0043,V003,CC04,,DOC101966,7567.47,Receita
2025-07-12,CLI0212,PRD0170,V008,CC02,FOR0087,DOC101967,23406.22,Despesa
2025-03-11,CLI0223,PRD0193,V024,CC06,FOR0089,DOC101968,7837.63,Despesa
2023-03-17,CLI0011,PRD0023,V007,CC03,FOR0012,DOC101969,21412.33,Despesa
2026-04-03,CLI0256,PRD0025,V003,CC03,FOR0094,DOC101970,26975.46,Despesa
2023-02-08,CLI0108,PRD0157,V015,CC09,,DOC101971,23747.91,Receita
2024-08-08,CLI0300,PRD0097,V012,CC10,FOR0017,DOC101972,10708.81,Despesa
2025-07-02,CLI0033,PRD0044,V009,CC04,FOR0013,DOC101973,25912.88,Despesa
2024-06-17,CLI0296,PRD0108,V013,CC02,,DOC101974,2233.72,Receita
2024-01-27,CLI0159,PRD0030,V012,CC06,FOR0046,DOC101975,10676.96,Despesa
2025-11-14,CLI0095,PRD0117,V020,CC07,,DOC101976,29489.46,Receita
2023-07-20,CLI0184,PRD0036,V001,CC07,,DOC101977,28422.59,Receita
2026-10-26,CLI0122,PRD0042,V026,CC06,,DOC101978,4860.91,Receita
2026-03-30,CLI0161,PRD0040,V006,CC04,,DOC101979,17864.19,Receita
2024-02-04,CLI0049,PRD0176,V013,CC04,,DOC101980,6118.79,Receita
2025-01-27,CLI0124,PRD0173,V005,CC05,FOR0034,DOC101981,27167.09,Despesa
2026-04-13,CLI0285,PRD0124,V015,CC09,,DOC101982,26144.89,Receita
2024-11-28,CLI0163,PRD0071,V004,CC02,FOR0024,DOC101983,23203.22,Despesa
2023-04-12,CLI0096,PRD0155,V024,CC09,FOR0076,DOC101984,723.48,Despesa
2026-10-26,CLI0256,PRD0112,V013,CC09,,DOC101985,11922.95,Receita
2025-01-15,CLI0097,PRD0180,V004,CC09,,DOC101986,11244.04,Receita
2024-05-01,CLI0289,PRD0074,V014,CC06,FOR0064,DOC101987,26324.71,Despesa
2023-09-05,CLI0009,PRD0084,V027,CC10,,DOC101988,4124.0,Receita
2025-06-28,CLI0028,PRD0011,V004,CC08,,DOC101989,22667.06,Receita
2024-05-13,CLI0118,PRD0053,V009,CC03,FOR0097,DOC101990,2718.4,Despesa
2026-03-13,CLI0296,PRD0116,V015,CC07,,DOC101991,11330.12,Receita
2026-07-18,CLI0280,PRD0035,V006,CC05,,DOC101992,25820.68,Receita
2026-08-21,CLI0076,PRD0164,V019,CC06,,DOC101993,20787.54,Receita
2025-03-30,CLI0273,PRD0185,V014,CC02,,DOC101994,21524.31,Receita
2026-07-16,CLI0165,PRD0143,V011,CC07,FOR0007,DOC101995,15655.43,Despesa
2023-05-04,CLI0247,PRD0003,V030,CC06,FOR0076,DOC101996,25986.48,Despesa
2025-03-19,CLI0267,PRD0158,V025,CC03,FOR0062,DOC101997,6322.31,Despesa
2026-10-24,CLI0231,PRD0060,V019,CC04,FOR0045,DOC101998,3829.27,Despesa
2025-12-06,CLI0141,PRD0186,V001,CC02,FOR0003,DOC101999,2377.29,Despesa
2026-12-28,CLI0219,PRD0064,V020,CC08,FOR0006,DOC102000,29225.21,Despesa
2026-01-09,CLI0256,PRD0168,V027,CC07,FOR0014,DOC102001,4283.66,Despesa
2023-08-14,CLI0247,PRD0089,V028,CC09,FOR0002,DOC102002,10327.9,Despesa
2025-02-02,CLI0222,PRD0119,V024,CC03,,DOC102003,11945.6,Receita
2026-01-09,CLI0109,PRD0043,V017,CC03,FOR0044,DOC102004,6631.0,Despesa
2026-01-21,CLI0020,PRD0093,V004,CC10,,DOC102005,472.05,Receita
2023-11-02,CLI0023,PRD0105,V028,CC02,FOR0024,DOC102006,26093.46,Despesa
2026-03-08,CLI0253,PRD0050,V012,CC08,FOR0074,DOC102007,2803.59,Despesa
2025-05-14,CLI0187,PRD0088,V010,CC06,,DOC102008,9553.83,Receita
2024-02-07,CLI0039,PRD0081,V016,CC04,,DOC102009,23208.65,Receita
2026-06-04,CLI0224,PRD0047,V022,CC02,,DOC102010,6595.07,Receita
2025-07-27,CLI0225,PRD0058,V022,CC01,,DOC102011,29153.86,Receita
2026-01-23,CLI0060,PRD0136,V011,CC06,,DOC102012,26108.04,Receita
2025-11-26,CLI0293,PRD0072,V014,CC02,,DOC102013,24086.07,Receita
2024-08-06,CLI0024,PRD0052,V010,CC03,,DOC102014,12830.53,Receita
2024-11-12,CLI0151,PRD0181,V024,CC05,FOR0042,DOC102015,13633.72,Despesa
2025-10-28,CLI0124,PRD0189,V007,CC06,FOR0004,DOC102016,3375.35,Despesa
2023-01-28,CLI0086,PRD0060,V011,CC05,FOR0068,DOC102017,23003.85,Despesa
2026-12-06,CLI0190,PRD0006,V008,CC09,FOR0096,DOC102018,24758.15,Despesa
2023-08-20,CLI0090,PRD0071,V007,CC09,,DOC102019,21750.19,Receita
2023-12-10,CLI0300,PRD0111,V001,CC03,FOR0006,DOC102020,3910.85,Despesa
2025-02-15,CLI0087,PRD0090,V024,CC04,FOR0069,DOC102021,13874.73,Despesa
2024-09-26,CLI0296,PRD0099,V021,CC01,FOR0037,DOC102022,4458.84,Despesa
2023-01-16,CLI0239,PRD0079,V018,CC09,FOR0070,DOC102023,21963.4,Despesa
2025-08-03,CLI0013,PRD0183,V001,CC02,,DOC102024,7856.17,Receita
2023-08-02,CLI0061,PRD0155,V005,CC02,,DOC102025,12112.78,Receita
2025-02-13,CLI0038,PRD0038,V007,CC02,FOR0028,DOC102026,21743.28,Despesa
2025-08-09,CLI0242,PRD0104,V017,CC02,FOR0044,DOC102027,26747.57,Despesa
2024-04-17,CLI0052,PRD0092,V004,CC04,,DOC102028,9757.15,Receita
2023-12-04,CLI0064,PRD0060,V005,CC08,,DOC102029,19444.05,Receita
2025-06-20,CLI0189,PRD0033,V023,CC07,,DOC102030,2522.9,Receita
2023-05-23,CLI0260,PRD0052,V022,CC03,,DOC102031,29983.74,Receita
2025-01-06,CLI0089,PRD0162,V025,CC08,,DOC102032,23306.61,Receita
2025-10-02,CLI0065,PRD0070,V013,CC07,FOR0031,DOC102033,10886.78,Despesa
2025-05-27,CLI0148,PRD0138,V011,CC02,,DOC102034,24460.04,Receita
2023-05-07,CLI0014,PRD0116,V024,CC02,,DOC102035,26586.69,Receita
2025-05-25,CLI0187,PRD0001,V007,CC03,FOR0057,DOC102036,9803.98,Despesa
2025-10-05,CLI0035,PRD0101,V023,CC06,FOR0039,DOC102037,28145.49,Despesa
2024-02-17,CLI0050,PRD0017,V011,CC07,,DOC102038,10270.51,Receita
2023-11-15,CLI0112,PRD0144,V001,CC02,FOR0074,DOC102039,20826.4,Despesa
2024-03-29,CLI0093,PRD0059,V015,CC03,,DOC102040,7168.4,Receita
2026-08-17,CLI0135,PRD0140,V013,CC08,FOR0043,DOC102041,8575.11,Despesa
2024-08-07,CLI0061,PRD0195,V017,CC07,,DOC102042,23637.4,Receita
2025-03-20,CLI0011,PRD0148,V027,CC10,,DOC102043,3983.39,Receita
2026-08-09,CLI0040,PRD0082,V025,CC05,,DOC102044,27124.6,Receita
2023-12-06,CLI0217,PRD0184,V026,CC08,FOR0097,DOC102045,16280.82,Despesa
2023-01-01,CLI0096,PRD0003,V012,CC09,,DOC102046,9988.31,Receita
2024-03-15,CLI0277,PRD0146,V017,CC08,,DOC102047,3701.13,Receita
2024-10-04,CLI0194,PRD0099,V016,CC06,FOR0043,DOC102048,21436.58,Despesa
2024-09-16,CLI0251,PRD0155,V011,CC04,FOR0067,DOC102049,20206.9,Despesa
2025-04-19,CLI0002,PRD0107,V003,CC02,,DOC102050,16781.99,Receita
2026-08-03,CLI0048,PRD0136,V024,CC08,,DOC102051,19579.64,Receita
2023-05-18,CLI0052,PRD0079,V026,CC06,FOR0048,DOC102052,25439.85,Despesa
2026-03-13,CLI0190,PRD0044,V010,CC02,,DOC102053,8959.32,Receita
2024-05-28,CLI0065,PRD0013,V002,CC05,FOR0086,DOC102054,6009.63,Despesa
2026-02-23,CLI0237,PRD0094,V026,CC01,,DOC102055,22322.82,Receita
2025-02-11,CLI0118,PRD0031,V029,CC08,FOR0044,DOC102056,11170.2,Despesa
2026-01-22,CLI0094,PRD0154,V019,CC08,FOR0014,DOC102057,19574.21,Despesa
2023-09-17,CLI0164,PRD0197,V023,CC04,,DOC102058,3726.1,Receita
2026-05-16,CLI0076,PRD0178,V030,CC01,,DOC102059,19856.91,Receita
2024-07-01,CLI0022,PRD0098,V013,CC02,,DOC102060,11232.31,Receita
2026-10-03,CLI0221,PRD0011,V020,CC10,FOR0077,DOC102061,7437.39,Despesa
2023-07-14,CLI0171,PRD0002,V029,CC04,FOR0076,DOC102062,20450.22,Despesa
2024-07-25,CLI0024,PRD0196,V007,CC03,FOR0051,DOC102063,7241.94,Despesa
2026-03-14,CLI0057,PRD0129,V013,CC06,FOR0004,DOC102064,24120.88,Despesa
2023-02-19,CLI0184,PRD0015,V022,CC01,FOR0091,DOC102065,14041.26,Despesa
2026-04-01,CLI0005,PRD0071,V019,CC08,,DOC102066,12016.16,Receita
2024-05-04,CLI0003,PRD0056,V013,CC10,,DOC102067,17978.04,Receita
2024-07-29,CLI0151,PRD0160,V011,CC03,FOR0096,DOC102068,25692.99,Despesa
2023-02-28,CLI0219,PRD0066,V023,CC10,FOR0078,DOC102069,24473.41,Despesa
2026-06-07,CLI0269,PRD0007,V028,CC04,FOR0059,DOC102070,25684.19,Despesa
2023-09-07,CLI0078,PRD0163,V015,CC10,FOR0012,DOC102071,3234.56,Despesa
2026-10-12,CLI0255,PRD0100,V015,CC10,,DOC102072,20800.02,Receita
2025-12-02,CLI0003,PRD0113,V015,CC04,FOR0053,DOC102073,2191.29,Despesa
2023-03-25,CLI0053,PRD0190,V014,CC06,FOR0089,DOC102074,9224.23,Despesa
2024-01-11,CLI0176,PRD0197,V026,CC07,FOR0085,DOC102075,16490.78,Despesa
2025-11-10,CLI0219,PRD0027,V009,CC07,FOR0005,DOC102076,1388.21,Despesa
2024-06-08,CLI0046,PRD0033,V006,CC10,,DOC102077,14282.48,Receita
2025-01-05,CLI0110,PRD0087,V017,CC04,,DOC102078,17603.51,Receita
2026-06-01,CLI0160,PRD0096,V006,CC07,FOR0015,DOC102079,1413.22,Despesa
2023-06-02,CLI0123,PRD0057,V007,CC02,,DOC102080,20682.57,Receita
2023-02-14,CLI0283,PRD0008,V006,CC02,FOR0038,DOC102081,16598.41,Despesa
2023-11-03,CLI0011,PRD0159,V005,CC02,,DOC102082,15577.52,Receita
2025-09-04,CLI0191,PRD0059,V028,CC04,FOR0052,DOC102083,16947.32,Despesa
2024-10-22,CLI0057,PRD0173,V014,CC10,FOR0037,DOC102084,17725.67,Despesa
2023-06-12,CLI0267,PRD0014,V014,CC09,FOR0004,DOC102085,19060.46,Despesa
2023-01-04,CLI0166,PRD0027,V016,CC04,FOR0038,DOC102086,4251.31,Despesa
2026-03-27,CLI0058,PRD0156,V001,CC03,,DOC102087,29987.91,Receita
2025-11-30,CLI0270,PRD0189,V002,CC04,,DOC102088,25136.8,Receita
2025-02-08,CLI0107,PRD0199,V030,CC04,FOR0009,DOC102089,27738.79,Despesa
2025-03-11,CLI0252,PRD0126,V006,CC02,FOR0042,DOC102090,23312.24,Despesa
2023-05-03,CLI0210,PRD0163,V029,CC07,,DOC102091,14793.47,Receita
2023-10-31,CLI0036,PRD0005,V015,CC09,,DOC102092,8692.03,Receita
2026-08-26,CLI0136,PRD0050,V028,CC08,FOR0056,DOC102093,29539.3,Despesa
2025-04-12,CLI0156,PRD0029,V020,CC09,FOR0045,DOC102094,8928.39,Despesa
2023-05-10,CLI0124,PRD0142,V014,CC05,FOR0069,DOC102095,15641.29,Despesa
2024-11-08,CLI0169,PRD0128,V007,CC10,FOR0091,DOC102096,1437.31,Despesa
2024-02-02,CLI0300,PRD0196,V022,CC06,FOR0002,DOC102097,22274.45,Despesa
2023-09-21,CLI0208,PRD0136,V012,CC09,FOR0074,DOC102098,5150.91,Despesa
2024-01-01,CLI0158,PRD0104,V008,CC04,,DOC102099,15636.6,Receita
2023-12-31,CLI0267,PRD0043,V024,CC10,,DOC102100,14553.0,Receita
2024-02-09,CLI0176,PRD0004,V027,CC09,,DOC102101,2886.9,Receita
2024-01-31,CLI0135,PRD0005,V028,CC09,,DOC102102,21326.5,Receita
2024-09-24,CLI0144,PRD0048,V001,CC10,,DOC102103,11843.31,Receita
2024-10-15,CLI0055,PRD0001,V012,CC03,FOR0005,DOC102104,22522.26,Despesa
2023-12-24,CLI0020,PRD0188,V017,CC08,FOR0030,DOC102105,5926.22,Despesa
2025-05-05,CLI0036,PRD0136,V016,CC07,,DOC102106,25117.72,Receita
2025-06-02,CLI0198,PRD0158,V001,CC07,,DOC102107,19523.33,Receita
2024-02-05,CLI0233,PRD0053,V009,CC07,FOR0037,DOC102108,26706.53,Despesa
2024-10-17,CLI0087,PRD0104,V029,CC01,,DOC102109,18694.96,Receita
2025-03-24,CLI0003,PRD0067,V011,CC08,FOR0046,DOC102110,10024.67,Despesa
2025-05-06,CLI0071,PRD0188,V001,CC06,,DOC102111,24902.68,Receita
2023-06-03,CLI0130,PRD0009,V017,CC01,FOR0033,DOC102112,5343.29,Despesa
2024-08-30,CLI0097,PRD0028,V017,CC05,FOR0068,DOC102113,20105.48,Despesa
2024-11-08,CLI0286,PRD0033,V007,CC01,,DOC102114,11829.2,Receita
2024-05-22,CLI0080,PRD0124,V016,CC09,FOR0076,DOC102115,8051.87,Despesa
2023-11-13,CLI0022,PRD0046,V017,CC01,FOR0077,DOC102116,25289.32,Despesa
2025-10-31,CLI0152,PRD0156,V012,CC08,FOR0097,DOC102117,13471.83,Despesa
2026-07-27,CLI0047,PRD0182,V020,CC05,,DOC102118,12265.31,Receita
2023-01-31,CLI0205,PRD0115,V012,CC02,,DOC102119,24408.09,Receita
2025-03-17,CLI0101,PRD0048,V029,CC01,,DOC102120,6063.58,Receita
2025-12-23,CLI0150,PRD0170,V009,CC10,FOR0095,DOC102121,16450.8,Despesa
2024-12-09,CLI0112,PRD0055,V020,CC01,FOR0052,DOC102122,6254.17,Despesa
2023-04-25,CLI0157,PRD0146,V018,CC09,FOR0074,DOC102123,830.82,Despesa
2026-09-17,CLI0175,PRD0031,V022,CC08,FOR0089,DOC102124,18935.42,Despesa
2024-06-23,CLI0210,PRD0041,V029,CC10,,DOC102125,5126.99,Receita
2023-09-07,CLI0101,PRD0151,V017,CC02,,DOC102126,6172.45,Receita
2026-10-14,CLI0010,PRD0044,V021,CC10,,DOC102127,20262.38,Receita
2024-07-12,CLI0239,PRD0067,V024,CC05,FOR0094,DOC102128,4152.63,Despesa
2025-03-15,CLI0087,PRD0105,V019,CC06,,DOC102129,14458.55,Receita
2024-07-23,CLI0059,PRD0085,V019,CC02,FOR0046,DOC102130,2256.45,Despesa
2024-03-29,CLI0048,PRD0105,V001,CC09,,DOC102131,28181.77,Receita
2024-04-25,CLI0114,PRD0113,V023,CC01,,DOC102132,5230.09,Receita
2024-11-29,CLI0002,PRD0107,V014,CC09,,DOC102133,14468.59,Receita
2026-10-25,CLI0247,PRD0113,V028,CC07,FOR0066,DOC102134,24468.43,Despesa
2023-10-01,CLI0274,PRD0069,V010,CC08,,DOC102135,11060.04,Receita
2024-01-21,CLI0195,PRD0022,V028,CC06,,DOC102136,2761.51,Receita
2023-07-12,CLI0173,PRD0184,V022,CC08,,DOC102137,13422.31,Receita
2025-10-06,CLI0081,PRD0078,V013,CC06,FOR0005,DOC102138,7613.02,Despesa
2026-08-11,CLI0264,PRD0178,V013,CC09,FOR0026,DOC102139,8207.35,Despesa
2024-10-30,CLI0150,PRD0086,V002,CC10,,DOC102140,25548.81,Receita
2023-04-03,CLI0029,PRD0053,V003,CC09,FOR0017,DOC102141,5692.2,Despesa
2026-10-16,CLI0060,PRD0077,V015,CC07,,DOC102142,1277.73,Receita
2024-08-10,CLI0084,PRD0157,V006,CC06,,DOC102143,25516.78,Receita
2023-03-21,CLI0079,PRD0015,V028,CC02,,DOC102144,3132.75,Receita
2023-11-14,CLI0175,PRD0123,V002,CC09,FOR0069,DOC102145,6750.56,Despesa
2024-03-01,CLI0131,PRD0132,V004,CC06,,DOC102146,25990.25,Receita
2024-11-01,CLI0064,PRD0035,V024,CC05,FOR0078,DOC102147,20199.97,Despesa
2023-12-25,CLI0203,PRD0063,V004,CC06,,DOC102148,7806.38,Receita
2025-12-08,CLI0201,PRD0190,V028,CC01,FOR0050,DOC102149,1005.05,Despesa
2025-07-18,CLI0087,PRD0198,V011,CC03,FOR0028,DOC102150,18520.47,Despesa
2025-12-27,CLI0038,PRD0047,V014,CC02,,DOC102151,10499.59,Receita
2026-10-24,CLI0297,PRD0062,V006,CC02,,DOC102152,10889.24,Receita
2024-02-14,CLI0130,PRD0167,V013,CC07,FOR0023,DOC102153,29138.7,Despesa
2026-05-18,CLI0099,PRD0130,V004,CC01,,DOC102154,2919.62,Receita
2026-12-05,CLI0243,PRD0169,V009,CC10,,DOC102155,15813.99,Receita
2024-02-28,CLI0163,PRD0136,V014,CC04,,DOC102156,24561.31,Receita
2023-08-18,CLI0050,PRD0133,V025,CC03,FOR0092,DOC102157,8922.74,Despesa
2026-07-08,CLI0254,PRD0040,V002,CC03,FOR0032,DOC102158,7813.51,Despesa
2023-03-30,CLI0299,PRD0046,V028,CC10,,DOC102159,14916.41,Receita
2025-01-18,CLI0044,PRD0135,V022,CC05,FOR0095,DOC102160,26723.58,Despesa
2024-07-20,CLI0019,PRD0084,V002,CC03,,DOC102161,25227.77,Receita
2025-09-27,CLI0112,PRD0134,V011,CC09,FOR0030,DOC102162,21536.14,Despesa
2024-11-26,CLI0116,PRD0086,V006,CC03,FOR0015,DOC102163,11589.13,Despesa
2024-02-18,CLI0160,PRD0122,V015,CC09,,DOC102164,8442.58,Receita
2023-02-04,CLI0017,PRD0008,V021,CC02,,DOC102165,7326.39,Receita
2026-05-06,CLI0173,PRD0081,V029,CC04,FOR0011,DOC102166,12854.73,Despesa
2024-07-16,CLI0010,PRD0066,V018,CC04,,DOC102167,1828.31,Receita
2025-08-05,CLI0215,PRD0047,V010,CC10,FOR0027,DOC102168,14123.52,Despesa
2026-01-10,CLI0203,PRD0022,V005,CC05,FOR0013,DOC102169,13962.99,Despesa
2025-06-27,CLI0026,PRD0117,V027,CC03,,DOC102170,21015.98,Receita
2026-12-06,CLI0138,PRD0052,V024,CC02,,DOC102171,745.45,Receita
2026-04-12,CLI0275,PRD0178,V020,CC03,FOR0036,DOC102172,13571.15,Despesa
2023-07-15,CLI0136,PRD0156,V006,CC04,,DOC102173,7928.97,Receita
2024-09-27,CLI0256,PRD0122,V017,CC04,FOR0082,DOC102174,8619.79,Despesa
2025-09-25,CLI0001,PRD0031,V014,CC05,,DOC102175,18983.21,Receita
2026-04-28,CLI0105,PRD0144,V002,CC04,FOR0024,DOC102176,21565.24,Despesa
2024-05-07,CLI0205,PRD0146,V019,CC01,,DOC102177,10289.32,Receita
2026-04-11,CLI0123,PRD0146,V004,CC10,,DOC102178,2695.13,Receita
2025-12-27,CLI0153,PRD0188,V024,CC06,FOR0064,DOC102179,146.53,Despesa
2025-01-14,CLI0134,PRD0012,V008,CC04,,DOC102180,15816.13,Receita
2025-02-25,CLI0087,PRD0058,V007,CC04,,DOC102181,1512.4,Receita
2024-09-21,CLI0266,PRD0180,V003,CC07,,DOC102182,1134.44,Receita
2025-01-06,CLI0234,PRD0115,V029,CC07,FOR0082,DOC102183,21145.13,Despesa
2024-05-15,CLI0066,PRD0158,V022,CC05,FOR0017,DOC102184,5386.63,Despesa
2024-09-11,CLI0211,PRD0113,V005,CC06,FOR0040,DOC102185,20823.68,Despesa
2023-08-31,CLI0230,PRD0125,V022,CC03,,DOC102186,21544.13,Receita
2026-11-27,CLI0247,PRD0002,V021,CC07,FOR0045,DOC102187,4187.64,Despesa
2026-01-11,CLI0021,PRD0197,V020,CC02,FOR0017,DOC102188,18700.19,Despesa
2025-07-07,CLI0265,PRD0187,V030,CC01,,DOC102189,27831.75,Receita
2026-01-14,CLI0129,PRD0080,V003,CC03,FOR0001,DOC102190,27304.36,Despesa
2023-03-30,CLI0110,PRD0103,V006,CC02,,DOC102191,3396.61,Receita
2023-01-11,CLI0013,PRD0051,V008,CC09,FOR0046,DOC102192,675.67,Despesa
2023-03-22,CLI0008,PRD0004,V029,CC08,FOR0073,DOC102193,24628.47,Despesa
2025-02-26,CLI0140,PRD0179,V027,CC07,FOR0083,DOC102194,13278.26,Despesa
2025-10-21,CLI0009,PRD0143,V003,CC03,FOR0004,DOC102195,26432.04,Despesa
2025-05-02,CLI0109,PRD0101,V020,CC01,,DOC102196,7012.81,Receita
2023-11-17,CLI0129,PRD0085,V017,CC09,,DOC102197,22531.94,Receita
2024-07-30,CLI0263,PRD0192,V014,CC05,,DOC102198,29599.72,Receita
2026-07-22,CLI0251,PRD0134,V012,CC05,,DOC102199,16591.35,Receita
2025-04-21,CLI0036,PRD0142,V013,CC06,FOR0026,DOC102200,10842.12,Despesa
2025-09-02,CLI0267,PRD0150,V010,CC02,,DOC102201,413.13,Receita
2025-01-10,CLI0145,PRD0023,V021,CC09,FOR0006,DOC102202,2442.27,Despesa
2023-02-07,CLI0147,PRD0133,V028,CC10,,DOC102203,25268.7,Receita
2023-12-05,CLI0240,PRD0097,V002,CC04,FOR0052,DOC102204,18732.62,Despesa
2026-06-23,CLI0220,PRD0095,V023,CC01,,DOC102205,14744.49,Receita
2023-01-23,CLI0109,PRD0149,V006,CC03,,DOC102206,21540.63,Receita
2025-09-14,CLI0019,PRD0166,V017,CC07,FOR0046,DOC102207,18337.44,Despesa
2025-05-03,CLI0050,PRD0048,V030,CC04,,DOC102208,10319.65,Receita
2024-05-22,CLI0083,PRD0085,V018,CC07,FOR0088,DOC102209,12705.24,Despesa
2025-02-09,CLI0046,PRD0007,V023,CC08,FOR0096,DOC102210,1012.71,Despesa
2026-09-03,CLI0137,PRD0103,V027,CC08,FOR0019,DOC102211,18376.7,Despesa
2023-09-01,CLI0080,PRD0041,V015,CC10,FOR0096,DOC102212,11560.13,Despesa
2024-09-25,CLI0183,PRD0189,V021,CC09,FOR0050,DOC102213,5042.31,Despesa
2023-08-20,CLI0187,PRD0046,V016,CC07,FOR0007,DOC102214,3004.87,Despesa
2024-10-12,CLI0175,PRD0031,V006,CC05,FOR0065,DOC102215,23145.1,Despesa
2024-02-09,CLI0102,PRD0191,V012,CC06,FOR0006,DOC102216,6760.16,Despesa
2023-08-18,CLI0059,PRD0191,V029,CC04,FOR0015,DOC102217,11115.94,Despesa
2025-11-26,CLI0270,PRD0120,V029,CC06,FOR0046,DOC102218,7137.99,Despesa
2025-11-17,CLI0221,PRD0180,V028,CC01,,DOC102219,16310.0,Receita
2024-10-13,CLI0187,PRD0016,V018,CC07,,DOC102220,15170.18,Receita
2026-09-25,CLI0140,PRD0200,V022,CC01,,DOC102221,2527.02,Receita
2026-06-28,CLI0233,PRD0005,V017,CC07,FOR0077,DOC102222,18632.3,Despesa
2026-03-14,CLI0144,PRD0129,V016,CC10,FOR0060,DOC102223,7913.42,Despesa
2023-11-03,CLI0020,PRD0187,V022,CC03,,DOC102224,17797.21,Receita
2023-06-21,CLI0212,PRD0180,V028,CC06,FOR0072,DOC102225,3086.33,Despesa
2024-04-14,CLI0001,PRD0060,V004,CC07,FOR0024,DOC102226,1580.76,Despesa
2024-04-25,CLI0037,PRD0157,V015,CC05,,DOC102227,15335.83,Receita
2024-09-19,CLI0064,PRD0073,V005,CC09,,DOC102228,25031.17,Receita
2023-05-03,CLI0143,PRD0147,V008,CC08,,DOC102229,26594.94,Receita
2024-02-23,CLI0154,PRD0043,V015,CC07,FOR0040,DOC102230,25551.29,Despesa
2025-03-24,CLI0141,PRD0070,V026,CC01,FOR0015,DOC102231,20407.01,Despesa
2024-11-01,CLI0177,PRD0164,V002,CC04,FOR0080,DOC102232,5017.81,Despesa
2024-03-26,CLI0099,PRD0030,V006,CC07,,DOC102233,29005.33,Receita
2024-03-01,CLI0158,PRD0028,V027,CC10,,DOC102234,15201.66,Receita
2026-04-15,CLI0073,PRD0146,V027,CC03,,DOC102235,2072.64,Receita
2024-02-17,CLI0081,PRD0180,V017,CC01,FOR0042,DOC102236,23855.99,Despesa
2026-03-04,CLI0088,PRD0139,V010,CC02,FOR0053,DOC102237,21074.48,Despesa
2025-12-17,CLI0052,PRD0010,V001,CC05,FOR0045,DOC102238,14520.06,Despesa
2026-10-09,CLI0212,PRD0045,V017,CC04,FOR0008,DOC102239,27783.93,Despesa
2024-01-07,CLI0071,PRD0059,V017,CC06,FOR0042,DOC102240,3789.21,Despesa
2025-12-31,CLI0005,PRD0145,V023,CC05,FOR0055,DOC102241,12791.12,Despesa
2023-08-21,CLI0104,PRD0026,V029,CC09,,DOC102242,8148.17,Receita
2023-10-31,CLI0235,PRD0050,V027,CC10,FOR0005,DOC102243,19498.31,Despesa
2026-12-22,CLI0088,PRD0146,V003,CC08,FOR0081,DOC102244,21084.35,Despesa
2024-07-19,CLI0163,PRD0123,V027,CC03,,DOC102245,13701.2,Receita
2025-12-01,CLI0269,PRD0006,V027,CC02,,DOC102246,26627.77,Receita
2026-02-22,CLI0207,PRD0009,V006,CC02,,DOC102247,1383.54,Receita
2025-07-10,CLI0129,PRD0033,V016,CC06,FOR0040,DOC102248,17677.24,Despesa
2024-05-21,CLI0192,PRD0071,V020,CC09,FOR0036,DOC102249,10770.83,Despesa
2024-06-22,CLI0279,PRD0147,V019,CC01,FOR0062,DOC102250,26271.72,Despesa
2025-12-03,CLI0033,PRD0107,V019,CC04,,DOC102251,23085.37,Receita
2024-01-08,CLI0021,PRD0199,V026,CC05,,DOC102252,29191.38,Receita
2024-02-13,CLI0034,PRD0035,V028,CC07,FOR0026,DOC102253,24655.42,Despesa
2024-02-28,CLI0203,PRD0144,V008,CC06,FOR0046,DOC102254,10566.73,Despesa
2025-03-24,CLI0133,PRD0012,V004,CC06,FOR0079,DOC102255,29646.62,Despesa
2024-05-06,CLI0229,PRD0108,V011,CC06,,DOC102256,9550.36,Receita
2025-12-22,CLI0199,PRD0105,V004,CC08,,DOC102257,20430.61,Receita
2026-11-12,CLI0241,PRD0032,V021,CC01,FOR0010,DOC102258,14154.48,Despesa
2023-03-01,CLI0226,PRD0102,V003,CC06,,DOC102259,4687.65,Receita
2026-10-22,CLI0187,PRD0102,V028,CC07,,DOC102260,12044.73,Receita
2024-08-18,CLI0200,PRD0057,V004,CC07,FOR0009,DOC102261,1835.3,Despesa
2026-06-03,CLI0047,PRD0124,V004,CC08,,DOC102262,11919.85,Receita
2023-06-26,CLI0116,PRD0126,V007,CC09,FOR0003,DOC102263,21283.57,Despesa
2026-10-28,CLI0258,PRD0090,V018,CC01,FOR0010,DOC102264,3119.85,Despesa
2024-03-25,CLI0094,PRD0017,V018,CC05,FOR0040,DOC102265,7636.2,Despesa
2025-06-06,CLI0130,PRD0078,V007,CC03,,DOC102266,2488.9,Receita
2024-12-21,CLI0005,PRD0170,V020,CC02,FOR0069,DOC102267,18343.82,Despesa
2024-02-11,CLI0035,PRD0041,V016,CC04,,DOC102268,16726.23,Receita
2024-10-26,CLI0205,PRD0117,V020,CC08,,DOC102269,29911.36,Receita
2025-12-15,CLI0227,PRD0011,V014,CC08,,DOC102270,17177.15,Receita
2024-12-30,CLI0210,PRD0162,V020,CC02,,DOC102271,10470.92,Receita
2026-11-05,CLI0194,PRD0123,V028,CC02,FOR0076,DOC102272,25893.92,Despesa
2024-05-14,CLI0207,PRD0084,V025,CC04,FOR0030,DOC102273,5802.03,Despesa
2025-08-11,CLI0156,PRD0174,V022,CC03,FOR0084,DOC102274,20387.3,Despesa
2024-08-29,CLI0262,PRD0005,V022,CC01,FOR0038,DOC102275,23376.75,Despesa
2025-07-29,CLI0212,PRD0197,V017,CC05,,DOC102276,20414.1,Receita
2024-12-15,CLI0173,PRD0101,V006,CC06,,DOC102277,11564.48,Receita
2025-04-06,CLI0090,PRD0122,V004,CC01,FOR0052,DOC102278,18779.58,Despesa
2024-02-24,CLI0005,PRD0189,V010,CC07,FOR0057,DOC102279,27097.77,Despesa
2026-09-21,CLI0253,PRD0070,V003,CC04,FOR0027,DOC102280,14143.34,Despesa
2025-11-01,CLI0076,PRD0150,V011,CC10,FOR0006,DOC102281,6862.75,Despesa
2024-07-22,CLI0151,PRD0134,V019,CC07,,DOC102282,19325.38,Receita
2025-04-08,CLI0236,PRD0124,V029,CC03,,DOC102283,23666.43,Receita
2026-12-25,CLI0004,PRD0063,V010,CC03,,DOC102284,4241.05,Receita
2025-02-02,CLI0230,PRD0162,V021,CC10,FOR0007,DOC102285,17320.03,Despesa
2025-09-01,CLI0198,PRD0060,V015,CC09,,DOC102286,29105.38,Receita
2024-08-08,CLI0126,PRD0094,V025,CC02,FOR0080,DOC102287,13471.3,Despesa
2024-10-11,CLI0179,PRD0160,V021,CC01,FOR0050,DOC102288,8774.48,Despesa
2026-06-15,CLI0103,PRD0095,V008,CC05,FOR0027,DOC102289,27197.73,Despesa
2024-07-27,CLI0254,PRD0078,V020,CC05,FOR0094,DOC102290,26269.94,Despesa
2023-10-18,CLI0092,PRD0082,V008,CC02,FOR0063,DOC102291,26915.56,Despesa
2024-05-30,CLI0007,PRD0191,V015,CC06,FOR0013,DOC102292,20153.39,Despesa
2025-04-28,CLI0085,PRD0165,V022,CC05,FOR0007,DOC102293,314.23,Despesa
2026-09-12,CLI0085,PRD0067,V020,CC08,FOR0066,DOC102294,15897.24,Despesa
2025-08-21,CLI0003,PRD0070,V012,CC02,FOR0085,DOC102295,23104.3,Despesa
2024-01-14,CLI0268,PRD0095,V006,CC09,FOR0018,DOC102296,13142.86,Despesa
2023-06-28,CLI0159,PRD0137,V029,CC10,,DOC102297,9965.55,Receita
2026-06-05,CLI0172,PRD0015,V011,CC03,,DOC102298,27159.37,Receita
2025-12-08,CLI0187,PRD0031,V030,CC10,FOR0031,DOC102299,18993.57,Despesa
2023-10-23,CLI0121,PRD0113,V021,CC03,FOR0023,DOC102300,4123.0,Despesa
2024-04-14,CLI0235,PRD0028,V023,CC04,,DOC102301,3384.41,Receita
2023-07-18,CLI0090,PRD0189,V026,CC06,FOR0046,DOC102302,17783.38,Despesa
2026-01-04,CLI0211,PRD0011,V021,CC06,,DOC102303,21909.65,Receita
2026-09-13,CLI0167,PRD0070,V009,CC06,,DOC102304,14022.48,Receita
2024-10-30,CLI0296,PRD0127,V009,CC03,FOR0049,DOC102305,16815.64,Despesa
2025-12-12,CLI0233,PRD0057,V026,CC08,FOR0024,DOC102306,29593.48,Despesa
2023-11-03,CLI0146,PRD0043,V013,CC01,FOR0045,DOC102307,195.12,Despesa
2025-10-12,CLI0228,PRD0076,V027,CC09,FOR0017,DOC102308,15561.5,Despesa
2025-02-14,CLI0072,PRD0145,V001,CC09,,DOC102309,9420.25,Receita
2026-01-15,CLI0082,PRD0189,V024,CC10,,DOC102310,15490.87,Receita
2024-04-21,CLI0140,PRD0057,V001,CC05,,DOC102311,16814.58,Receita
2023-06-27,CLI0055,PRD0164,V013,CC09,FOR0018,DOC102312,5941.8,Despesa
2026-02-27,CLI0105,PRD0048,V015,CC09,,DOC102313,20575.04,Receita
2025-08-31,CLI0052,PRD0064,V004,CC10,FOR0063,DOC102314,11306.56,Despesa
2026-04-10,CLI0091,PRD0152,V008,CC03,,DOC102315,12103.53,Receita
2026-07-08,CLI0180,PRD0187,V013,CC07,FOR0026,DOC102316,24923.11,Despesa
2025-03-28,CLI0127,PRD0166,V028,CC02,FOR0098,DOC102317,17731.64,Despesa
2023-03-27,CLI0002,PRD0164,V029,CC01,,DOC102318,15472.25,Receita
2024-02-18,CLI0297,PRD0068,V007,CC06,FOR0088,DOC102319,7245.08,Despesa
2024-08-30,CLI0189,PRD0171,V013,CC04,,DOC102320,11182.57,Receita
2024-01-07,CLI0156,PRD0141,V018,CC02,,DOC102321,29016.67,Receita
2024-12-23,CLI0211,PRD0108,V003,CC09,,DOC102322,15839.26,Receita
2023-11-21,CLI0192,PRD0135,V003,CC08,,DOC102323,8458.91,Receita
2026-10-07,CLI0120,PRD0038,V028,CC08,,DOC102324,3688.05,Receita
2023-09-18,CLI0097,PRD0135,V022,CC04,FOR0035,DOC102325,26236.82,Despesa
2023-11-23,CLI0152,PRD0146,V006,CC07,,DOC102326,441.84,Receita
2023-07-19,CLI0261,PRD0127,V028,CC07,,DOC102327,21500.79,Receita
2025-09-11,CLI0146,PRD0071,V026,CC10,FOR0001,DOC102328,22398.72,Despesa
2024-04-27,CLI0149,PRD0090,V016,CC02,,DOC102329,5843.86,Receita
2023-01-18,CLI0060,PRD0029,V014,CC07,FOR0028,DOC102330,10196.31,Despesa
2026-06-29,CLI0071,PRD0174,V015,CC02,FOR0028,DOC102331,17806.15,Despesa
2024-06-25,CLI0173,PRD0149,V023,CC05,,DOC102332,25298.99,Receita
2024-11-04,CLI0279,PRD0189,V027,CC05,FOR0063,DOC102333,11767.37,Despesa
2025-11-11,CLI0258,PRD0142,V028,CC05,,DOC102334,15900.41,Receita
2023-01-20,CLI0270,PRD0110,V025,CC08,FOR0095,DOC102335,14325.52,Despesa
2023-10-21,CLI0122,PRD0027,V014,CC07,FOR0029,DOC102336,28787.93,Despesa
2024-01-13,CLI0249,PRD0029,V007,CC02,,DOC102337,26369.27,Receita
2026-06-02,CLI0010,PRD0091,V006,CC05,FOR0045,DOC102338,11792.66,Despesa
2023-06-19,CLI0139,PRD0006,V006,CC04,,DOC102339,7455.18,Receita
2024-01-12,CLI0170,PRD0156,V006,CC04,FOR0082,DOC102340,25724.16,Despesa
2023-02-07,CLI0275,PRD0196,V002,CC02,,DOC102341,27082.54,Receita
2026-03-08,CLI0205,PRD0060,V003,CC01,FOR0033,DOC102342,26908.19,Despesa
2024-01-02,CLI0069,PRD0122,V016,CC03,FOR0075,DOC102343,27184.51,Despesa
2025-01-07,CLI0190,PRD0031,V029,CC06,FOR0072,DOC102344,24603.24,Despesa
2023-12-02,CLI0067,PRD0071,V007,CC04,,DOC102345,7162.68,Receita
2025-07-21,CLI0109,PRD0048,V004,CC06,,DOC102346,7863.13,Receita
2023-09-27,CLI0230,PRD0105,V028,CC07,FOR0021,DOC102347,27124.97,Despesa
2026-08-21,CLI0239,PRD0037,V029,CC02,,DOC102348,3470.75,Receita
2025-09-04,CLI0137,PRD0128,V024,CC04,,DOC102349,13128.3,Receita
2024-07-24,CLI0036,PRD0012,V010,CC04,FOR0068,DOC102350,10785.28,Despesa
2023-02-09,CLI0154,PRD0108,V013,CC01,,DOC102351,2657.67,Receita
2026-11-26,CLI0169,PRD0112,V019,CC06,FOR0083,DOC102352,8423.14,Despesa
2024-04-20,CLI0032,PRD0185,V009,CC03,FOR0064,DOC102353,24700.07,Despesa
2026-11-15,CLI0154,PRD0097,V005,CC05,,DOC102354,14072.25,Receita
2024-11-18,CLI0183,PRD0077,V023,CC07,,DOC102355,29930.95,Receita
2024-08-09,CLI0188,PRD0144,V011,CC08,,DOC102356,11843.27,Receita
2023-07-24,CLI0181,PRD0146,V005,CC07,,DOC102357,17392.19,Receita
2024-10-16,CLI0226,PRD0187,V006,CC05,,DOC102358,9701.34,Receita
2026-10-30,CLI0028,PRD0050,V022,CC03,FOR0085,DOC102359,26272.74,Despesa
2024-10-01,CLI0034,PRD0188,V030,CC03,FOR0070,DOC102360,13731.71,Despesa
2024-06-28,CLI0106,PRD0103,V003,CC03,FOR0010,DOC102361,11059.23,Despesa
2023-05-04,CLI0129,PRD0033,V007,CC04,,DOC102362,8469.39,Receita
2026-05-08,CLI0091,PRD0043,V009,CC03,,DOC102363,10284.06,Receita
2025-07-13,CLI0049,PRD0143,V008,CC02,FOR0063,DOC102364,10412.84,Despesa
2025-09-10,CLI0031,PRD0153,V024,CC06,,DOC102365,17583.63,Receita
2026-03-25,CLI0090,PRD0091,V019,CC10,,DOC102366,111.61,Receita
2025-08-18,CLI0265,PRD0138,V029,CC01,,DOC102367,9133.82,Receita
2024-01-26,CLI0096,PRD0049,V014,CC05,,DOC102368,18698.16,Receita
2026-04-22,CLI0230,PRD0052,V007,CC01,FOR0085,DOC102369,18664.82,Despesa
2026-11-01,CLI0096,PRD0121,V010,CC03,FOR0076,DOC102370,5331.25,Despesa
2024-01-18,CLI0091,PRD0065,V014,CC02,,DOC102371,2224.65,Receita
2025-03-17,CLI0106,PRD0144,V024,CC09,FOR0057,DOC102372,16632.31,Despesa
2025-07-14,CLI0131,PRD0008,V018,CC06,FOR0013,DOC102373,20224.93,Despesa
2023-04-06,CLI0022,PRD0033,V014,CC04,,DOC102374,2229.8,Receita
2024-04-30,CLI0083,PRD0012,V018,CC10,,DOC102375,19859.59,Receita
2025-01-23,CLI0088,PRD0044,V011,CC02,FOR0058,DOC102376,25113.51,Despesa
2024-02-01,CLI0281,PRD0035,V026,CC01,,DOC102377,13284.87,Receita
2025-01-17,CLI0230,PRD0049,V009,CC06,FOR0082,DOC102378,16629.84,Despesa
2025-01-01,CLI0157,PRD0089,V026,CC08,,DOC102379,16065.05,Receita
2025-10-04,CLI0273,PRD0032,V016,CC04,FOR0054,DOC102380,28382.26,Despesa
2026-08-20,CLI0033,PRD0189,V006,CC04,,DOC102381,29787.94,Receita
2026-12-15,CLI0187,PRD0200,V022,CC08,,DOC102382,3356.15,Receita
2024-08-29,CLI0154,PRD0099,V030,CC01,,DOC102383,14608.24,Receita
2026-05-10,CLI0173,PRD0049,V011,CC02,FOR0016,DOC102384,11221.34,Despesa
2026-04-23,CLI0030,PRD0033,V017,CC01,FOR0068,DOC102385,17785.14,Despesa
2026-12-12,CLI0027,PRD0165,V004,CC02,FOR0054,DOC102386,3701.48,Despesa
2025-06-16,CLI0043,PRD0053,V018,CC06,FOR0027,DOC102387,22387.2,Despesa
2026-03-24,CLI0016,PRD0157,V003,CC07,FOR0035,DOC102388,27445.06,Despesa
2026-09-21,CLI0040,PRD0175,V018,CC04,,DOC102389,13171.72,Receita
2025-03-29,CLI0136,PRD0074,V011,CC06,FOR0084,DOC102390,23136.35,Despesa
2025-02-19,CLI0275,PRD0066,V014,CC07,,DOC102391,604.11,Receita
2024-10-23,CLI0164,PRD0015,V023,CC09,FOR0047,DOC102392,23101.06,Despesa
2026-08-31,CLI0290,PRD0024,V018,CC05,,DOC102393,20753.69,Receita
2025-02-06,CLI0158,PRD0199,V004,CC08,FOR0099,DOC102394,18215.23,Despesa
2025-01-06,CLI0243,PRD0096,V023,CC03,,DOC102395,24996.82,Receita
2024-08-24,CLI0248,PRD0156,V028,CC02,FOR0081,DOC102396,28059.83,Despesa
2026-08-14,CLI0251,PRD0163,V005,CC03,,DOC102397,29498.34,Receita
2023-01-18,CLI0185,PRD0100,V029,CC02,,DOC102398,12747.19,Receita
2025-02-06,CLI0170,PRD0185,V027,CC01,FOR0008,DOC102399,15476.58,Despesa
2025-01-04,CLI0087,PRD0023,V016,CC04,FOR0060,DOC102400,25269.53,Despesa
2026-05-25,CLI0024,PRD0093,V002,CC09,FOR0027,DOC102401,19669.39,Despesa
2026-11-20,CLI0297,PRD0151,V012,CC01,,DOC102402,20460.24,Receita
2024-07-20,CLI0106,PRD0103,V029,CC03,FOR0053,DOC102403,5244.1,Despesa
2025-12-07,CLI0077,PRD0120,V004,CC04,FOR0067,DOC102404,19156.32,Despesa
2025-06-13,CLI0124,PRD0034,V010,CC07,FOR0096,DOC102405,8928.66,Despesa
2026-04-02,CLI0160,PRD0090,V012,CC10,FOR0066,DOC102406,501.12,Despesa
2025-12-06,CLI0038,PRD0033,V006,CC02,,DOC102407,7477.37,Receita
2024-02-12,CLI0217,PRD0099,V029,CC01,FOR0021,DOC102408,6533.46,Despesa
2023-07-29,CLI0192,PRD0041,V021,CC10,FOR0071,DOC102409,23694.87,Despesa
2023-08-25,CLI0299,PRD0013,V012,CC03,FOR0033,DOC102410,17048.23,Despesa
2023-03-29,CLI0115,PRD0145,V014,CC02,,DOC102411,5633.32,Receita
2024-10-26,CLI0253,PRD0095,V030,CC01,FOR0039,DOC102412,22218.0,Despesa
2023-07-22,CLI0238,PRD0022,V025,CC01,FOR0047,DOC102413,12584.09,Despesa
2023-11-28,CLI0171,PRD0133,V002,CC05,,DOC102414,8884.48,Receita
2023-05-24,CLI0211,PRD0162,V013,CC07,,DOC102415,13692.38,Receita
2025-06-13,CLI0282,PRD0109,V016,CC07,,DOC102416,8152.1,Receita
2024-08-16,CLI0149,PRD0200,V015,CC09,FOR0002,DOC102417,8597.64,Despesa
2024-12-20,CLI0011,PRD0031,V004,CC06,FOR0066,DOC102418,8577.07,Despesa
2023-11-24,CLI0158,PRD0068,V027,CC07,FOR0053,DOC102419,19243.68,Despesa
2023-10-09,CLI0025,PRD0030,V001,CC01,FOR0093,DOC102420,4194.51,Despesa
2023-10-31,CLI0276,PRD0076,V014,CC03,FOR0013,DOC102421,28965.92,Despesa
2024-03-24,CLI0287,PRD0184,V008,CC05,,DOC102422,29144.81,Receita
2024-04-07,CLI0183,PRD0157,V029,CC03,FOR0083,DOC102423,24184.78,Despesa
2023-05-24,CLI0082,PRD0145,V003,CC08,FOR0018,DOC102424,28189.94,Despesa
2024-09-25,CLI0117,PRD0058,V028,CC10,FOR0051,DOC102425,20769.19,Despesa
2024-06-02,CLI0260,PRD0087,V003,CC04,FOR0098,DOC102426,9210.68,Despesa
2023-11-20,CLI0050,PRD0058,V025,CC10,FOR0090,DOC102427,14982.33,Despesa
2024-08-07,CLI0103,PRD0127,V025,CC09,,DOC102428,10235.84,Receita
2025-10-09,CLI0095,PRD0154,V010,CC10,FOR0014,DOC102429,6509.58,Despesa
2024-09-29,CLI0133,PRD0116,V026,CC01,,DOC102430,20613.31,Receita
2023-02-10,CLI0235,PRD0136,V016,CC04,FOR0035,DOC102431,29729.7,Despesa
2025-03-08,CLI0148,PRD0035,V007,CC04,FOR0088,DOC102432,135.46,Despesa
2024-06-08,CLI0134,PRD0068,V027,CC09,,DOC102433,28124.3,Receita
2024-02-22,CLI0035,PRD0199,V008,CC06,,DOC102434,4297.56,Receita
2023-05-23,CLI0230,PRD0173,V011,CC09,FOR0050,DOC102435,14799.57,Despesa
2025-06-17,CLI0283,PRD0037,V028,CC03,,DOC102436,2773.01,Receita
2024-11-28,CLI0178,PRD0012,V027,CC01,,DOC102437,28107.92,Receita
2023-12-14,CLI0011,PRD0042,V020,CC05,FOR0009,DOC102438,6021.33,Despesa
2024-09-23,CLI0286,PRD0141,V015,CC01,,DOC102439,29443.27,Receita
2025-01-17,CLI0044,PRD0003,V015,CC07,,DOC102440,19643.18,Receita
2025-02-25,CLI0231,PRD0129,V020,CC01,,DOC102441,11485.77,Receita
2026-01-29,CLI0150,PRD0141,V017,CC06,FOR0058,DOC102442,4343.21,Despesa
2024-08-25,CLI0157,PRD0127,V024,CC08,,DOC102443,21038.52,Receita
2023-10-25,CLI0196,PRD0118,V015,CC05,,DOC102444,25097.97,Receita
2024-09-23,CLI0070,PRD0099,V026,CC10,,DOC102445,24172.45,Receita
2024-12-16,CLI0062,PRD0064,V001,CC06,FOR0025,DOC102446,17661.45,Despesa
2023-03-03,CLI0236,PRD0179,V001,CC02,FOR0089,DOC102447,16350.73,Despesa
2024-05-18,CLI0202,PRD0108,V011,CC02,,DOC102448,7745.83,Receita
2023-03-22,CLI0177,PRD0030,V005,CC08,,DOC102449,21153.02,Receita
2025-12-14,CLI0236,PRD0086,V021,CC04,FOR0017,DOC102450,5565.32,Despesa
2026-04-10,CLI0081,PRD0155,V012,CC09,,DOC102451,18081.2,Receita
2025-03-08,CLI0239,PRD0173,V029,CC05,,DOC102452,12998.17,Receita
2026-09-25,CLI0027,PRD0174,V005,CC06,,DOC102453,18174.93,Receita
2026-05-05,CLI0265,PRD0118,V002,CC07,FOR0015,DOC102454,23401.45,Despesa
2025-01-17,CLI0123,PRD0180,V018,CC07,,DOC102455,11969.09,Receita
2026-04-11,CLI0151,PRD0106,V006,CC04,,DOC102456,8708.35,Receita
2025-08-12,CLI0283,PRD0182,V001,CC05,FOR0084,DOC102457,5341.69,Despesa
2023-05-17,CLI0244,PRD0034,V029,CC02,,DOC102458,27073.78,Receita
2026-07-29,CLI0230,PRD0093,V012,CC03,FOR0020,DOC102459,16600.52,Despesa
2025-06-30,CLI0168,PRD0118,V025,CC04,,DOC102460,29674.62,Receita
2025-09-26,CLI0056,PRD0084,V026,CC02,FOR0029,DOC102461,11928.8,Despesa
2026-09-21,CLI0089,PRD0144,V004,CC02,FOR0076,DOC102462,8844.29,Despesa
2024-05-17,CLI0212,PRD0058,V004,CC07,FOR0057,DOC102463,7662.34,Despesa
2023-08-31,CLI0155,PRD0138,V016,CC08,FOR0047,DOC102464,27056.11,Despesa
2023-01-13,CLI0240,PRD0020,V015,CC05,,DOC102465,27784.44,Receita
2023-09-30,CLI0112,PRD0200,V009,CC08,,DOC102466,10882.27,Receita
2023-03-04,CLI0067,PRD0185,V020,CC06,FOR0020,DOC102467,28552.48,Despesa
2025-11-14,CLI0122,PRD0153,V008,CC03,FOR0075,DOC102468,26854.04,Despesa
2024-04-05,CLI0227,PRD0164,V001,CC01,,DOC102469,28710.65,Receita
2025-01-13,CLI0091,PRD0026,V026,CC09,,DOC102470,27799.8,Receita
2025-01-04,CLI0012,PRD0134,V018,CC09,FOR0047,DOC102471,22603.64,Despesa
2025-06-18,CLI0223,PRD0078,V013,CC07,FOR0028,DOC102472,187.52,Despesa
2024-07-21,CLI0070,PRD0115,V010,CC05,FOR0064,DOC102473,23724.16,Despesa
2024-02-01,CLI0254,PRD0088,V023,CC09,FOR0030,DOC102474,8633.44,Despesa
2026-10-25,CLI0240,PRD0082,V012,CC08,FOR0042,DOC102475,9294.91,Despesa
2023-01-13,CLI0245,PRD0046,V024,CC03,,DOC102476,22695.93,Receita
2023-09-23,CLI0199,PRD0071,V011,CC04,FOR0084,DOC102477,16345.08,Despesa
2026-08-15,CLI0199,PRD0180,V009,CC07,FOR0067,DOC102478,24559.64,Despesa
2023-05-28,CLI0153,PRD0075,V028,CC06,,DOC102479,4272.31,Receita
2025-09-09,CLI0082,PRD0171,V011,CC08,FOR0021,DOC102480,3082.97,Despesa
2024-09-09,CLI0053,PRD0086,V025,CC10,,DOC102481,15792.32,Receita
2023-08-19,CLI0200,PRD0032,V010,CC08,FOR0077,DOC102482,16577.92,Despesa
2024-02-07,CLI0001,PRD0040,V024,CC05,FOR0047,DOC102483,4366.72,Despesa
2024-07-05,CLI0269,PRD0021,V002,CC06,,DOC102484,20398.31,Receita
2024-09-15,CLI0141,PRD0095,V003,CC10,FOR0069,DOC102485,7737.29,Despesa
2026-08-03,CLI0242,PRD0114,V014,CC03,,DOC102486,2154.32,Receita
2024-12-17,CLI0221,PRD0194,V023,CC01,FOR0019,DOC102487,15496.8,Despesa
2025-05-30,CLI0190,PRD0026,V002,CC08,,DOC102488,29608.76,Receita
2023-07-31,CLI0275,PRD0074,V022,CC03,FOR0080,DOC102489,25400.03,Despesa
2024-10-28,CLI0105,PRD0060,V018,CC01,,DOC102490,9168.53,Receita
2025-05-18,CLI0299,PRD0071,V003,CC05,FOR0058,DOC102491,9899.11,Despesa
2023-04-01,CLI0084,PRD0072,V005,CC02,FOR0039,DOC102492,18268.63,Despesa
2024-05-05,CLI0226,PRD0194,V029,CC09,FOR0003,DOC102493,28287.33,Despesa
2026-02-01,CLI0064,PRD0179,V029,CC09,FOR0070,DOC102494,26336.19,Despesa
2024-06-14,CLI0102,PRD0182,V004,CC09,,DOC102495,29158.43,Receita
2026-02-12,CLI0013,PRD0110,V010,CC03,FOR0064,DOC102496,17369.37,Despesa
2026-09-29,CLI0067,PRD0138,V002,CC10,FOR0004,DOC102497,27887.89,Despesa
2026-03-07,CLI0255,PRD0066,V028,CC03,FOR0013,DOC102498,9951.4,Despesa
2024-12-05,CLI0084,PRD0051,V025,CC02,FOR0085,DOC102499,14272.85,Despesa
2023-09-20,CLI0235,PRD0129,V027,CC09,FOR0024,DOC102500,27325.89,Despesa
2026-08-27,CLI0178,PRD0140,V005,CC02,FOR0060,DOC102501,5069.71,Despesa
2026-03-19,CLI0240,PRD0060,V001,CC10,,DOC102502,22097.3,Receita
2024-03-22,CLI0004,PRD0112,V028,CC07,,DOC102503,1338.51,Receita
2026-02-22,CLI0129,PRD0037,V010,CC05,FOR0007,DOC102504,392.91,Despesa
2026-09-29,CLI0001,PRD0005,V017,CC06,FOR0021,DOC102505,3338.77,Despesa
2025-06-18,CLI0278,PRD0148,V014,CC08,,DOC102506,15266.74,Receita
2023-10-16,CLI0110,PRD0161,V011,CC03,FOR0012,DOC102507,1326.22,Despesa
2026-05-08,CLI0106,PRD0087,V008,CC08,,DOC102508,24630.39,Receita
2023-08-06,CLI0215,PRD0185,V009,CC03,,DOC102509,24328.28,Receita
2023-09-19,CLI0287,PRD0198,V011,CC01,FOR0083,DOC102510,11786.31,Despesa
2024-04-29,CLI0039,PRD0028,V006,CC05,FOR0040,DOC102511,23146.91,Despesa
2023-11-15,CLI0139,PRD0009,V017,CC05,,DOC102512,2568.4,Receita
2025-01-06,CLI0161,PRD0037,V021,CC06,FOR0052,DOC102513,20055.35,Despesa
2023-09-08,CLI0205,PRD0060,V021,CC05,FOR0041,DOC102514,21623.65,Despesa
2026-11-12,CLI0279,PRD0058,V006,CC02,FOR0033,DOC102515,28392.94,Despesa
2026-04-21,CLI0119,PRD0092,V010,CC07,,DOC102516,17480.02,Receita
2024-02-16,CLI0060,PRD0194,V029,CC10,,DOC102517,5771.37,Receita
2023-08-02,CLI0261,PRD0137,V014,CC08,FOR0020,DOC102518,14071.01,Despesa
2026-09-12,CLI0184,PRD0115,V019,CC10,FOR0036,DOC102519,5406.16,Despesa
2025-10-10,CLI0059,PRD0156,V018,CC06,,DOC102520,27995.83,Receita
2025-07-05,CLI0153,PRD0117,V011,CC08,,DOC102521,19772.16,Receita
2024-09-05,CLI0132,PRD0193,V013,CC08,FOR0074,DOC102522,3156.03,Despesa
2023-09-28,CLI0024,PRD0174,V020,CC02,,DOC102523,23952.34,Receita
2023-11-11,CLI0002,PRD0097,V025,CC05,FOR0086,DOC102524,14295.47,Despesa
2023-10-25,CLI0131,PRD0017,V030,CC07,FOR0055,DOC102525,9870.68,Despesa
2024-08-30,CLI0283,PRD0170,V023,CC04,FOR0009,DOC102526,23908.58,Despesa
2023-09-12,CLI0006,PRD0034,V009,CC06,FOR0063,DOC102527,1060.7,Despesa
2023-12-31,CLI0082,PRD0048,V029,CC02,,DOC102528,9996.13,Receita
2023-05-09,CLI0205,PRD0102,V009,CC07,FOR0053,DOC102529,9897.27,Despesa
2025-03-25,CLI0016,PRD0116,V026,CC03,FOR0041,DOC102530,2325.77,Despesa
2026-01-12,CLI0107,PRD0101,V030,CC08,,DOC102531,18602.43,Receita
2025-08-11,CLI0098,PRD0125,V013,CC01,,DOC102532,1930.28,Receita
2025-11-07,CLI0036,PRD0138,V026,CC01,,DOC102533,7032.76,Receita
2024-11-29,CLI0088,PRD0150,V003,CC04,FOR0023,DOC102534,11976.27,Despesa
2023-11-26,CLI0300,PRD0182,V020,CC02,,DOC102535,26451.77,Receita
2025-03-16,CLI0085,PRD0092,V002,CC01,,DOC102536,5386.81,Receita
2026-11-15,CLI0203,PRD0092,V026,CC03,,DOC102537,15242.18,Receita
2025-04-23,CLI0242,PRD0063,V001,CC03,FOR0018,DOC102538,16083.6,Despesa
2025-03-04,CLI0086,PRD0026,V006,CC10,FOR0017,DOC102539,25057.21,Despesa
2023-11-13,CLI0193,PRD0118,V008,CC10,,DOC102540,748.7,Receita
2025-05-07,CLI0106,PRD0085,V023,CC03,FOR0035,DOC102541,8533.07,Despesa
2023-06-28,CLI0278,PRD0029,V011,CC05,,DOC102542,27091.21,Receita
2023-09-07,CLI0091,PRD0082,V010,CC05,,DOC102543,7697.66,Receita
2025-08-14,CLI0266,PRD0150,V012,CC07,,DOC102544,20227.7,Receita
2025-06-05,CLI0206,PRD0149,V024,CC06,FOR0044,DOC102545,19257.45,Despesa
2025-10-09,CLI0116,PRD0004,V005,CC07,,DOC102546,692.3,Receita
2026-10-29,CLI0178,PRD0197,V014,CC04,,DOC102547,25896.44,Receita
2025-12-31,CLI0202,PRD0076,V008,CC03,FOR0074,DOC102548,13333.61,Despesa
2024-05-05,CLI0117,PRD0137,V025,CC02,,DOC102549,28567.54,Receita
2023-04-14,CLI0271,PRD0049,V014,CC05,FOR0011,DOC102550,19151.99,Despesa
2023-11-30,CLI0042,PRD0097,V001,CC10,FOR0059,DOC102551,5540.43,Despesa
2023-07-28,CLI0281,PRD0188,V001,CC04,,DOC102552,6665.98,Receita
2024-01-16,CLI0020,PRD0195,V019,CC08,,DOC102553,10532.36,Receita
2026-08-15,CLI0291,PRD0044,V008,CC03,FOR0052,DOC102554,13226.18,Despesa
2024-07-28,CLI0143,PRD0141,V015,CC07,,DOC102555,25335.54,Receita
2025-01-01,CLI0251,PRD0149,V010,CC05,,DOC102556,13439.56,Receita
2024-06-14,CLI0232,PRD0063,V004,CC03,FOR0094,DOC102557,5577.36,Despesa
2025-12-10,CLI0133,PRD0066,V002,CC01,,DOC102558,3297.12,Receita
2026-01-06,CLI0163,PRD0119,V024,CC10,FOR0077,DOC102559,9629.66,Despesa
2023-05-29,CLI0129,PRD0165,V006,CC04,FOR0086,DOC102560,28036.97,Despesa
2023-03-27,CLI0078,PRD0106,V017,CC03,FOR0072,DOC102561,9759.37,Despesa
2026-11-29,CLI0100,PRD0186,V026,CC03,FOR0022,DOC102562,27878.66,Despesa
2026-03-14,CLI0080,PRD0054,V010,CC01,,DOC102563,23093.58,Receita
2026-12-01,CLI0286,PRD0140,V016,CC03,,DOC102564,16675.77,Receita
2024-07-31,CLI0023,PRD0052,V025,CC09,FOR0018,DOC102565,26701.01,Despesa
2026-11-01,CLI0231,PRD0048,V006,CC03,,DOC102566,2783.94,Receita
2026-01-19,CLI0249,PRD0096,V015,CC10,FOR0051,DOC102567,2903.88,Despesa
2025-07-19,CLI0150,PRD0108,V027,CC05,FOR0040,DOC102568,4020.09,Despesa
2023-09-10,CLI0014,PRD0027,V020,CC07,,DOC102569,21204.09,Receita
2023-07-11,CLI0196,PRD0035,V029,CC09,,DOC102570,14095.25,Receita
2026-09-12,CLI0078,PRD0119,V014,CC09,FOR0043,DOC102571,22066.4,Despesa
2024-12-12,CLI0080,PRD0141,V026,CC09,,DOC102572,7049.21,Receita
2023-11-16,CLI0076,PRD0024,V027,CC03,,DOC102573,4972.67,Receita
2025-10-14,CLI0026,PRD0181,V020,CC10,FOR0005,DOC102574,7454.25,Despesa
2025-03-14,CLI0232,PRD0044,V021,CC03,FOR0006,DOC102575,11819.81,Despesa
2025-11-09,CLI0132,PRD0128,V023,CC07,FOR0087,DOC102576,24298.77,Despesa
2025-08-30,CLI0251,PRD0117,V026,CC07,,DOC102577,17128.39,Receita
2024-09-17,CLI0219,PRD0154,V030,CC10,,DOC102578,24231.24,Receita
2024-04-20,CLI0098,PRD0114,V027,CC08,,DOC102579,22229.93,Receita
2023-03-04,CLI0116,PRD0052,V005,CC05,FOR0028,DOC102580,26183.59,Despesa
2023-11-13,CLI0138,PRD0162,V025,CC02,,DOC102581,5185.17,Receita
2024-06-03,CLI0300,PRD0136,V020,CC06,,DOC102582,27647.94,Receita
2026-09-04,CLI0054,PRD0001,V028,CC04,FOR0002,DOC102583,26747.06,Despesa
2026-01-05,CLI0034,PRD0058,V020,CC02,,DOC102584,8446.84,Receita
2026-12-08,CLI0217,PRD0147,V024,CC05,FOR0007,DOC102585,4069.69,Despesa
2024-12-13,CLI0081,PRD0139,V001,CC04,FOR0089,DOC102586,27487.0,Despesa
2025-08-16,CLI0151,PRD0044,V011,CC01,,DOC102587,22479.54,Receita
2025-08-26,CLI0165,PRD0045,V006,CC02,,DOC102588,22712.21,Receita
2026-07-12,CLI0116,PRD0040,V008,CC08,,DOC102589,26222.68,Receita
2024-08-20,CLI0061,PRD0068,V025,CC02,,DOC102590,1141.59,Receita
2025-01-12,CLI0261,PRD0029,V012,CC06,FOR0030,DOC102591,27889.52,Despesa
2026-06-22,CLI0133,PRD0127,V012,CC06,FOR0014,DOC102592,28706.31,Despesa
2025-08-02,CLI0212,PRD0052,V017,CC10,FOR0031,DOC102593,21593.2,Despesa
2025-04-14,CLI0256,PRD0199,V010,CC01,,DOC102594,5928.3,Receita
2024-11-16,CLI0209,PRD0156,V023,CC02,FOR0057,DOC102595,19233.84,Despesa
2026-05-25,CLI0258,PRD0047,V004,CC10,,DOC102596,10716.25,Receita
2023-10-17,CLI0126,PRD0030,V006,CC01,FOR0004,DOC102597,3285.06,Despesa
2025-08-03,CLI0034,PRD0021,V016,CC01,FOR0044,DOC102598,21631.06,Despesa
2026-06-13,CLI0212,PRD0129,V004,CC02,FOR0051,DOC102599,11322.25,Despesa
2025-07-05,CLI0081,PRD0195,V010,CC07,,DOC102600,2307.76,Receita
2024-07-31,CLI0068,PRD0022,V021,CC01,FOR0037,DOC102601,22998.03,Despesa
2025-08-26,CLI0220,PRD0110,V014,CC10,FOR0086,DOC102602,173.14,Despesa
2026-12-15,CLI0214,PRD0080,V015,CC09,FOR0012,DOC102603,14652.56,Despesa
2024-07-26,CLI0122,PRD0151,V028,CC09,FOR0054,DOC102604,26806.38,Despesa
2023-05-30,CLI0063,PRD0183,V020,CC01,,DOC102605,11149.08,Receita
2024-09-02,CLI0051,PRD0167,V023,CC05,FOR0027,DOC102606,5495.24,Despesa
2025-01-28,CLI0140,PRD0024,V013,CC01,,DOC102607,21238.89,Receita
2023-07-04,CLI0038,PRD0055,V021,CC10,,DOC102608,11930.94,Receita
2026-05-20,CLI0002,PRD0063,V004,CC01,FOR0079,DOC102609,26141.19,Despesa
2025-10-19,CLI0171,PRD0052,V004,CC03,,DOC102610,14954.84,Receita
2024-09-07,CLI0011,PRD0080,V021,CC10,,DOC102611,18098.72,Receita
2024-08-21,CLI0169,PRD0131,V011,CC09,,DOC102612,10616.81,Receita
2024-04-12,CLI0097,PRD0190,V017,CC04,FOR0091,DOC102613,21031.41,Despesa
2024-08-10,CLI0171,PRD0133,V021,CC04,,DOC102614,29936.47,Receita
2025-02-07,CLI0201,PRD0177,V027,CC09,,DOC102615,25297.14,Receita
2025-02-13,CLI0063,PRD0022,V023,CC10,,DOC102616,7399.24,Receita
2023-11-09,CLI0292,PRD0088,V009,CC06,FOR0078,DOC102617,28422.84,Despesa
2023-06-11,CLI0165,PRD0112,V009,CC10,,DOC102618,12951.08,Receita
2026-02-17,CLI0271,PRD0041,V004,CC09,,DOC102619,3145.19,Receita
2024-05-12,CLI0069,PRD0187,V002,CC03,FOR0029,DOC102620,6355.36,Despesa
2025-12-26,CLI0197,PRD0164,V012,CC05,,DOC102621,1387.66,Receita
2025-03-02,CLI0241,PRD0074,V022,CC01,,DOC102622,14842.96,Receita
2023-09-13,CLI0259,PRD0119,V002,CC02,FOR0082,DOC102623,18492.81,Despesa
2026-02-15,CLI0220,PRD0131,V004,CC05,FOR0053,DOC102624,1247.18,Despesa
2024-07-11,CLI0162,PRD0067,V021,CC06,,DOC102625,1867.07,Receita
2025-01-04,CLI0153,PRD0118,V030,CC01,FOR0053,DOC102626,4749.73,Despesa
2023-06-25,CLI0030,PRD0195,V020,CC02,FOR0036,DOC102627,27174.97,Despesa
2024-07-26,CLI0291,PRD0054,V016,CC09,FOR0060,DOC102628,4491.98,Despesa
2023-07-31,CLI0019,PRD0196,V026,CC04,FOR0047,DOC102629,16803.46,Despesa
2025-02-28,CLI0083,PRD0121,V018,CC01,,DOC102630,14116.75,Receita
2025-02-17,CLI0266,PRD0102,V010,CC05,FOR0086,DOC102631,18638.99,Despesa
2025-01-08,CLI0249,PRD0089,V018,CC03,FOR0098,DOC102632,15492.43,Despesa
2024-04-03,CLI0265,PRD0163,V016,CC06,,DOC102633,11038.91,Receita
2026-01-10,CLI0028,PRD0138,V003,CC08,FOR0069,DOC102634,29747.53,Despesa
2024-12-21,CLI0115,PRD0046,V027,CC02,FOR0013,DOC102635,9970.25,Despesa
2023-08-15,CLI0241,PRD0093,V007,CC04,FOR0036,DOC102636,24036.99,Despesa
2024-09-15,CLI0079,PRD0108,V005,CC10,,DOC102637,2630.89,Receita
2023-04-15,CLI0069,PRD0150,V020,CC03,,DOC102638,13356.32,Receita
2026-10-22,CLI0298,PRD0110,V014,CC06,,DOC102639,25913.79,Receita
2024-11-21,CLI0273,PRD0188,V027,CC01,FOR0008,DOC102640,20967.8,Despesa
2025-04-22,CLI0270,PRD0109,V012,CC03,FOR0070,DOC102641,27259.13,Despesa
2026-03-11,CLI0224,PRD0135,V008,CC04,FOR0065,DOC102642,21010.86,Despesa
2023-05-13,CLI0223,PRD0193,V021,CC07,,DOC102643,20752.86,Receita
2024-03-19,CLI0275,PRD0012,V025,CC07,,DOC102644,5561.69,Receita
2026-09-12,CLI0216,PRD0043,V026,CC09,,DOC102645,16656.59,Receita
2024-10-24,CLI0130,PRD0150,V005,CC08,,DOC102646,22606.37,Receita
2025-07-27,CLI0220,PRD0085,V011,CC10,FOR0099,DOC102647,14893.69,Despesa
2023-07-25,CLI0191,PRD0074,V006,CC08,FOR0069,DOC102648,8737.5,Despesa
2025-12-21,CLI0044,PRD0017,V021,CC03,FOR0097,DOC102649,1380.79,Despesa
2025-01-17,CLI0266,PRD0147,V024,CC07,FOR0063,DOC102650,10802.42,Despesa
2026-12-06,CLI0156,PRD0080,V022,CC07,,DOC102651,28270.2,Receita
2026-05-25,CLI0252,PRD0184,V019,CC04,FOR0087,DOC102652,7391.75,Despesa
2023-04-24,CLI0247,PRD0088,V015,CC06,,DOC102653,7037.16,Receita
2023-03-13,CLI0080,PRD0197,V004,CC06,FOR0077,DOC102654,13536.75,Despesa
2023-12-05,CLI0109,PRD0124,V007,CC04,FOR0053,DOC102655,28254.17,Despesa
2026-07-22,CLI0164,PRD0186,V008,CC01,,DOC102656,9179.25,Receita
2024-03-03,CLI0206,PRD0024,V028,CC01,FOR0081,DOC102657,11640.19,Despesa
2024-09-15,CLI0224,PRD0021,V008,CC07,,DOC102658,29200.56,Receita
2023-06-30,CLI0098,PRD0157,V020,CC09,,DOC102659,26301.54,Receita
2026-05-02,CLI0281,PRD0140,V014,CC10,FOR0017,DOC102660,4274.53,Despesa
2026-03-20,CLI0134,PRD0051,V003,CC04,FOR0009,DOC102661,24417.41,Despesa
2024-07-30,CLI0120,PRD0107,V011,CC04,,DOC102662,26829.92,Receita
2026-01-03,CLI0155,PRD0182,V009,CC05,,DOC102663,3915.89,Receita
2024-06-02,CLI0079,PRD0052,V005,CC07,,DOC102664,11056.11,Receita
2024-03-17,CLI0188,PRD0061,V006,CC03,FOR0081,DOC102665,1038.11,Despesa
2026-08-03,CLI0241,PRD0045,V006,CC09,FOR0067,DOC102666,4882.15,Despesa
2026-09-14,CLI0099,PRD0199,V025,CC09,,DOC102667,27732.13,Receita
2025-09-01,CLI0155,PRD0050,V013,CC03,FOR0013,DOC102668,19479.58,Despesa
2025-06-19,CLI0097,PRD0055,V030,CC04,FOR0037,DOC102669,9798.62,Despesa
2024-01-08,CLI0228,PRD0108,V005,CC05,FOR0088,DOC102670,21078.47,Despesa
2025-03-18,CLI0080,PRD0111,V020,CC03,,DOC102671,20052.16,Receita
2024-08-14,CLI0198,PRD0096,V024,CC06,FOR0095,DOC102672,27284.58,Despesa
2026-11-30,CLI0203,PRD0168,V003,CC05,FOR0082,DOC102673,24654.89,Despesa
2024-04-18,CLI0116,PRD0003,V019,CC05,FOR0094,DOC102674,28947.59,Despesa
2023-04-22,CLI0049,PRD0114,V023,CC02,,DOC102675,1840.58,Receita
2024-01-22,CLI0277,PRD0070,V030,CC07,,DOC102676,28198.27,Receita
2026-03-07,CLI0072,PRD0001,V023,CC10,FOR0081,DOC102677,24942.84,Despesa
2023-04-27,CLI0222,PRD0076,V028,CC04,FOR0074,DOC102678,25765.24,Despesa
2025-02-06,CLI0172,PRD0012,V005,CC08,,DOC102679,28271.22,Receita
2025-06-05,CLI0279,PRD0132,V024,CC01,,DOC102680,1935.07,Receita
2025-05-06,CLI0300,PRD0067,V003,CC03,FOR0048,DOC102681,12724.11,Despesa
2025-06-22,CLI0070,PRD0150,V023,CC08,FOR0068,DOC102682,2760.61,Despesa
2023-08-03,CLI0120,PRD0151,V028,CC02,,DOC102683,1059.05,Receita
2025-04-10,CLI0127,PRD0039,V019,CC10,FOR0021,DOC102684,9579.16,Despesa
2023-02-23,CLI0198,PRD0038,V018,CC02,,DOC102685,22308.3,Receita
2025-12-15,CLI0072,PRD0160,V029,CC08,,DOC102686,18350.72,Receita
2026-06-19,CLI0249,PRD0068,V002,CC08,FOR0042,DOC102687,5851.6,Despesa
2026-09-20,CLI0123,PRD0196,V005,CC07,,DOC102688,21791.94,Receita
2025-10-31,CLI0102,PRD0183,V002,CC03,FOR0045,DOC102689,6858.26,Despesa
2026-08-27,CLI0143,PRD0183,V018,CC03,,DOC102690,25311.96,Receita
2026-07-31,CLI0003,PRD0193,V019,CC05,FOR0030,DOC102691,9979.67,Despesa
2026-11-20,CLI0088,PRD0200,V020,CC01,FOR0051,DOC102692,14117.39,Despesa
2026-09-15,CLI0056,PRD0065,V007,CC04,FOR0031,DOC102693,15555.58,Despesa
2025-03-31,CLI0125,PRD0070,V022,CC09,FOR0064,DOC102694,10783.35,Despesa
2023-10-30,CLI0110,PRD0123,V030,CC04,FOR0046,DOC102695,10620.8,Despesa
2023-08-25,CLI0194,PRD0065,V011,CC02,FOR0038,DOC102696,19876.21,Despesa
2024-01-09,CLI0074,PRD0156,V002,CC05,,DOC102697,20837.2,Receita
2023-11-05,CLI0287,PRD0030,V020,CC02,FOR0038,DOC102698,23768.22,Despesa
2025-02-06,CLI0284,PRD0195,V018,CC05,,DOC102699,23408.66,Receita
2025-07-28,CLI0092,PRD0053,V029,CC05,,DOC102700,13487.74,Receita
2026-10-11,CLI0254,PRD0140,V014,CC06,FOR0069,DOC102701,2221.24,Despesa
2025-09-11,CLI0162,PRD0154,V008,CC03,FOR0063,DOC102702,7949.34,Despesa
2023-05-10,CLI0279,PRD0130,V018,CC10,FOR0063,DOC102703,8736.1,Despesa
2024-11-21,CLI0208,PRD0164,V024,CC09,FOR0067,DOC102704,18406.71,Despesa
2025-12-03,CLI0231,PRD0066,V027,CC06,FOR0021,DOC102705,12609.06,Despesa
2023-10-11,CLI0256,PRD0143,V013,CC10,,DOC102706,9860.09,Receita
2024-03-13,CLI0213,PRD0140,V023,CC10,FOR0051,DOC102707,5852.75,Despesa
2023-06-30,CLI0235,PRD0076,V005,CC02,FOR0011,DOC102708,18498.49,Despesa
2026-03-04,CLI0043,PRD0018,V012,CC03,FOR0025,DOC102709,3481.21,Despesa
2026-09-01,CLI0069,PRD0144,V011,CC04,,DOC102710,1538.44,Receita
2025-02-08,CLI0081,PRD0069,V028,CC08,FOR0060,DOC102711,8393.7,Despesa
2026-01-31,CLI0270,PRD0004,V026,CC01,FOR0081,DOC102712,28573.49,Despesa
2025-11-01,CLI0279,PRD0040,V030,CC03,FOR0060,DOC102713,21187.77,Despesa
2026-02-26,CLI0268,PRD0060,V029,CC02,,DOC102714,23780.97,Receita
2024-04-22,CLI0294,PRD0099,V008,CC09,FOR0094,DOC102715,3312.97,Despesa
2023-03-26,CLI0208,PRD0117,V019,CC07,,DOC102716,1304.35,Receita
2023-01-19,CLI0214,PRD0107,V009,CC05,,DOC102717,11261.32,Receita
2025-10-01,CLI0120,PRD0115,V003,CC01,FOR0064,DOC102718,22964.4,Despesa
2026-03-17,CLI0242,PRD0037,V020,CC10,FOR0031,DOC102719,3287.08,Despesa
2026-04-18,CLI0040,PRD0055,V024,CC06,,DOC102720,12458.74,Receita
2026-10-03,CLI0107,PRD0140,V010,CC02,FOR0068,DOC102721,8405.11,Despesa
2025-07-03,CLI0270,PRD0026,V014,CC05,,DOC102722,4720.03,Receita
2024-10-29,CLI0154,PRD0198,V009,CC09,FOR0085,DOC102723,6605.72,Despesa
2026-09-18,CLI0218,PRD0058,V028,CC04,,DOC102724,22679.95,Receita
2026-03-03,CLI0224,PRD0051,V022,CC10,,DOC102725,2340.28,Receita
2025-02-13,CLI0145,PRD0152,V025,CC09,FOR0060,DOC102726,29250.18,Despesa
2024-10-05,CLI0199,PRD0007,V024,CC09,FOR0068,DOC102727,6758.96,Despesa
2025-02-22,CLI0217,PRD0143,V012,CC06,FOR0024,DOC102728,15558.53,Despesa
2026-04-15,CLI0054,PRD0004,V001,CC06,FOR0040,DOC102729,16002.04,Despesa
2025-12-04,CLI0165,PRD0085,V011,CC05,,DOC102730,17527.89,Receita
2024-03-06,CLI0085,PRD0048,V001,CC06,FOR0094,DOC102731,9689.67,Despesa
2024-01-31,CLI0164,PRD0130,V006,CC07,,DOC102732,16328.05,Receita
2025-06-01,CLI0083,PRD0011,V013,CC07,,DOC102733,26029.72,Receita
2026-09-29,CLI0056,PRD0134,V011,CC09,,DOC102734,4707.11,Receita
2026-05-08,CLI0078,PRD0006,V011,CC05,FOR0098,DOC102735,2497.39,Despesa
2024-12-04,CLI0162,PRD0088,V011,CC01,,DOC102736,25786.99,Receita
2025-01-07,CLI0273,PRD0059,V004,CC02,FOR0091,DOC102737,28702.91,Despesa
2025-11-02,CLI0269,PRD0180,V030,CC08,FOR0100,DOC102738,23482.53,Despesa
2023-12-09,CLI0039,PRD0194,V024,CC04,FOR0057,DOC102739,23892.95,Despesa
2025-01-09,CLI0102,PRD0029,V015,CC05,FOR0053,DOC102740,24134.62,Despesa
2023-10-30,CLI0263,PRD0175,V003,CC02,FOR0065,DOC102741,19490.68,Despesa
2024-10-29,CLI0026,PRD0036,V004,CC04,,DOC102742,16037.26,Receita
2025-06-28,CLI0095,PRD0003,V006,CC03,FOR0059,DOC102743,25061.87,Despesa
2023-10-09,CLI0165,PRD0175,V014,CC02,FOR0013,DOC102744,28481.04,Despesa
2023-09-16,CLI0281,PRD0159,V003,CC04,FOR0049,DOC102745,13958.23,Despesa
2026-05-15,CLI0178,PRD0164,V028,CC09,FOR0092,DOC102746,10715.78,Despesa
2023-02-19,CLI0043,PRD0147,V009,CC02,FOR0024,DOC102747,26770.52,Despesa
2026-08-15,CLI0130,PRD0065,V002,CC01,FOR0004,DOC102748,2648.95,Despesa
2026-08-28,CLI0114,PRD0125,V018,CC05,FOR0096,DOC102749,29121.23,Despesa
2024-07-06,CLI0132,PRD0071,V028,CC05,,DOC102750,12712.84,Receita
2024-04-27,CLI0096,PRD0124,V009,CC06,,DOC102751,24969.56,Receita
2024-08-27,CLI0004,PRD0022,V021,CC10,FOR0020,DOC102752,8295.18,Despesa
2025-07-03,CLI0171,PRD0001,V026,CC10,,DOC102753,1202.66,Receita
2026-03-25,CLI0272,PRD0100,V026,CC10,FOR0061,DOC102754,8238.61,Despesa
2025-09-04,CLI0227,PRD0045,V017,CC05,,DOC102755,8395.98,Receita
2025-02-11,CLI0154,PRD0090,V022,CC05,FOR0037,DOC102756,20895.3,Despesa
2025-05-22,CLI0107,PRD0060,V011,CC09,FOR0022,DOC102757,12167.23,Despesa
2026-03-28,CLI0082,PRD0022,V008,CC03,FOR0057,DOC102758,22521.53,Despesa
2026-02-17,CLI0284,PRD0045,V023,CC03,FOR0093,DOC102759,19509.38,Despesa
2025-08-02,CLI0058,PRD0048,V007,CC06,,DOC102760,2554.22,Receita
2025-11-09,CLI0272,PRD0121,V023,CC07,FOR0019,DOC102761,26521.89,Despesa
2026-06-20,CLI0203,PRD0171,V028,CC08,FOR0029,DOC102762,28658.25,Despesa
2024-05-24,CLI0255,PRD0113,V009,CC02,FOR0099,DOC102763,18150.58,Despesa
2026-11-17,CLI0133,PRD0162,V026,CC04,,DOC102764,13431.38,Receita
2024-04-05,CLI0293,PRD0110,V006,CC05,,DOC102765,3316.63,Receita
2025-10-16,CLI0019,PRD0120,V020,CC07,FOR0088,DOC102766,28956.21,Despesa
2023-10-22,CLI0259,PRD0162,V026,CC04,,DOC102767,24474.61,Receita
2024-09-26,CLI0171,PRD0023,V018,CC10,FOR0059,DOC102768,1965.39,Despesa
2026-12-22,CLI0211,PRD0190,V005,CC05,FOR0009,DOC102769,13546.08,Despesa
2024-03-17,CLI0076,PRD0027,V013,CC09,,DOC102770,29378.75,Receita
2026-01-24,CLI0232,PRD0005,V007,CC03,FOR0076,DOC102771,21795.99,Despesa
2025-11-10,CLI0155,PRD0160,V002,CC09,FOR0038,DOC102772,20846.65,Despesa
2023-10-31,CLI0141,PRD0148,V019,CC10,,DOC102773,29782.87,Receita
2024-05-19,CLI0016,PRD0169,V018,CC06,,DOC102774,28304.05,Receita
2023-03-13,CLI0286,PRD0035,V015,CC04,,DOC102775,12556.91,Receita
2026-09-10,CLI0174,PRD0166,V027,CC01,FOR0055,DOC102776,28877.56,Despesa
2024-04-18,CLI0269,PRD0107,V030,CC07,,DOC102777,20922.95,Receita
2023-02-17,CLI0299,PRD0060,V008,CC04,,DOC102778,14095.06,Receita
2025-02-01,CLI0154,PRD0169,V020,CC05,,DOC102779,18189.18,Receita
2025-07-16,CLI0029,PRD0081,V015,CC10,FOR0030,DOC102780,18973.02,Despesa
2026-12-25,CLI0069,PRD0051,V016,CC04,FOR0043,DOC102781,27076.45,Despesa
2024-06-20,CLI0007,PRD0047,V001,CC01,,DOC102782,14884.89,Receita
2025-08-13,CLI0082,PRD0024,V002,CC06,FOR0072,DOC102783,8550.68,Despesa
2025-01-06,CLI0071,PRD0197,V005,CC01,,DOC102784,1962.91,Receita
2025-03-26,CLI0063,PRD0072,V030,CC04,,DOC102785,28824.72,Receita
2024-08-25,CLI0242,PRD0154,V026,CC07,,DOC102786,17414.21,Receita
2024-05-13,CLI0218,PRD0052,V006,CC08,FOR0024,DOC102787,27189.66,Despesa
2025-09-21,CLI0069,PRD0133,V026,CC02,,DOC102788,15941.41,Receita
2025-06-28,CLI0285,PRD0143,V027,CC07,,DOC102789,16719.73,Receita
2025-04-12,CLI0175,PRD0047,V019,CC02,FOR0034,DOC102790,22442.19,Despesa
2024-02-08,CLI0055,PRD0140,V015,CC01,,DOC102791,1610.94,Receita
2023-04-11,CLI0144,PRD0105,V015,CC03,FOR0038,DOC102792,24154.66,Despesa
2024-08-13,CLI0272,PRD0128,V009,CC03,FOR0060,DOC102793,2486.8,Despesa
2026-10-30,CLI0065,PRD0057,V018,CC10,,DOC102794,24053.87,Receita
2023-02-11,CLI0295,PRD0183,V011,CC04,FOR0025,DOC102795,4195.52,Despesa
2025-03-31,CLI0042,PRD0182,V026,CC09,,DOC102796,18474.81,Receita
2025-01-31,CLI0132,PRD0101,V013,CC08,,DOC102797,24878.57,Receita
2024-06-22,CLI0001,PRD0195,V008,CC09,,DOC102798,3654.8,Receita
2026-01-29,CLI0096,PRD0125,V004,CC05,FOR0097,DOC102799,24074.97,Despesa
2024-05-26,CLI0023,PRD0007,V029,CC03,,DOC102800,17609.18,Receita
2025-02-16,CLI0255,PRD0024,V029,CC09,FOR0060,DOC102801,15638.26,Despesa
2025-12-15,CLI0036,PRD0129,V005,CC07,,DOC102802,24025.98,Receita
2026-11-02,CLI0183,PRD0098,V017,CC01,,DOC102803,6698.97,Receita
2024-05-29,CLI0199,PRD0077,V002,CC01,FOR0056,DOC102804,26081.34,Despesa
2025-07-30,CLI0126,PRD0064,V028,CC03,FOR0044,DOC102805,15616.2,Despesa
2024-11-02,CLI0229,PRD0119,V016,CC10,,DOC102806,12476.0,Receita
2023-07-24,CLI0237,PRD0082,V013,CC05,,DOC102807,3718.56,Receita
2026-09-09,CLI0226,PRD0079,V026,CC04,FOR0091,DOC102808,24023.2,Despesa
2026-06-14,CLI0044,PRD0119,V014,CC03,FOR0017,DOC102809,14667.73,Despesa
2024-05-06,CLI0167,PRD0068,V010,CC03,,DOC102810,12348.55,Receita
2023-12-24,CLI0188,PRD0127,V012,CC10,,DOC102811,5589.75,Receita
2024-08-27,CLI0162,PRD0033,V008,CC10,FOR0061,DOC102812,18528.32,Despesa
2023-08-05,CLI0111,PRD0072,V022,CC03,,DOC102813,23555.61,Receita
2026-09-06,CLI0032,PRD0035,V020,CC03,,DOC102814,21136.62,Receita
2026-11-11,CLI0002,PRD0034,V025,CC07,FOR0005,DOC102815,3043.14,Despesa
2023-07-05,CLI0227,PRD0177,V005,CC05,,DOC102816,28306.29,Receita
2026-11-24,CLI0268,PRD0077,V025,CC08,,DOC102817,21635.35,Receita
2024-03-16,CLI0067,PRD0187,V019,CC01,,DOC102818,3843.54,Receita
2026-01-24,CLI0145,PRD0163,V028,CC08,FOR0066,DOC102819,22447.27,Despesa
2023-03-28,CLI0297,PRD0030,V015,CC05,FOR0018,DOC102820,25939.78,Despesa
2026-02-10,CLI0013,PRD0186,V027,CC07,,DOC102821,2770.37,Receita
2024-06-01,CLI0055,PRD0108,V020,CC10,,DOC102822,3408.86,Receita
2025-05-21,CLI0020,PRD0166,V012,CC09,FOR0018,DOC102823,19618.24,Despesa
2023-12-27,CLI0153,PRD0115,V009,CC09,,DOC102824,6882.36,Receita
2026-12-15,CLI0067,PRD0058,V007,CC07,FOR0022,DOC102825,22046.73,Despesa
2023-05-06,CLI0023,PRD0174,V026,CC07,FOR0085,DOC102826,28588.52,Despesa
2025-01-23,CLI0057,PRD0112,V030,CC10,,DOC102827,23427.76,Receita
2023-06-17,CLI0215,PRD0184,V019,CC09,,DOC102828,8725.98,Receita
2025-07-16,CLI0184,PRD0148,V022,CC06,,DOC102829,13916.83,Receita
2023-03-20,CLI0056,PRD0104,V023,CC02,FOR0057,DOC102830,17498.5,Despesa
2026-07-28,CLI0191,PRD0149,V016,CC10,,DOC102831,6111.89,Receita
2024-08-17,CLI0153,PRD0135,V016,CC05,,DOC102832,15191.41,Receita
2025-12-13,CLI0114,PRD0005,V014,CC10,FOR0050,DOC102833,18594.35,Despesa
2025-09-25,CLI0265,PRD0161,V015,CC07,FOR0050,DOC102834,19898.4,Despesa
2026-01-08,CLI0260,PRD0126,V012,CC09,FOR0054,DOC102835,13590.51,Despesa
2025-05-04,CLI0284,PRD0151,V001,CC08,FOR0090,DOC102836,13047.01,Despesa
2024-05-15,CLI0247,PRD0178,V020,CC10,,DOC102837,29415.2,Receita
2026-03-19,CLI0159,PRD0166,V008,CC04,,DOC102838,5013.31,Receita
2026-03-07,CLI0299,PRD0197,V011,CC02,FOR0082,DOC102839,23113.32,Despesa
2026-12-26,CLI0168,PRD0047,V003,CC04,,DOC102840,13242.32,Receita
2026-05-25,CLI0108,PRD0134,V020,CC02,FOR0023,DOC102841,7990.17,Despesa
2025-04-18,CLI0240,PRD0172,V011,CC06,FOR0079,DOC102842,28509.61,Despesa
2026-01-19,CLI0086,PRD0154,V001,CC08,FOR0015,DOC102843,14780.1,Despesa
2025-06-30,CLI0063,PRD0074,V019,CC02,FOR0024,DOC102844,4885.89,Despesa
2026-05-17,CLI0222,PRD0036,V026,CC06,FOR0003,DOC102845,8241.5,Despesa
2026-07-28,CLI0134,PRD0112,V002,CC10,,DOC102846,21219.65,Receita
2025-04-07,CLI0078,PRD0079,V027,CC01,FOR0062,DOC102847,26701.5,Despesa
2026-02-24,CLI0281,PRD0083,V025,CC09,FOR0092,DOC102848,13482.99,Despesa
2026-12-30,CLI0095,PRD0012,V021,CC03,FOR0040,DOC102849,14333.09,Despesa
2026-12-02,CLI0210,PRD0022,V019,CC04,,DOC102850,254.52,Receita
2025-10-14,CLI0239,PRD0078,V014,CC08,,DOC102851,721.32,Receita
2026-11-20,CLI0183,PRD0145,V016,CC01,,DOC102852,21359.67,Receita
2025-04-10,CLI0169,PRD0002,V007,CC01,,DOC102853,9750.47,Receita
2024-03-13,CLI0190,PRD0002,V023,CC02,FOR0090,DOC102854,26306.93,Despesa
2023-10-21,CLI0018,PRD0123,V003,CC01,,DOC102855,4529.44,Receita
2023-12-28,CLI0050,PRD0035,V006,CC03,,DOC102856,19044.4,Receita
2023-06-19,CLI0250,PRD0123,V020,CC07,,DOC102857,4590.73,Receita
2026-11-12,CLI0182,PRD0152,V002,CC08,,DOC102858,22100.95,Receita
2024-09-20,CLI0134,PRD0052,V013,CC07,,DOC102859,27885.96,Receita
2025-09-20,CLI0300,PRD0156,V009,CC09,,DOC102860,28769.18,Receita
2024-09-14,CLI0026,PRD0132,V017,CC05,FOR0008,DOC102861,29939.87,Despesa
2023-05-29,CLI0183,PRD0131,V021,CC01,FOR0071,DOC102862,29958.71,Despesa
2026-06-04,CLI0120,PRD0114,V011,CC02,FOR0047,DOC102863,24664.64,Despesa
2026-02-27,CLI0031,PRD0047,V014,CC07,,DOC102864,13271.81,Receita
2023-06-21,CLI0216,PRD0106,V022,CC10,FOR0088,DOC102865,11358.83,Despesa
2026-08-22,CLI0138,PRD0135,V020,CC01,FOR0018,DOC102866,6153.12,Despesa
2023-08-10,CLI0096,PRD0012,V028,CC04,FOR0031,DOC102867,24966.68,Despesa
2024-12-20,CLI0024,PRD0080,V020,CC08,,DOC102868,25416.03,Receita
2023-01-25,CLI0245,PRD0188,V018,CC09,,DOC102869,7941.58,Receita
2023-08-10,CLI0099,PRD0158,V015,CC04,,DOC102870,28083.43,Receita
2026-03-25,CLI0108,PRD0074,V021,CC04,FOR0021,DOC102871,1515.69,Despesa
2025-02-03,CLI0260,PRD0063,V007,CC03,FOR0060,DOC102872,2743.84,Despesa
2023-02-07,CLI0196,PRD0108,V027,CC05,FOR0082,DOC102873,22945.03,Despesa
2025-02-20,CLI0068,PRD0054,V016,CC08,,DOC102874,11209.2,Receita
2025-03-17,CLI0215,PRD0049,V027,CC08,FOR0016,DOC102875,26021.93,Despesa
2024-09-26,CLI0222,PRD0071,V027,CC09,FOR0006,DOC102876,24766.91,Despesa
2026-01-07,CLI0125,PRD0078,V018,CC03,,DOC102877,18737.6,Receita
2024-03-11,CLI0275,PRD0189,V020,CC05,,DOC102878,16869.49,Receita
2023-07-15,CLI0085,PRD0071,V010,CC06,FOR0001,DOC102879,15442.0,Despesa
2023-08-24,CLI0059,PRD0075,V014,CC07,,DOC102880,10894.98,Receita
2023-05-02,CLI0101,PRD0191,V020,CC10,,DOC102881,22977.4,Receita
2024-03-22,CLI0073,PRD0010,V014,CC10,FOR0045,DOC102882,3615.52,Despesa
2024-02-03,CLI0177,PRD0140,V018,CC10,FOR0011,DOC102883,2745.91,Despesa
2024-07-22,CLI0224,PRD0014,V001,CC08,FOR0093,DOC102884,12658.26,Despesa
2025-01-26,CLI0056,PRD0097,V016,CC06,,DOC102885,5468.78,Receita
2026-12-27,CLI0219,PRD0116,V022,CC08,FOR0064,DOC102886,28606.0,Despesa
2024-09-14,CLI0195,PRD0102,V027,CC03,FOR0052,DOC102887,26297.19,Despesa
2024-10-23,CLI0065,PRD0158,V013,CC07,,DOC102888,21494.42,Receita
2023-02-26,CLI0184,PRD0145,V029,CC03,,DOC102889,14279.3,Receita
2024-11-12,CLI0029,PRD0106,V020,CC05,FOR0077,DOC102890,20332.38,Despesa
2025-09-26,CLI0258,PRD0146,V026,CC05,FOR0046,DOC102891,24363.0,Despesa
2023-12-25,CLI0288,PRD0086,V024,CC10,FOR0008,DOC102892,3844.33,Despesa
2023-07-04,CLI0158,PRD0191,V029,CC10,FOR0047,DOC102893,17736.6,Despesa
2026-08-04,CLI0160,PRD0088,V011,CC07,FOR0042,DOC102894,3876.7,Despesa
2026-08-09,CLI0108,PRD0071,V006,CC05,FOR0027,DOC102895,21578.84,Despesa
2024-05-09,CLI0112,PRD0149,V028,CC01,FOR0041,DOC102896,6370.79,Despesa
2024-01-03,CLI0028,PRD0097,V030,CC08,FOR0030,DOC102897,29665.1,Despesa
2023-11-15,CLI0162,PRD0057,V025,CC06,FOR0040,DOC102898,22167.03,Despesa
2025-08-27,CLI0160,PRD0184,V028,CC06,,DOC102899,21959.72,Receita
2025-07-29,CLI0183,PRD0115,V012,CC02,FOR0049,DOC102900,7976.4,Despesa
2023-09-28,CLI0279,PRD0119,V001,CC01,,DOC102901,21864.38,Receita
2023-04-29,CLI0294,PRD0162,V001,CC03,,DOC102902,10745.44,Receita
2025-09-24,CLI0003,PRD0073,V011,CC02,,DOC102903,11835.26,Receita
2026-11-12,CLI0296,PRD0103,V027,CC08,FOR0015,DOC102904,12224.15,Despesa
2023-10-29,CLI0275,PRD0095,V013,CC08,FOR0003,DOC102905,20404.61,Despesa
2024-07-17,CLI0149,PRD0132,V002,CC07,FOR0094,DOC102906,25561.24,Despesa
2024-11-25,CLI0243,PRD0031,V015,CC04,FOR0073,DOC102907,27840.04,Despesa
2025-03-04,CLI0171,PRD0075,V010,CC06,FOR0012,DOC102908,2098.72,Despesa
2024-07-13,CLI0047,PRD0002,V010,CC03,FOR0093,DOC102909,21579.4,Despesa
2025-05-29,CLI0190,PRD0178,V008,CC07,FOR0054,DOC102910,28960.38,Despesa
2024-04-04,CLI0140,PRD0033,V019,CC05,FOR0075,DOC102911,19219.53,Despesa
2025-09-03,CLI0281,PRD0010,V002,CC03,,DOC102912,25391.03,Receita
2025-03-05,CLI0136,PRD0063,V012,CC05,FOR0044,DOC102913,27866.77,Despesa
2026-11-22,CLI0061,PRD0041,V027,CC03,,DOC102914,25419.21,Receita
2023-08-25,CLI0046,PRD0074,V030,CC03,,DOC102915,13578.81,Receita
2025-05-12,CLI0233,PRD0034,V012,CC05,FOR0013,DOC102916,15348.67,Despesa
2025-01-02,CLI0109,PRD0002,V003,CC05,,DOC102917,14400.16,Receita
2023-08-30,CLI0299,PRD0175,V006,CC04,FOR0051,DOC102918,16475.26,Despesa
2023-03-06,CLI0246,PRD0036,V026,CC03,,DOC102919,17970.21,Receita
2026-12-18,CLI0082,PRD0005,V002,CC09,,DOC102920,16652.29,Receita
2026-10-06,CLI0271,PRD0036,V014,CC07,FOR0011,DOC102921,13696.97,Despesa
2026-08-01,CLI0135,PRD0084,V020,CC08,FOR0035,DOC102922,17309.58,Despesa
2025-11-02,CLI0251,PRD0013,V014,CC07,,DOC102923,12231.73,Receita
2024-07-31,CLI0074,PRD0200,V009,CC02,FOR0099,DOC102924,23872.47,Despesa
2026-07-01,CLI0085,PRD0089,V008,CC10,FOR0009,DOC102925,12193.11,Despesa
2025-04-16,CLI0223,PRD0053,V022,CC02,FOR0034,DOC102926,16852.27,Despesa
2023-09-28,CLI0242,PRD0159,V026,CC07,FOR0003,DOC102927,23885.55,Despesa
2023-10-01,CLI0224,PRD0146,V025,CC10,,DOC102928,1863.06,Receita
2026-12-10,CLI0256,PRD0164,V018,CC08,,DOC102929,28629.12,Receita
2023-04-28,CLI0187,PRD0083,V009,CC03,FOR0076,DOC102930,10938.58,Despesa
2024-05-14,CLI0058,PRD0096,V011,CC04,,DOC102931,8257.61,Receita
2023-05-23,CLI0112,PRD0105,V011,CC03,FOR0087,DOC102932,16956.4,Despesa
2026-11-30,CLI0265,PRD0067,V010,CC10,FOR0057,DOC102933,5493.39,Despesa
2024-09-05,CLI0033,PRD0028,V026,CC08,,DOC102934,29779.44,Receita
2024-05-09,CLI0209,PRD0118,V024,CC09,,DOC102935,24434.13,Receita
2023-11-22,CLI0290,PRD0073,V029,CC10,FOR0056,DOC102936,20366.24,Despesa
2024-07-21,CLI0035,PRD0077,V025,CC01,,DOC102937,5635.21,Receita
2024-08-16,CLI0111,PRD0009,V017,CC10,FOR0084,DOC102938,1394.64,Despesa
2024-01-30,CLI0255,PRD0020,V005,CC08,,DOC102939,15227.97,Receita
2026-12-19,CLI0218,PRD0141,V026,CC07,FOR0079,DOC102940,6234.12,Despesa
2026-03-23,CLI0260,PRD0168,V015,CC01,FOR0004,DOC102941,10163.09,Despesa
2024-09-18,CLI0294,PRD0071,V024,CC05,FOR0070,DOC102942,16169.46,Despesa
2026-05-18,CLI0223,PRD0015,V029,CC06,FOR0038,DOC102943,14847.41,Despesa
2025-10-30,CLI0172,PRD0143,V030,CC08,,DOC102944,13288.03,Receita
2026-09-15,CLI0110,PRD0144,V020,CC09,,DOC102945,24522.72,Receita
2023-07-12,CLI0113,PRD0042,V029,CC09,FOR0092,DOC102946,15382.68,Despesa
2025-10-29,CLI0225,PRD0140,V002,CC05,FOR0019,DOC102947,17292.56,Despesa
2025-12-19,CLI0234,PRD0051,V015,CC02,,DOC102948,6038.23,Receita
2023-11-18,CLI0266,PRD0167,V016,CC07,FOR0025,DOC102949,6348.3,Despesa
2026-09-02,CLI0115,PRD0148,V010,CC01,FOR0068,DOC102950,19107.04,Despesa
2026-10-18,CLI0081,PRD0101,V014,CC03,FOR0003,DOC102951,18100.14,Despesa
2023-01-16,CLI0111,PRD0183,V019,CC05,FOR0033,DOC102952,26325.49,Despesa
2025-05-16,CLI0128,PRD0009,V026,CC06,FOR0061,DOC102953,23904.55,Despesa
2023-11-08,CLI0016,PRD0018,V010,CC07,FOR0033,DOC102954,29698.27,Despesa
2024-08-12,CLI0232,PRD0130,V019,CC02,FOR0052,DOC102955,2211.57,Despesa
2023-12-29,CLI0167,PRD0029,V009,CC02,,DOC102956,14422.26,Receita
2025-01-25,CLI0260,PRD0127,V008,CC04,FOR0038,DOC102957,19780.64,Despesa
2024-02-01,CLI0186,PRD0073,V014,CC09,,DOC102958,21357.6,Receita
2026-09-18,CLI0081,PRD0114,V030,CC10,,DOC102959,21791.32,Receita
2025-06-09,CLI0046,PRD0122,V029,CC07,FOR0058,DOC102960,13542.02,Despesa
2025-09-19,CLI0034,PRD0076,V008,CC06,FOR0086,DOC102961,20595.04,Despesa
2026-03-12,CLI0017,PRD0151,V018,CC02,FOR0045,DOC102962,10038.44,Despesa
2023-11-07,CLI0059,PRD0090,V013,CC08,,DOC102963,29171.68,Receita
2026-03-16,CLI0009,PRD0182,V007,CC09,FOR0063,DOC102964,13593.36,Despesa
2024-01-08,CLI0298,PRD0063,V011,CC08,,DOC102965,26119.62,Receita
2024-06-27,CLI0070,PRD0160,V009,CC03,,DOC102966,4546.61,Receita
2026-01-24,CLI0244,PRD0110,V010,CC05,FOR0045,DOC102967,10083.33,Despesa
2024-12-27,CLI0158,PRD0072,V010,CC09,FOR0098,DOC102968,16586.5,Despesa
2026-12-01,CLI0034,PRD0062,V007,CC03,FOR0097,DOC102969,18599.41,Despesa
2023-06-14,CLI0176,PRD0021,V004,CC06,FOR0076,DOC102970,5065.35,Despesa
2024-08-22,CLI0183,PRD0071,V004,CC06,FOR0088,DOC102971,3804.77,Despesa
2026-03-12,CLI0174,PRD0077,V008,CC05,FOR0030,DOC102972,10265.93,Despesa
2025-08-14,CLI0116,PRD0030,V018,CC02,FOR0004,DOC102973,14984.63,Despesa
2024-08-28,CLI0109,PRD0003,V013,CC03,,DOC102974,18958.52,Receita
2026-02-18,CLI0152,PRD0133,V004,CC02,FOR0013,DOC102975,12001.28,Despesa
2026-12-01,CLI0014,PRD0055,V004,CC05,,DOC102976,4203.6,Receita
2024-03-27,CLI0190,PRD0069,V012,CC03,,DOC102977,22435.71,Receita
2023-01-31,CLI0249,PRD0167,V014,CC06,FOR0028,DOC102978,25124.78,Despesa
2023-03-26,CLI0229,PRD0065,V029,CC08,,DOC102979,4917.79,Receita
2025-10-21,CLI0293,PRD0080,V018,CC06,FOR0090,DOC102980,6121.85,Despesa
2025-05-11,CLI0152,PRD0049,V010,CC08,FOR0005,DOC102981,9583.12,Despesa
2025-11-16,CLI0119,PRD0049,V021,CC07,,DOC102982,14291.96,Receita
2023-09-03,CLI0161,PRD0086,V012,CC02,,DOC102983,12965.85,Receita
2025-01-13,CLI0225,PRD0134,V003,CC02,FOR0002,DOC102984,20892.92,Despesa
2025-03-09,CLI0096,PRD0150,V027,CC03,FOR0057,DOC102985,23838.71,Despesa
2024-02-17,CLI0094,PRD0137,V020,CC01,FOR0025,DOC102986,5007.9,Despesa
2023-04-26,CLI0251,PRD0033,V023,CC06,FOR0055,DOC102987,14242.81,Despesa
2024-03-11,CLI0168,PRD0150,V002,CC06,,DOC102988,3316.66,Receita
2025-04-16,CLI0112,PRD0121,V027,CC09,FOR0015,DOC102989,20482.85,Despesa
2024-07-05,CLI0022,PRD0168,V005,CC07,FOR0072,DOC102990,1148.92,Despesa
2026-04-06,CLI0134,PRD0161,V025,CC04,FOR0024,DOC102991,4150.35,Despesa
2026-09-22,CLI0079,PRD0059,V028,CC05,FOR0056,DOC102992,10579.64,Despesa
2025-09-24,CLI0084,PRD0053,V025,CC03,FOR0068,DOC102993,28496.6,Despesa
2025-06-17,CLI0105,PRD0058,V006,CC07,,DOC102994,727.45,Receita
2023-12-05,CLI0096,PRD0110,V019,CC02,FOR0020,DOC102995,2904.29,Despesa
2026-07-21,CLI0180,PRD0032,V005,CC08,FOR0034,DOC102996,18099.28,Despesa
2026-12-14,CLI0292,PRD0148,V007,CC08,,DOC102997,12052.49,Receita
2024-04-05,CLI0137,PRD0037,V011,CC05,FOR0048,DOC102998,17183.4,Despesa
2023-08-08,CLI0014,PRD0112,V023,CC09,FOR0029,DOC102999,3790.11,Despesa
2023-04-15,CLI0285,PRD0077,V007,CC03,,DOC103000,22279.81,Receita
2024-03-21,CLI0199,PRD0059,V017,CC04,,DOC103001,216.61,Receita
2023-04-24,CLI0080,PRD0200,V027,CC08,,DOC103002,10652.08,Receita
2026-11-28,CLI0206,PRD0126,V008,CC03,FOR0003,DOC103003,26452.35,Despesa
2025-03-08,CLI0167,PRD0088,V024,CC04,,DOC103004,17457.47,Receita
2023-04-30,CLI0023,PRD0007,V010,CC10,,DOC103005,23682.6,Receita
2026-11-18,CLI0240,PRD0043,V027,CC06,,DOC103006,9782.23,Receita
2026-03-06,CLI0048,PRD0110,V018,CC01,FOR0041,DOC103007,3472.22,Despesa
2023-07-26,CLI0111,PRD0109,V009,CC01,,DOC103008,2709.0,Receita
2026-06-03,CLI0180,PRD0060,V030,CC07,FOR0019,DOC103009,26105.41,Despesa
2025-09-14,CLI0131,PRD0101,V024,CC09,,DOC103010,27559.53,Receita
2026-02-18,CLI0117,PRD0112,V004,CC05,,DOC103011,2763.28,Receita
2025-09-18,CLI0201,PRD0126,V023,CC02,FOR0010,DOC103012,1679.48,Despesa
2024-05-09,CLI0165,PRD0095,V020,CC04,,DOC103013,8281.09,Receita
2024-02-14,CLI0145,PRD0098,V026,CC09,FOR0047,DOC103014,8887.39,Despesa
2023-09-06,CLI0163,PRD0050,V018,CC10,,DOC103015,5048.61,Receita
2023-07-19,CLI0155,PRD0023,V020,CC01,,DOC103016,12125.93,Receita
2024-03-21,CLI0008,PRD0081,V002,CC10,,DOC103017,26293.23,Receita
2023-03-06,CLI0294,PRD0002,V024,CC04,,DOC103018,24603.67,Receita
2025-10-09,CLI0160,PRD0170,V027,CC02,FOR0011,DOC103019,22973.32,Despesa
2024-02-04,CLI0182,PRD0111,V013,CC05,,DOC103020,7524.99,Receita
2025-09-10,CLI0121,PRD0178,V005,CC07,FOR0095,DOC103021,28693.01,Despesa
2023-12-06,CLI0011,PRD0132,V028,CC03,,DOC103022,10574.95,Receita
2026-12-06,CLI0168,PRD0073,V020,CC10,FOR0049,DOC103023,25153.06,Despesa
2026-08-18,CLI0138,PRD0177,V009,CC08,,DOC103024,11847.89,Receita
2025-10-26,CLI0043,PRD0010,V015,CC09,FOR0018,DOC103025,5751.4,Despesa
2025-01-30,CLI0096,PRD0014,V021,CC06,,DOC103026,6922.19,Receita
2023-09-08,CLI0252,PRD0006,V008,CC09,,DOC103027,25385.65,Receita
2023-06-03,CLI0024,PRD0113,V006,CC10,,DOC103028,16170.44,Receita
2025-01-27,CLI0141,PRD0083,V019,CC05,,DOC103029,29699.76,Receita
2025-10-06,CLI0221,PRD0164,V029,CC03,FOR0007,DOC103030,4426.31,Despesa
2024-01-18,CLI0120,PRD0005,V011,CC03,FOR0011,DOC103031,20326.8,Despesa
2024-04-13,CLI0220,PRD0069,V007,CC04,FOR0021,DOC103032,25059.28,Despesa
2025-09-20,CLI0011,PRD0153,V011,CC08,,DOC103033,28466.07,Receita
2024-11-01,CLI0195,PRD0142,V014,CC08,,DOC103034,5780.65,Receita
2025-02-13,CLI0257,PRD0086,V029,CC09,,DOC103035,29826.2,Receita
2024-09-14,CLI0055,PRD0052,V012,CC03,FOR0023,DOC103036,20147.85,Despesa
2024-09-08,CLI0249,PRD0061,V028,CC09,FOR0031,DOC103037,12105.69,Despesa
2025-10-09,CLI0217,PRD0082,V003,CC05,,DOC103038,3405.82,Receita
2026-06-21,CLI0106,PRD0062,V028,CC03,FOR0048,DOC103039,22045.26,Despesa
2026-10-04,CLI0272,PRD0166,V004,CC09,FOR0088,DOC103040,28055.12,Despesa
2025-09-19,CLI0204,PRD0178,V011,CC04,,DOC103041,18019.44,Receita
2025-05-07,CLI0234,PRD0176,V018,CC02,FOR0005,DOC103042,5522.59,Despesa
2026-06-28,CLI0296,PRD0124,V020,CC06,,DOC103043,13072.42,Receita
2025-09-16,CLI0043,PRD0087,V013,CC07,FOR0028,DOC103044,4329.28,Despesa
2025-07-19,CLI0110,PRD0084,V015,CC04,FOR0070,DOC103045,29313.45,Despesa
2026-05-09,CLI0135,PRD0114,V014,CC09,,DOC103046,27186.26,Receita
2026-11-05,CLI0252,PRD0200,V019,CC07,FOR0013,DOC103047,3560.41,Despesa
2023-09-05,CLI0275,PRD0095,V005,CC09,FOR0033,DOC103048,10384.59,Despesa
2026-02-09,CLI0250,PRD0172,V002,CC08,FOR0083,DOC103049,29191.51,Despesa
2025-03-29,CLI0195,PRD0168,V003,CC02,FOR0001,DOC103050,10793.89,Despesa
2024-10-28,CLI0263,PRD0119,V026,CC01,,DOC103051,14416.74,Receita
2025-05-15,CLI0287,PRD0199,V030,CC07,,DOC103052,27458.78,Receita
2026-06-29,CLI0097,PRD0052,V001,CC06,FOR0077,DOC103053,13566.18,Despesa
2025-02-20,CLI0065,PRD0162,V024,CC06,FOR0059,DOC103054,5143.9,Despesa
2024-11-27,CLI0137,PRD0035,V028,CC05,,DOC103055,6162.43,Receita
2025-05-25,CLI0079,PRD0142,V018,CC02,,DOC103056,221.04,Receita
2025-09-24,CLI0280,PRD0159,V008,CC01,FOR0046,DOC103057,20909.26,Despesa
2025-09-03,CLI0015,PRD0087,V013,CC10,FOR0080,DOC103058,5955.6,Despesa
2023-05-10,CLI0162,PRD0026,V017,CC10,,DOC103059,16763.17,Receita
2025-04-11,CLI0042,PRD0143,V001,CC06,,DOC103060,1486.31,Receita
2025-08-31,CLI0224,PRD0135,V010,CC04,FOR0087,DOC103061,1944.16,Despesa
2024-07-04,CLI0121,PRD0057,V027,CC09,FOR0036,DOC103062,23587.94,Despesa
2023-09-13,CLI0163,PRD0024,V007,CC09,,DOC103063,18053.73,Receita
2026-05-26,CLI0140,PRD0011,V007,CC08,FOR0063,DOC103064,23114.52,Despesa
2025-06-21,CLI0016,PRD0148,V004,CC09,FOR0062,DOC103065,7139.48,Despesa
2026-04-29,CLI0162,PRD0182,V028,CC07,FOR0064,DOC103066,8461.66,Despesa
2024-03-24,CLI0088,PRD0033,V024,CC04,,DOC103067,14533.26,Receita
2023-02-16,CLI0214,PRD0077,V001,CC01,FOR0039,DOC103068,17673.95,Despesa
2025-11-14,CLI0092,PRD0082,V008,CC03,FOR0042,DOC103069,1421.83,Despesa
2026-02-20,CLI0178,PRD0046,V007,CC08,,DOC103070,19585.25,Receita
2023-01-22,CLI0207,PRD0058,V002,CC09,,DOC103071,3670.13,Receita
2025-07-06,CLI0262,PRD0159,V015,CC01,FOR0072,DOC103072,8271.71,Despesa
2023-03-23,CLI0233,PRD0099,V014,CC03,,DOC103073,23568.26,Receita
2026-02-06,CLI0173,PRD0003,V027,CC09,FOR0089,DOC103074,10541.59,Despesa
2025-10-07,CLI0265,PRD0100,V021,CC02,,DOC103075,9569.12,Receita
2025-06-02,CLI0212,PRD0077,V027,CC09,FOR0084,DOC103076,22232.81,Despesa
2024-08-02,CLI0080,PRD0042,V028,CC04,,DOC103077,2500.7,Receita
2025-07-22,CLI0275,PRD0122,V013,CC10,FOR0001,DOC103078,15201.66,Despesa
2024-01-01,CLI0196,PRD0143,V014,CC03,,DOC103079,20886.55,Receita
2023-04-14,CLI0011,PRD0033,V023,CC09,,DOC103080,13023.75,Receita
2023-12-02,CLI0215,PRD0169,V015,CC05,FOR0070,DOC103081,25107.65,Despesa
2024-03-25,CLI0080,PRD0177,V027,CC09,FOR0086,DOC103082,22591.96,Despesa
2025-01-26,CLI0085,PRD0063,V010,CC10,FOR0086,DOC103083,17157.67,Despesa
2023-03-03,CLI0116,PRD0082,V028,CC05,,DOC103084,20065.64,Receita
2026-12-28,CLI0203,PRD0064,V029,CC07,FOR0015,DOC103085,24592.44,Despesa
2025-11-26,CLI0088,PRD0078,V028,CC06,FOR0033,DOC103086,27809.82,Despesa
2025-11-20,CLI0084,PRD0054,V002,CC05,,DOC103087,3119.52,Receita
2023-05-12,CLI0070,PRD0090,V009,CC05,,DOC103088,11971.05,Receita
2023-08-16,CLI0125,PRD0186,V008,CC05,,DOC103089,29523.15,Receita
2026-10-22,CLI0263,PRD0125,V001,CC07,FOR0045,DOC103090,12460.1,Despesa
2024-06-20,CLI0072,PRD0127,V012,CC09,FOR0062,DOC103091,10981.99,Despesa
2023-07-16,CLI0180,PRD0037,V022,CC06,FOR0008,DOC103092,5453.66,Despesa
2023-11-01,CLI0040,PRD0067,V021,CC02,,DOC103093,13978.66,Receita
2025-02-02,CLI0221,PRD0155,V025,CC06,,DOC103094,26795.46,Receita
2023-10-16,CLI0287,PRD0133,V008,CC01,FOR0062,DOC103095,15505.07,Despesa
2026-03-19,CLI0282,PRD0057,V019,CC09,FOR0096,DOC103096,19614.23,Despesa
2023-09-27,CLI0095,PRD0067,V004,CC09,FOR0081,DOC103097,5328.92,Despesa
2026-10-08,CLI0239,PRD0180,V015,CC05,FOR0033,DOC103098,12312.18,Despesa
2026-08-21,CLI0041,PRD0139,V020,CC05,FOR0062,DOC103099,13462.9,Despesa
2026-09-10,CLI0031,PRD0188,V022,CC08,FOR0094,DOC103100,13850.5,Despesa
2024-10-12,CLI0152,PRD0074,V008,CC05,FOR0094,DOC103101,7354.27,Despesa
2024-08-16,CLI0199,PRD0031,V018,CC09,FOR0076,DOC103102,18608.96,Despesa
2023-02-20,CLI0226,PRD0021,V005,CC10,,DOC103103,21466.37,Receita
2026-03-18,CLI0171,PRD0126,V008,CC07,,DOC103104,25366.28,Receita
2026-06-04,CLI0258,PRD0136,V011,CC10,FOR0059,DOC103105,1418.37,Despesa
2026-01-09,CLI0030,PRD0118,V025,CC01,,DOC103106,12951.69,Receita
2023-12-24,CLI0125,PRD0011,V022,CC06,FOR0089,DOC103107,14610.51,Despesa
2025-07-31,CLI0113,PRD0010,V009,CC03,,DOC103108,13527.02,Receita
2026-06-09,CLI0067,PRD0185,V022,CC07,FOR0021,DOC103109,953.6,Despesa
2025-06-05,CLI0277,PRD0091,V015,CC06,,DOC103110,13441.39,Receita
2026-11-16,CLI0082,PRD0087,V001,CC02,FOR0076,DOC103111,16213.03,Despesa
2023-01-27,CLI0093,PRD0016,V016,CC05,,DOC103112,7326.62,Receita
2026-09-20,CLI0107,PRD0063,V015,CC01,FOR0007,DOC103113,10683.98,Despesa
2024-02-08,CLI0170,PRD0084,V015,CC05,FOR0089,DOC103114,14558.39,Despesa
2025-04-21,CLI0170,PRD0062,V012,CC05,FOR0014,DOC103115,13400.12,Despesa
2025-05-18,CLI0147,PRD0074,V017,CC05,,DOC103116,1576.56,Receita
2023-04-05,CLI0090,PRD0073,V005,CC06,,DOC103117,1262.23,Receita
2026-11-18,CLI0069,PRD0135,V007,CC05,,DOC103118,28594.89,Receita
2026-06-10,CLI0150,PRD0120,V029,CC06,,DOC103119,13323.11,Receita
2026-11-15,CLI0265,PRD0151,V022,CC01,,DOC103120,24705.96,Receita
2025-08-22,CLI0147,PRD0056,V026,CC06,FOR0074,DOC103121,13654.98,Despesa
2026-09-18,CLI0254,PRD0034,V014,CC03,,DOC103122,2785.61,Receita
2024-08-25,CLI0164,PRD0094,V024,CC08,FOR0040,DOC103123,18708.85,Despesa
2026-06-26,CLI0195,PRD0048,V016,CC07,,DOC103124,17563.1,Receita
2026-02-21,CLI0237,PRD0095,V006,CC10,FOR0034,DOC103125,846.77,Despesa
2023-07-02,CLI0164,PRD0128,V008,CC01,FOR0084,DOC103126,28053.17,Despesa
2024-02-16,CLI0035,PRD0112,V003,CC02,,DOC103127,17430.52,Receita
2026-12-16,CLI0062,PRD0050,V005,CC07,FOR0038,DOC103128,11673.87,Despesa
2026-06-16,CLI0223,PRD0123,V008,CC10,FOR0036,DOC103129,21078.71,Despesa
2026-06-18,CLI0037,PRD0085,V010,CC06,,DOC103130,14455.28,Receita
2024-11-30,CLI0152,PRD0153,V003,CC02,,DOC103131,279.03,Receita
2024-01-26,CLI0088,PRD0146,V019,CC06,,DOC103132,11646.21,Receita
2026-05-12,CLI0191,PRD0151,V013,CC02,FOR0055,DOC103133,25818.4,Despesa
2026-02-11,CLI0012,PRD0040,V003,CC10,FOR0051,DOC103134,4615.55,Despesa
2023-08-09,CLI0196,PRD0112,V019,CC04,FOR0096,DOC103135,23206.56,Despesa
2024-11-10,CLI0260,PRD0056,V015,CC10,,DOC103136,28061.28,Receita
2026-01-24,CLI0224,PRD0003,V005,CC04,,DOC103137,20485.81,Receita
2024-10-17,CLI0081,PRD0018,V001,CC03,FOR0008,DOC103138,16096.41,Despesa
2024-10-10,CLI0180,PRD0158,V013,CC06,FOR0083,DOC103139,9693.84,Despesa
2026-10-21,CLI0096,PRD0031,V012,CC01,FOR0055,DOC103140,22293.15,Despesa
2026-01-28,CLI0076,PRD0147,V027,CC04,,DOC103141,21829.82,Receita
2023-06-07,CLI0097,PRD0196,V021,CC04,,DOC103142,764.25,Receita
2024-08-24,CLI0081,PRD0132,V015,CC07,,DOC103143,12589.22,Receita
2023-06-07,CLI0086,PRD0162,V006,CC02,,DOC103144,849.22,Receita
2024-01-08,CLI0016,PRD0097,V015,CC06,,DOC103145,5937.24,Receita
2025-09-23,CLI0074,PRD0135,V010,CC02,,DOC103146,14700.27,Receita
2026-02-12,CLI0215,PRD0162,V011,CC09,,DOC103147,23266.39,Receita
2026-11-17,CLI0216,PRD0173,V001,CC01,FOR0037,DOC103148,9784.15,Despesa
2024-03-25,CLI0210,PRD0171,V017,CC07,FOR0093,DOC103149,29333.11,Despesa
2024-01-08,CLI0243,PRD0044,V016,CC05,FOR0019,DOC103150,18810.62,Despesa
2023-05-27,CLI0226,PRD0010,V022,CC09,,DOC103151,1459.81,Receita
2023-04-09,CLI0123,PRD0098,V026,CC03,FOR0016,DOC103152,17994.15,Despesa
2024-01-21,CLI0275,PRD0073,V027,CC03,,DOC103153,22655.12,Receita
2024-09-27,CLI0194,PRD0034,V015,CC04,FOR0014,DOC103154,29620.17,Despesa
2023-06-23,CLI0267,PRD0095,V015,CC08,FOR0063,DOC103155,7997.41,Despesa
2025-01-31,CLI0154,PRD0139,V025,CC10,FOR0092,DOC103156,13043.22,Despesa
2024-02-18,CLI0160,PRD0046,V024,CC02,FOR0073,DOC103157,18244.99,Despesa
2026-01-26,CLI0099,PRD0036,V022,CC10,,DOC103158,25361.81,Receita
2025-04-21,CLI0292,PRD0125,V021,CC03,,DOC103159,12852.53,Receita
2024-01-23,CLI0189,PRD0181,V007,CC08,FOR0006,DOC103160,4496.63,Despesa
2024-06-07,CLI0242,PRD0134,V009,CC09,FOR0010,DOC103161,8552.87,Despesa
2026-09-05,CLI0073,PRD0155,V005,CC05,FOR0086,DOC103162,502.16,Despesa
2023-05-14,CLI0151,PRD0123,V002,CC03,,DOC103163,16577.97,Receita
2025-11-25,CLI0243,PRD0156,V018,CC04,,DOC103164,11377.36,Receita
2024-08-08,CLI0281,PRD0109,V020,CC09,,DOC103165,21942.19,Receita
2025-02-06,CLI0200,PRD0040,V026,CC02,FOR0100,DOC103166,2393.34,Despesa
2024-11-10,CLI0179,PRD0090,V003,CC06,FOR0080,DOC103167,14490.74,Despesa
2026-08-21,CLI0149,PRD0050,V029,CC08,FOR0023,DOC103168,5416.67,Despesa
2024-12-20,CLI0256,PRD0190,V020,CC09,,DOC103169,29033.03,Receita
2024-08-06,CLI0245,PRD0172,V005,CC09,FOR0028,DOC103170,15151.68,Despesa
2023-02-06,CLI0014,PRD0122,V008,CC08,,DOC103171,10594.7,Receita
2024-06-16,CLI0145,PRD0186,V015,CC06,FOR0073,DOC103172,25235.83,Despesa
2024-02-05,CLI0046,PRD0160,V008,CC09,FOR0001,DOC103173,8632.15,Despesa
2024-09-26,CLI0154,PRD0115,V021,CC04,,DOC103174,22150.64,Receita
2025-10-19,CLI0185,PRD0147,V014,CC01,FOR0061,DOC103175,13877.57,Despesa
2026-03-02,CLI0149,PRD0026,V005,CC03,,DOC103176,3884.93,Receita
2023-09-21,CLI0283,PRD0101,V006,CC06,,DOC103177,27083.44,Receita
2025-07-07,CLI0113,PRD0120,V011,CC08,,DOC103178,28532.72,Receita
2024-03-06,CLI0269,PRD0017,V030,CC04,,DOC103179,4798.62,Receita
2023-05-15,CLI0127,PRD0018,V023,CC10,FOR0067,DOC103180,3900.66,Despesa
2024-01-02,CLI0287,PRD0048,V021,CC02,FOR0071,DOC103181,29680.34,Despesa
2025-04-12,CLI0145,PRD0043,V003,CC02,FOR0074,DOC103182,12740.01,Despesa
2024-07-13,CLI0026,PRD0189,V005,CC01,FOR0015,DOC103183,29694.91,Despesa
2026-03-01,CLI0068,PRD0001,V008,CC08,FOR0095,DOC103184,6960.14,Despesa
2023-04-03,CLI0228,PRD0098,V028,CC04,,DOC103185,11559.31,Receita
2026-06-10,CLI0142,PRD0135,V022,CC01,,DOC103186,19359.77,Receita
2023-11-13,CLI0088,PRD0048,V026,CC10,FOR0036,DOC103187,13303.68,Despesa
2025-02-21,CLI0090,PRD0115,V003,CC05,,DOC103188,24994.54,Receita
2025-09-08,CLI0170,PRD0143,V003,CC01,,DOC103189,18297.25,Receita
2025-05-05,CLI0108,PRD0022,V010,CC01,FOR0046,DOC103190,8807.71,Despesa
2024-10-23,CLI0280,PRD0126,V002,CC10,,DOC103191,4458.25,Receita
2025-03-15,CLI0289,PRD0049,V007,CC03,,DOC103192,8997.61,Receita
2024-01-16,CLI0195,PRD0144,V018,CC04,FOR0039,DOC103193,24350.51,Despesa
2024-04-27,CLI0021,PRD0034,V027,CC04,FOR0071,DOC103194,16397.34,Despesa
2023-01-18,CLI0208,PRD0163,V019,CC05,,DOC103195,16520.31,Receita
2025-01-08,CLI0039,PRD0064,V012,CC03,,DOC103196,28566.1,Receita
2025-12-15,CLI0084,PRD0141,V028,CC02,FOR0013,DOC103197,18100.52,Despesa
2025-10-19,CLI0062,PRD0077,V007,CC10,FOR0010,DOC103198,21149.63,Despesa
2023-01-04,CLI0086,PRD0071,V019,CC02,,DOC103199,20306.04,Receita
2026-09-27,CLI0081,PRD0116,V014,CC06,,DOC103200,28776.19,Receita
2026-05-08,CLI0089,PRD0005,V025,CC09,FOR0063,DOC103201,558.01,Despesa
2024-08-22,CLI0289,PRD0009,V003,CC05,FOR0021,DOC103202,12583.72,Despesa
2024-08-21,CLI0039,PRD0001,V021,CC03,FOR0017,DOC103203,20675.55,Despesa
2024-10-10,CLI0173,PRD0171,V020,CC05,FOR0017,DOC103204,7646.92,Despesa
2026-04-10,CLI0119,PRD0178,V003,CC06,,DOC103205,27685.71,Receita
2023-12-13,CLI0229,PRD0092,V008,CC04,,DOC103206,8022.9,Receita
2024-05-26,CLI0127,PRD0141,V015,CC03,,DOC103207,5590.14,Receita
2026-11-18,CLI0126,PRD0179,V026,CC02,,DOC103208,738.83,Receita
2026-08-10,CLI0158,PRD0080,V009,CC07,,DOC103209,22781.97,Receita
2024-01-26,CLI0024,PRD0074,V023,CC02,,DOC103210,15495.44,Receita
2024-07-10,CLI0140,PRD0015,V022,CC01,FOR0020,DOC103211,23390.2,Despesa
2023-12-19,CLI0179,PRD0039,V020,CC07,FOR0005,DOC103212,4595.67,Despesa
2025-11-21,CLI0053,PRD0088,V005,CC10,,DOC103213,29703.02,Receita
2026-03-26,CLI0297,PRD0110,V022,CC06,FOR0053,DOC103214,23142.25,Despesa
2026-03-25,CLI0180,PRD0090,V029,CC09,FOR0098,DOC103215,734.0,Despesa
2023-01-19,CLI0052,PRD0063,V015,CC09,,DOC103216,13201.21,Receita
2025-09-07,CLI0035,PRD0171,V007,CC08,,DOC103217,13778.59,Receita
2023-06-08,CLI0064,PRD0043,V011,CC04,,DOC103218,17444.21,Receita
2023-09-20,CLI0252,PRD0035,V016,CC09,FOR0055,DOC103219,24530.16,Despesa
2026-02-21,CLI0262,PRD0023,V010,CC04,FOR0005,DOC103220,25887.21,Despesa
2024-07-19,CLI0098,PRD0161,V021,CC06,,DOC103221,27307.29,Receita
2026-01-09,CLI0217,PRD0036,V013,CC04,FOR0061,DOC103222,7322.03,Despesa
2026-01-07,CLI0130,PRD0153,V011,CC01,FOR0067,DOC103223,9980.82,Despesa
2023-07-13,CLI0237,PRD0099,V011,CC03,FOR0027,DOC103224,5536.76,Despesa
2026-10-26,CLI0038,PRD0136,V030,CC07,,DOC103225,14227.12,Receita
2025-06-20,CLI0091,PRD0196,V015,CC08,FOR0040,DOC103226,24334.22,Despesa
2025-04-23,CLI0245,PRD0008,V023,CC06,FOR0078,DOC103227,19115.07,Despesa
2023-01-21,CLI0277,PRD0117,V009,CC01,,DOC103228,1753.35,Receita
2023-07-03,CLI0217,PRD0053,V030,CC06,FOR0063,DOC103229,4072.6,Despesa
2026-12-10,CLI0031,PRD0063,V025,CC08,FOR0083,DOC103230,12407.11,Despesa
2023-05-22,CLI0196,PRD0033,V015,CC10,,DOC103231,17853.57,Receita
2024-01-20,CLI0075,PRD0065,V026,CC07,FOR0002,DOC103232,4407.43,Despesa
2025-01-23,CLI0139,PRD0197,V003,CC05,,DOC103233,13656.75,Receita
2023-09-15,CLI0230,PRD0154,V029,CC09,FOR0066,DOC103234,16669.37,Despesa
2024-03-29,CLI0052,PRD0003,V027,CC01,,DOC103235,15721.72,Receita
2026-04-17,CLI0276,PRD0035,V024,CC01,FOR0079,DOC103236,2973.85,Despesa
2024-02-07,CLI0196,PRD0097,V011,CC01,,DOC103237,17341.1,Receita
2026-11-03,CLI0074,PRD0097,V005,CC07,,DOC103238,10458.18,Receita
2026-01-26,CLI0279,PRD0057,V001,CC07,FOR0069,DOC103239,15036.64,Despesa
2025-05-22,CLI0170,PRD0007,V007,CC08,,DOC103240,15708.18,Receita
2026-01-30,CLI0167,PRD0148,V026,CC08,,DOC103241,6610.81,Receita
2023-11-14,CLI0280,PRD0156,V009,CC06,FOR0039,DOC103242,17223.22,Despesa
2023-10-14,CLI0176,PRD0034,V007,CC08,FOR0009,DOC103243,5685.4,Despesa
2024-08-04,CLI0286,PRD0140,V013,CC09,,DOC103244,9190.54,Receita
2023-04-10,CLI0029,PRD0024,V001,CC06,FOR0081,DOC103245,7450.82,Despesa
2023-03-30,CLI0293,PRD0150,V015,CC02,FOR0012,DOC103246,28425.69,Despesa
2023-06-30,CLI0126,PRD0057,V027,CC10,,DOC103247,5275.23,Receita
2026-02-21,CLI0182,PRD0091,V026,CC10,FOR0006,DOC103248,25707.51,Despesa
2026-04-18,CLI0010,PRD0060,V008,CC10,FOR0041,DOC103249,29115.57,Despesa
2024-07-04,CLI0071,PRD0091,V025,CC06,FOR0001,DOC103250,3600.45,Despesa
2025-10-29,CLI0207,PRD0090,V019,CC08,,DOC103251,26407.84,Receita
2024-11-08,CLI0072,PRD0120,V018,CC05,,DOC103252,1831.84,Receita
2026-05-13,CLI0275,PRD0121,V024,CC06,,DOC103253,6621.87,Receita
2024-08-16,CLI0053,PRD0100,V012,CC06,FOR0090,DOC103254,12342.33,Despesa
2025-02-06,CLI0178,PRD0093,V005,CC06,FOR0073,DOC103255,9409.67,Despesa
2024-11-26,CLI0082,PRD0033,V024,CC04,FOR0016,DOC103256,23395.86,Despesa
2026-09-12,CLI0023,PRD0119,V009,CC09,FOR0022,DOC103257,5698.1,Despesa
2023-07-11,CLI0085,PRD0031,V003,CC09,,DOC103258,10412.83,Receita
2024-04-16,CLI0029,PRD0163,V013,CC01,FOR0098,DOC103259,12853.37,Despesa
2024-09-15,CLI0047,PRD0076,V026,CC08,FOR0049,DOC103260,15043.8,Despesa
2023-05-24,CLI0163,PRD0048,V011,CC05,,DOC103261,10544.23,Receita
2023-08-19,CLI0111,PRD0060,V019,CC02,,DOC103262,14930.59,Receita
2024-06-30,CLI0261,PRD0114,V028,CC04,FOR0070,DOC103263,9574.57,Despesa
2025-12-09,CLI0219,PRD0093,V016,CC05,FOR0093,DOC103264,14820.64,Despesa
2026-04-24,CLI0198,PRD0131,V003,CC09,FOR0004,DOC103265,486.78,Despesa
2026-12-14,CLI0019,PRD0126,V015,CC05,,DOC103266,8787.68,Receita
2026-01-11,CLI0267,PRD0041,V017,CC08,FOR0042,DOC103267,14378.01,Despesa
2026-01-15,CLI0134,PRD0185,V023,CC02,,DOC103268,23977.31,Receita
2023-10-31,CLI0086,PRD0057,V016,CC02,,DOC103269,26516.35,Receita
2025-07-06,CLI0062,PRD0185,V015,CC03,FOR0022,DOC103270,6321.15,Despesa
2025-11-16,CLI0150,PRD0101,V007,CC05,,DOC103271,15449.26,Receita
2023-12-07,CLI0278,PRD0024,V004,CC03,,DOC103272,15513.44,Receita
2026-09-19,CLI0230,PRD0118,V007,CC03,FOR0009,DOC103273,2654.9,Despesa
2025-08-14,CLI0232,PRD0082,V001,CC09,,DOC103274,8764.5,Receita
2025-10-01,CLI0125,PRD0188,V010,CC07,,DOC103275,7791.09,Receita
2023-05-28,CLI0132,PRD0049,V021,CC03,FOR0006,DOC103276,12444.69,Despesa
2023-04-28,CLI0022,PRD0121,V004,CC06,,DOC103277,14523.64,Receita
2026-06-14,CLI0016,PRD0102,V011,CC02,FOR0014,DOC103278,12336.55,Despesa
2025-07-25,CLI0066,PRD0124,V015,CC01,FOR0032,DOC103279,1557.86,Despesa
2026-05-11,CLI0090,PRD0196,V005,CC08,FOR0042,DOC103280,23229.53,Despesa
2023-03-27,CLI0134,PRD0098,V028,CC02,FOR0069,DOC103281,11416.68,Despesa
2024-01-09,CLI0048,PRD0180,V026,CC05,,DOC103282,8259.16,Receita
2026-01-08,CLI0061,PRD0024,V026,CC09,,DOC103283,2082.06,Receita
2026-08-12,CLI0268,PRD0165,V025,CC04,FOR0042,DOC103284,19057.24,Despesa
2024-09-27,CLI0257,PRD0089,V016,CC05,,DOC103285,24264.95,Receita
2023-02-08,CLI0181,PRD0061,V018,CC08,FOR0039,DOC103286,8999.88,Despesa
2024-05-28,CLI0119,PRD0076,V017,CC06,FOR0059,DOC103287,4923.5,Despesa
2024-07-24,CLI0194,PRD0159,V024,CC06,FOR0025,DOC103288,13936.26,Despesa
2023-12-28,CLI0265,PRD0147,V021,CC03,FOR0083,DOC103289,5430.67,Despesa
2026-12-22,CLI0155,PRD0050,V022,CC06,,DOC103290,23448.58,Receita
2026-04-25,CLI0040,PRD0105,V017,CC06,FOR0033,DOC103291,29721.97,Despesa
2024-10-20,CLI0026,PRD0027,V009,CC01,,DOC103292,19901.54,Receita
2023-11-24,CLI0229,PRD0093,V021,CC04,,DOC103293,18647.37,Receita
2023-10-11,CLI0006,PRD0053,V027,CC04,FOR0082,DOC103294,28482.8,Despesa
2023-07-21,CLI0173,PRD0099,V028,CC10,,DOC103295,24769.87,Receita
2023-06-30,CLI0220,PRD0101,V028,CC05,,DOC103296,8466.67,Receita
2026-03-22,CLI0258,PRD0107,V020,CC01,,DOC103297,4894.84,Receita
2026-01-19,CLI0285,PRD0175,V015,CC05,FOR0018,DOC103298,22003.98,Despesa
2024-05-10,CLI0019,PRD0168,V008,CC03,FOR0076,DOC103299,18457.45,Despesa
2024-06-12,CLI0278,PRD0025,V027,CC10,,DOC103300,9192.96,Receita
2023-05-18,CLI0052,PRD0034,V027,CC05,FOR0054,DOC103301,4507.52,Despesa
2026-07-16,CLI0130,PRD0157,V024,CC07,FOR0022,DOC103302,23765.61,Despesa
2026-08-28,CLI0173,PRD0167,V021,CC06,FOR0091,DOC103303,27408.06,Despesa
2023-12-17,CLI0011,PRD0126,V009,CC08,FOR0086,DOC103304,1873.83,Despesa
2024-05-11,CLI0006,PRD0024,V012,CC07,FOR0010,DOC103305,6404.18,Despesa
2025-10-21,CLI0104,PRD0051,V026,CC08,FOR0002,DOC103306,2077.37,Despesa
2025-05-21,CLI0182,PRD0011,V009,CC02,FOR0088,DOC103307,16091.58,Despesa
2024-06-09,CLI0287,PRD0148,V010,CC01,,DOC103308,28506.53,Receita
2023-02-25,CLI0090,PRD0005,V018,CC08,FOR0030,DOC103309,25712.11,Despesa
2025-04-13,CLI0132,PRD0178,V011,CC09,FOR0020,DOC103310,29652.61,Despesa
2023-06-04,CLI0172,PRD0075,V021,CC10,FOR0091,DOC103311,19888.08,Despesa
2025-11-15,CLI0091,PRD0193,V024,CC03,,DOC103312,10295.54,Receita
2024-09-30,CLI0074,PRD0101,V007,CC06,,DOC103313,24785.52,Receita
2024-02-14,CLI0258,PRD0097,V024,CC06,FOR0067,DOC103314,28771.59,Despesa
2024-03-02,CLI0204,PRD0042,V025,CC09,FOR0028,DOC103315,19456.62,Despesa
2023-02-25,CLI0300,PRD0090,V014,CC02,FOR0065,DOC103316,15182.59,Despesa
2025-10-30,CLI0258,PRD0032,V023,CC04,FOR0057,DOC103317,16473.53,Despesa
2023-12-24,CLI0212,PRD0004,V030,CC10,,DOC103318,13297.41,Receita
2024-11-05,CLI0263,PRD0068,V030,CC10,FOR0039,DOC103319,10926.02,Despesa
2024-03-05,CLI0221,PRD0041,V012,CC05,,DOC103320,26997.05,Receita
2025-04-01,CLI0203,PRD0053,V005,CC10,FOR0073,DOC103321,17751.01,Despesa
2025-06-15,CLI0006,PRD0169,V017,CC07,FOR0047,DOC103322,19779.95,Despesa
2024-07-11,CLI0035,PRD0015,V015,CC07,FOR0036,DOC103323,16469.1,Despesa
2025-10-01,CLI0293,PRD0098,V025,CC03,FOR0018,DOC103324,23452.98,Despesa
2023-04-03,CLI0003,PRD0124,V020,CC09,FOR0089,DOC103325,12825.38,Despesa
2026-01-13,CLI0225,PRD0154,V008,CC08,,DOC103326,17093.27,Receita
2023-03-20,CLI0163,PRD0186,V029,CC07,FOR0095,DOC103327,4651.13,Despesa
2024-05-09,CLI0116,PRD0105,V004,CC03,FOR0081,DOC103328,19302.76,Despesa
2025-01-15,CLI0244,PRD0191,V017,CC10,FOR0033,DOC103329,17331.27,Despesa
2023-02-14,CLI0143,PRD0114,V022,CC04,FOR0029,DOC103330,2356.62,Despesa
2023-09-16,CLI0061,PRD0001,V011,CC04,FOR0047,DOC103331,11650.98,Despesa
2025-12-28,CLI0047,PRD0061,V004,CC06,,DOC103332,10854.68,Receita
2026-10-18,CLI0127,PRD0144,V007,CC08,FOR0003,DOC103333,26778.94,Despesa
2023-02-09,CLI0037,PRD0052,V022,CC04,FOR0076,DOC103334,5748.43,Despesa
2026-08-22,CLI0025,PRD0019,V027,CC03,,DOC103335,13695.21,Receita
2023-12-14,CLI0107,PRD0018,V015,CC04,,DOC103336,3609.58,Receita
2026-10-31,CLI0202,PRD0001,V020,CC08,,DOC103337,16734.19,Receita
2023-11-18,CLI0045,PRD0180,V025,CC07,FOR0021,DOC103338,25345.1,Despesa
2025-12-14,CLI0267,PRD0037,V004,CC09,,DOC103339,11019.92,Receita
2026-06-05,CLI0116,PRD0192,V011,CC05,,DOC103340,25113.62,Receita
2023-05-03,CLI0001,PRD0043,V017,CC02,FOR0019,DOC103341,7079.82,Despesa
2026-07-06,CLI0139,PRD0166,V011,CC09,,DOC103342,19824.95,Receita
2024-06-05,CLI0232,PRD0176,V023,CC04,,DOC103343,28493.62,Receita
2025-01-04,CLI0195,PRD0039,V030,CC04,,DOC103344,281.12,Receita
2024-07-16,CLI0240,PRD0046,V021,CC07,,DOC103345,291.65,Receita
2023-09-12,CLI0056,PRD0178,V015,CC09,FOR0005,DOC103346,14742.97,Despesa
2025-12-16,CLI0271,PRD0097,V028,CC03,,DOC103347,8018.95,Receita
2026-11-29,CLI0071,PRD0161,V010,CC07,,DOC103348,22228.72,Receita
2026-06-08,CLI0194,PRD0088,V007,CC02,FOR0031,DOC103349,26719.46,Despesa
2025-05-04,CLI0147,PRD0029,V021,CC05,,DOC103350,462.61,Receita
2026-05-09,CLI0295,PRD0086,V003,CC09,,DOC103351,11567.88,Receita
2026-11-05,CLI0222,PRD0059,V009,CC08,,DOC103352,29638.95,Receita
2026-03-20,CLI0187,PRD0024,V010,CC01,FOR0004,DOC103353,7769.37,Despesa
2026-05-08,CLI0281,PRD0195,V004,CC04,,DOC103354,24573.69,Receita
2025-11-05,CLI0118,PRD0191,V026,CC01,,DOC103355,18195.27,Receita
2025-10-03,CLI0165,PRD0058,V012,CC10,,DOC103356,12172.97,Receita
2023-05-22,CLI0110,PRD0093,V004,CC09,,DOC103357,25760.81,Receita
2025-06-03,CLI0234,PRD0146,V021,CC02,FOR0034,DOC103358,10481.85,Despesa
2024-08-05,CLI0070,PRD0059,V021,CC10,,DOC103359,1229.97,Receita
2026-01-07,CLI0055,PRD0013,V006,CC03,FOR0054,DOC103360,20479.66,Despesa
2026-06-15,CLI0261,PRD0004,V022,CC04,,DOC103361,1283.14,Receita
2025-05-29,CLI0006,PRD0130,V024,CC06,FOR0047,DOC103362,13442.03,Despesa
2025-12-17,CLI0115,PRD0082,V006,CC02,FOR0017,DOC103363,14532.75,Despesa
2023-03-20,CLI0044,PRD0036,V008,CC08,,DOC103364,26003.7,Receita
2026-03-03,CLI0002,PRD0071,V025,CC05,FOR0077,DOC103365,9151.02,Despesa
2025-05-17,CLI0171,PRD0007,V007,CC08,FOR0043,DOC103366,12658.18,Despesa
2024-12-13,CLI0244,PRD0116,V003,CC07,FOR0073,DOC103367,8399.02,Despesa
2026-12-25,CLI0210,PRD0041,V002,CC06,,DOC103368,14146.6,Receita
2023-11-03,CLI0252,PRD0035,V001,CC03,FOR0012,DOC103369,6913.69,Despesa
2026-11-14,CLI0244,PRD0098,V026,CC08,FOR0079,DOC103370,22382.37,Despesa
2025-02-20,CLI0192,PRD0076,V021,CC09,FOR0025,DOC103371,1882.94,Despesa
2025-04-18,CLI0179,PRD0025,V021,CC04,FOR0088,DOC103372,18687.76,Despesa
2023-01-30,CLI0259,PRD0066,V013,CC07,FOR0079,DOC103373,12414.07,Despesa
2024-07-10,CLI0035,PRD0157,V012,CC06,FOR0086,DOC103374,12998.08,Despesa
2025-07-01,CLI0097,PRD0145,V010,CC08,FOR0055,DOC103375,13305.96,Despesa
2023-11-17,CLI0166,PRD0194,V006,CC02,FOR0084,DOC103376,854.15,Despesa
2024-10-06,CLI0252,PRD0197,V013,CC02,,DOC103377,1629.07,Receita
2025-05-01,CLI0282,PRD0095,V018,CC08,FOR0042,DOC103378,4812.33,Despesa
2024-10-05,CLI0244,PRD0189,V029,CC03,FOR0090,DOC103379,26634.2,Despesa
2026-12-24,CLI0005,PRD0150,V021,CC07,FOR0041,DOC103380,2111.61,Despesa
2026-10-09,CLI0001,PRD0174,V026,CC02,,DOC103381,15161.44,Receita
2026-01-06,CLI0208,PRD0172,V016,CC03,,DOC103382,22352.35,Receita
2023-09-19,CLI0184,PRD0096,V025,CC09,,DOC103383,28239.35,Receita
2024-09-25,CLI0132,PRD0093,V019,CC07,FOR0046,DOC103384,21620.29,Despesa
2024-08-06,CLI0114,PRD0146,V028,CC10,FOR0088,DOC103385,10640.13,Despesa
2025-01-12,CLI0084,PRD0164,V014,CC01,FOR0065,DOC103386,5477.98,Despesa
2024-04-14,CLI0001,PRD0200,V021,CC07,,DOC103387,9259.67,Receita
2023-06-25,CLI0039,PRD0187,V011,CC02,,DOC103388,10008.66,Receita
2024-02-29,CLI0028,PRD0119,V002,CC03,FOR0050,DOC103389,14307.33,Despesa
2024-12-25,CLI0162,PRD0090,V016,CC07,FOR0072,DOC103390,26032.37,Despesa
2026-07-25,CLI0077,PRD0119,V024,CC06,,DOC103391,21142.4,Receita
2025-09-17,CLI0144,PRD0119,V020,CC07,FOR0049,DOC103392,29475.58,Despesa
2023-10-14,CLI0105,PRD0067,V015,CC02,FOR0091,DOC103393,10853.77,Despesa
2024-07-17,CLI0199,PRD0092,V030,CC02,,DOC103394,16182.34,Receita
2023-04-08,CLI0209,PRD0173,V022,CC05,FOR0021,DOC103395,20230.97,Despesa
2024-07-07,CLI0263,PRD0142,V027,CC04,FOR0009,DOC103396,11227.79,Despesa
2024-12-12,CLI0148,PRD0090,V008,CC08,,DOC103397,20950.47,Receita
2024-03-11,CLI0300,PRD0121,V012,CC03,FOR0006,DOC103398,2620.54,Despesa
2025-02-10,CLI0179,PRD0180,V029,CC02,FOR0092,DOC103399,2840.61,Despesa
2023-12-06,CLI0123,PRD0091,V018,CC07,FOR0016,DOC103400,6492.9,Despesa
2024-07-05,CLI0046,PRD0177,V027,CC08,,DOC103401,11006.25,Receita
2026-08-26,CLI0019,PRD0051,V030,CC02,FOR0027,DOC103402,18300.88,Despesa
2026-01-15,CLI0202,PRD0121,V002,CC03,FOR0016,DOC103403,24685.18,Despesa
2026-08-31,CLI0269,PRD0009,V004,CC04,FOR0029,DOC103404,27903.64,Despesa
2026-06-23,CLI0193,PRD0161,V022,CC02,FOR0062,DOC103405,2753.6,Despesa
2023-06-08,CLI0208,PRD0158,V011,CC03,,DOC103406,13445.27,Receita
2026-01-30,CLI0067,PRD0085,V012,CC09,,DOC103407,13039.56,Receita
2025-01-29,CLI0053,PRD0143,V027,CC01,,DOC103408,21124.85,Receita
2024-08-15,CLI0287,PRD0157,V003,CC01,FOR0008,DOC103409,671.16,Despesa
2024-03-27,CLI0236,PRD0037,V015,CC02,,DOC103410,8249.93,Receita
2025-12-07,CLI0140,PRD0025,V029,CC05,,DOC103411,2017.24,Receita
2023-08-16,CLI0233,PRD0063,V007,CC07,,DOC103412,19884.23,Receita
2025-03-18,CLI0204,PRD0150,V030,CC07,,DOC103413,19723.79,Receita
2023-11-19,CLI0084,PRD0168,V030,CC05,,DOC103414,12749.77,Receita
2023-01-04,CLI0256,PRD0117,V002,CC07,,DOC103415,24386.15,Receita
2026-04-09,CLI0100,PRD0188,V004,CC06,FOR0091,DOC103416,16533.07,Despesa
2025-07-08,CLI0264,PRD0135,V011,CC09,,DOC103417,2114.53,Receita
2026-03-24,CLI0010,PRD0047,V011,CC09,,DOC103418,27961.07,Receita
2024-07-22,CLI0099,PRD0009,V007,CC05,,DOC103419,21198.1,Receita
2026-10-31,CLI0289,PRD0160,V009,CC10,,DOC103420,2797.83,Receita
2025-03-21,CLI0008,PRD0131,V030,CC02,,DOC103421,21462.56,Receita
2024-10-03,CLI0198,PRD0175,V006,CC09,FOR0018,DOC103422,13864.42,Despesa
2026-03-07,CLI0066,PRD0162,V017,CC06,,DOC103423,22224.17,Receita
2026-03-29,CLI0096,PRD0017,V003,CC06,FOR0018,DOC103424,19946.93,Despesa
2023-12-19,CLI0163,PRD0044,V018,CC01,,DOC103425,22224.42,Receita
2024-12-22,CLI0253,PRD0048,V013,CC05,FOR0077,DOC103426,2705.06,Despesa
2024-03-05,CLI0064,PRD0052,V025,CC08,,DOC103427,7536.38,Receita
2023-11-21,CLI0178,PRD0159,V030,CC05,FOR0091,DOC103428,2299.96,Despesa
2024-10-09,CLI0119,PRD0032,V015,CC01,,DOC103429,22422.23,Receita
2023-11-03,CLI0156,PRD0085,V023,CC02,FOR0100,DOC103430,10803.17,Despesa
2023-03-07,CLI0139,PRD0009,V028,CC04,,DOC103431,5462.37,Receita
2025-08-21,CLI0116,PRD0012,V001,CC09,,DOC103432,7547.15,Receita
2026-01-24,CLI0056,PRD0185,V020,CC04,FOR0008,DOC103433,14264.06,Despesa
2026-10-16,CLI0118,PRD0195,V019,CC06,,DOC103434,25567.32,Receita
2023-06-11,CLI0081,PRD0037,V021,CC04,FOR0069,DOC103435,3065.22,Despesa
2025-12-13,CLI0269,PRD0144,V023,CC10,,DOC103436,29311.22,Receita
2025-07-21,CLI0289,PRD0039,V002,CC06,FOR0044,DOC103437,16982.81,Despesa
2025-07-25,CLI0052,PRD0120,V005,CC08,,DOC103438,14204.53,Receita
2026-01-08,CLI0144,PRD0041,V006,CC03,FOR0028,DOC103439,12203.15,Despesa
2025-08-22,CLI0022,PRD0087,V007,CC05,FOR0011,DOC103440,10645.29,Despesa
2026-12-25,CLI0075,PRD0189,V023,CC04,,DOC103441,11948.09,Receita
2026-11-18,CLI0290,PRD0092,V022,CC09,,DOC103442,16625.51,Receita
2025-04-12,CLI0244,PRD0143,V010,CC10,FOR0088,DOC103443,24779.51,Despesa
2025-04-16,CLI0129,PRD0126,V006,CC09,FOR0024,DOC103444,5003.94,Despesa
2023-06-11,CLI0250,PRD0030,V012,CC07,,DOC103445,1047.16,Receita
2023-10-13,CLI0280,PRD0048,V009,CC09,FOR0097,DOC103446,29477.04,Despesa
2024-06-24,CLI0085,PRD0057,V020,CC09,,DOC103447,10824.1,Receita
2025-07-01,CLI0105,PRD0074,V012,CC10,,DOC103448,15633.68,Receita
2026-11-10,CLI0166,PRD0196,V006,CC08,FOR0013,DOC103449,11779.61,Despesa
2024-07-06,CLI0207,PRD0117,V014,CC02,,DOC103450,2275.82,Receita
2023-05-12,CLI0038,PRD0152,V003,CC01,FOR0021,DOC103451,5207.78,Despesa
2026-10-19,CLI0281,PRD0068,V022,CC01,,DOC103452,28080.75,Receita
2026-12-07,CLI0008,PRD0016,V001,CC04,FOR0067,DOC103453,16800.28,Despesa
2023-07-21,CLI0019,PRD0107,V009,CC06,,DOC103454,2577.75,Receita
2026-10-04,CLI0298,PRD0074,V023,CC09,,DOC103455,14056.38,Receita
2026-11-10,CLI0016,PRD0031,V029,CC08,FOR0022,DOC103456,17080.99,Despesa
2026-10-08,CLI0044,PRD0151,V016,CC05,FOR0091,DOC103457,8840.95,Despesa
2024-05-11,CLI0069,PRD0091,V011,CC01,FOR0022,DOC103458,19168.47,Despesa
2024-09-28,CLI0074,PRD0059,V005,CC07,,DOC103459,21533.23,Receita
2025-03-20,CLI0081,PRD0171,V003,CC02,,DOC103460,15500.62,Receita
2024-02-20,CLI0072,PRD0149,V003,CC03,FOR0036,DOC103461,11673.14,Despesa
2025-06-01,CLI0160,PRD0088,V012,CC04,FOR0012,DOC103462,22620.52,Despesa
2026-05-24,CLI0187,PRD0095,V013,CC02,FOR0023,DOC103463,11765.07,Despesa
2023-02-25,CLI0191,PRD0108,V019,CC08,FOR0032,DOC103464,23934.4,Despesa
2023-06-03,CLI0125,PRD0032,V023,CC05,,DOC103465,5867.04,Receita
2026-03-25,CLI0211,PRD0174,V013,CC01,FOR0079,DOC103466,13765.45,Despesa
2026-01-28,CLI0049,PRD0045,V014,CC04,FOR0055,DOC103467,12098.5,Despesa
2026-10-12,CLI0095,PRD0038,V004,CC09,,DOC103468,3651.07,Receita
2025-05-11,CLI0066,PRD0151,V023,CC03,,DOC103469,18787.76,Receita
2024-01-03,CLI0037,PRD0061,V025,CC03,FOR0037,DOC103470,9551.14,Despesa
2026-06-24,CLI0159,PRD0076,V011,CC06,,DOC103471,2044.53,Receita
2026-10-30,CLI0052,PRD0101,V021,CC03,FOR0009,DOC103472,6202.5,Despesa
2024-07-22,CLI0196,PRD0110,V027,CC10,,DOC103473,12975.53,Receita
2025-10-18,CLI0011,PRD0142,V013,CC07,FOR0048,DOC103474,24543.85,Despesa
2024-05-17,CLI0108,PRD0144,V020,CC02,FOR0081,DOC103475,16088.35,Despesa
2026-10-11,CLI0123,PRD0149,V025,CC04,FOR0074,DOC103476,5055.94,Despesa
2023-08-12,CLI0130,PRD0097,V008,CC01,FOR0099,DOC103477,11052.26,Despesa
2026-12-29,CLI0253,PRD0105,V005,CC03,FOR0019,DOC103478,17504.69,Despesa
2026-07-01,CLI0285,PRD0097,V020,CC08,FOR0021,DOC103479,20553.83,Despesa
2025-04-30,CLI0027,PRD0040,V025,CC04,,DOC103480,24046.71,Receita
2023-12-25,CLI0177,PRD0087,V018,CC10,,DOC103481,18548.74,Receita
2026-07-10,CLI0249,PRD0041,V009,CC02,FOR0002,DOC103482,25925.95,Despesa
2025-06-28,CLI0212,PRD0129,V019,CC07,,DOC103483,19163.69,Receita
2023-12-31,CLI0187,PRD0189,V021,CC03,FOR0052,DOC103484,27214.09,Despesa
2026-09-18,CLI0039,PRD0089,V013,CC07,,DOC103485,28784.37,Receita
2024-04-19,CLI0063,PRD0102,V025,CC03,FOR0013,DOC103486,8168.22,Despesa
2026-04-09,CLI0141,PRD0191,V004,CC06,FOR0066,DOC103487,9413.74,Despesa
2026-07-03,CLI0095,PRD0076,V020,CC05,FOR0041,DOC103488,6753.5,Despesa
2025-12-09,CLI0040,PRD0162,V013,CC03,FOR0098,DOC103489,9072.02,Despesa
2026-09-29,CLI0248,PRD0187,V020,CC02,,DOC103490,9461.71,Receita
2023-06-14,CLI0100,PRD0193,V019,CC02,FOR0022,DOC103491,16602.9,Despesa
2025-02-14,CLI0237,PRD0016,V021,CC03,,DOC103492,26432.2,Receita
2024-12-07,CLI0160,PRD0023,V005,CC10,,DOC103493,11587.09,Receita
2023-09-25,CLI0207,PRD0176,V016,CC04,FOR0072,DOC103494,22001.17,Despesa
2024-03-17,CLI0254,PRD0160,V018,CC09,,DOC103495,23019.21,Receita
2025-09-25,CLI0259,PRD0020,V026,CC01,FOR0066,DOC103496,20784.16,Despesa
2024-01-24,CLI0029,PRD0149,V030,CC07,,DOC103497,21945.58,Receita
2024-04-23,CLI0141,PRD0146,V023,CC09,FOR0055,DOC103498,818.25,Despesa
2023-07-04,CLI0293,PRD0143,V003,CC07,FOR0057,DOC103499,2888.67,Despesa
2023-09-01,CLI0127,PRD0072,V014,CC03,,DOC103500,22520.95,Receita
2025-10-13,CLI0016,PRD0140,V010,CC06,FOR0085,DOC103501,1235.1,Despesa
2026-02-23,CLI0173,PRD0190,V027,CC04,FOR0055,DOC103502,14794.49,Despesa
2024-03-27,CLI0104,PRD0156,V022,CC03,FOR0088,DOC103503,25587.33,Despesa
2025-03-13,CLI0204,PRD0055,V014,CC04,FOR0085,DOC103504,11744.86,Despesa
2023-07-02,CLI0010,PRD0148,V028,CC07,FOR0023,DOC103505,26426.93,Despesa
2023-10-08,CLI0229,PRD0063,V005,CC08,,DOC103506,3359.0,Receita
2026-12-11,CLI0281,PRD0013,V027,CC03,FOR0068,DOC103507,24422.52,Despesa
2024-09-08,CLI0132,PRD0024,V012,CC05,FOR0060,DOC103508,21979.3,Despesa
2025-01-08,CLI0251,PRD0138,V009,CC10,FOR0047,DOC103509,672.13,Despesa
2025-10-06,CLI0243,PRD0182,V001,CC02,FOR0017,DOC103510,15935.33,Despesa
2023-09-29,CLI0197,PRD0178,V005,CC05,FOR0070,DOC103511,28405.67,Despesa
2024-08-13,CLI0101,PRD0006,V024,CC02,,DOC103512,2187.77,Receita
2023-02-11,CLI0099,PRD0154,V028,CC08,FOR0078,DOC103513,23287.19,Despesa
2023-03-08,CLI0282,PRD0177,V012,CC10,FOR0053,DOC103514,1509.65,Despesa
2026-01-06,CLI0096,PRD0081,V009,CC03,,DOC103515,18067.28,Receita
2023-12-17,CLI0002,PRD0129,V028,CC08,FOR0020,DOC103516,25574.24,Despesa
2026-06-23,CLI0228,PRD0029,V027,CC04,FOR0039,DOC103517,14662.04,Despesa
2025-12-15,CLI0290,PRD0200,V003,CC03,FOR0059,DOC103518,27036.76,Despesa
2023-02-16,CLI0138,PRD0008,V015,CC04,,DOC103519,5897.06,Receita
2024-12-20,CLI0227,PRD0200,V027,CC02,FOR0086,DOC103520,23390.87,Despesa
2023-03-06,CLI0283,PRD0191,V028,CC04,FOR0096,DOC103521,27978.16,Despesa
2026-01-18,CLI0130,PRD0076,V008,CC10,FOR0056,DOC103522,25463.64,Despesa
2023-12-11,CLI0296,PRD0038,V024,CC03,,DOC103523,3019.37,Receita
2024-07-15,CLI0048,PRD0186,V021,CC08,FOR0022,DOC103524,8566.2,Despesa
2025-05-31,CLI0115,PRD0105,V020,CC05,FOR0061,DOC103525,21106.36,Despesa
2025-10-07,CLI0246,PRD0099,V012,CC08,FOR0024,DOC103526,8440.63,Despesa
2026-03-16,CLI0016,PRD0154,V024,CC10,,DOC103527,29844.34,Receita
2024-04-02,CLI0165,PRD0130,V006,CC04,FOR0001,DOC103528,9375.18,Despesa
2024-01-02,CLI0033,PRD0186,V030,CC10,FOR0012,DOC103529,4704.59,Despesa
2025-04-05,CLI0197,PRD0029,V009,CC10,FOR0038,DOC103530,26264.93,Despesa
2024-08-26,CLI0087,PRD0199,V024,CC10,FOR0092,DOC103531,7282.58,Despesa
2024-10-16,CLI0275,PRD0101,V003,CC03,FOR0061,DOC103532,11236.72,Despesa
2026-12-29,CLI0251,PRD0083,V006,CC04,FOR0099,DOC103533,21557.64,Despesa
2023-04-17,CLI0049,PRD0139,V015,CC10,FOR0003,DOC103534,7008.23,Despesa
2025-03-30,CLI0264,PRD0159,V017,CC09,,DOC103535,6950.03,Receita
2026-09-28,CLI0260,PRD0132,V015,CC07,,DOC103536,16951.31,Receita
2025-03-23,CLI0040,PRD0087,V014,CC07,FOR0087,DOC103537,1023.17,Despesa
2025-10-13,CLI0278,PRD0181,V028,CC10,,DOC103538,27863.15,Receita
2026-09-01,CLI0015,PRD0097,V021,CC04,,DOC103539,24323.39,Receita
2023-12-27,CLI0055,PRD0077,V014,CC06,FOR0092,DOC103540,9336.21,Despesa
2026-12-11,CLI0129,PRD0168,V023,CC02,,DOC103541,5729.06,Receita
2024-01-19,CLI0196,PRD0061,V027,CC03,FOR0080,DOC103542,20425.33,Despesa
2024-05-09,CLI0064,PRD0061,V028,CC05,FOR0051,DOC103543,11593.07,Despesa
2023-02-14,CLI0024,PRD0178,V026,CC05,,DOC103544,20636.88,Receita
2024-04-11,CLI0137,PRD0023,V030,CC04,,DOC103545,5986.97,Receita
2024-01-28,CLI0146,PRD0030,V022,CC08,,DOC103546,20419.36,Receita
2025-06-27,CLI0246,PRD0195,V001,CC09,FOR0073,DOC103547,440.4,Despesa
2023-04-27,CLI0289,PRD0041,V023,CC01,,DOC103548,5341.36,Receita
2026-04-19,CLI0177,PRD0078,V006,CC02,,DOC103549,28471.13,Receita
2023-07-08,CLI0059,PRD0134,V002,CC04,FOR0056,DOC103550,3129.19,Despesa
2025-10-20,CLI0018,PRD0130,V018,CC02,,DOC103551,18081.23,Receita
2025-10-02,CLI0145,PRD0075,V016,CC05,FOR0080,DOC103552,3814.89,Despesa
2025-09-18,CLI0176,PRD0057,V012,CC02,FOR0078,DOC103553,17441.41,Despesa
2024-11-21,CLI0208,PRD0148,V005,CC10,,DOC103554,22214.63,Receita
2025-08-07,CLI0131,PRD0099,V026,CC02,,DOC103555,4080.69,Receita
2025-10-24,CLI0141,PRD0148,V019,CC04,,DOC103556,5322.58,Receita
2024-09-10,CLI0101,PRD0036,V018,CC10,FOR0085,DOC103557,25400.22,Despesa
2023-07-05,CLI0059,PRD0126,V009,CC06,FOR0075,DOC103558,18781.02,Despesa
2025-04-08,CLI0293,PRD0117,V027,CC06,FOR0066,DOC103559,13304.14,Despesa
2026-11-04,CLI0208,PRD0195,V018,CC10,,DOC103560,4672.75,Receita
2024-06-30,CLI0168,PRD0079,V010,CC10,,DOC103561,6946.82,Receita
2023-12-15,CLI0252,PRD0180,V015,CC10,FOR0040,DOC103562,15273.6,Despesa
2024-08-31,CLI0241,PRD0162,V012,CC10,FOR0096,DOC103563,17965.18,Despesa
2026-01-27,CLI0177,PRD0080,V006,CC03,FOR0094,DOC103564,6782.84,Despesa
2025-03-02,CLI0087,PRD0193,V027,CC09,FOR0025,DOC103565,15219.42,Despesa
2025-08-15,CLI0135,PRD0109,V022,CC01,FOR0096,DOC103566,21267.31,Despesa
2025-07-12,CLI0275,PRD0113,V018,CC03,FOR0066,DOC103567,11202.19,Despesa
2026-06-21,CLI0204,PRD0105,V022,CC03,FOR0032,DOC103568,15240.2,Despesa
2026-04-18,CLI0249,PRD0040,V008,CC07,FOR0021,DOC103569,28685.09,Despesa
2025-12-26,CLI0039,PRD0193,V013,CC07,,DOC103570,19757.63,Receita
2024-04-17,CLI0170,PRD0032,V027,CC09,,DOC103571,6362.54,Receita
2024-11-26,CLI0298,PRD0031,V030,CC06,,DOC103572,24845.02,Receita
2024-02-18,CLI0123,PRD0070,V016,CC02,FOR0026,DOC103573,13395.79,Despesa
2024-11-20,CLI0292,PRD0162,V011,CC07,FOR0053,DOC103574,16108.13,Despesa
2026-05-02,CLI0077,PRD0165,V030,CC08,,DOC103575,2220.84,Receita
2026-07-19,CLI0210,PRD0004,V011,CC01,,DOC103576,12249.06,Receita
2023-03-09,CLI0217,PRD0054,V009,CC04,,DOC103577,7331.76,Receita
2024-03-08,CLI0227,PRD0089,V002,CC04,FOR0093,DOC103578,10197.23,Despesa
2025-02-12,CLI0028,PRD0135,V008,CC07,FOR0067,DOC103579,22499.35,Despesa
2024-12-07,CLI0086,PRD0195,V023,CC10,,DOC103580,18170.65,Receita
2025-01-29,CLI0034,PRD0183,V013,CC03,,DOC103581,20330.02,Receita
2023-11-13,CLI0043,PRD0118,V016,CC01,,DOC103582,5003.51,Receita
2023-08-03,CLI0166,PRD0141,V012,CC10,,DOC103583,17869.19,Receita
2024-08-11,CLI0124,PRD0113,V006,CC01,FOR0041,DOC103584,3421.31,Despesa
2024-12-29,CLI0072,PRD0030,V019,CC09,FOR0065,DOC103585,22654.26,Despesa
2023-10-08,CLI0287,PRD0089,V020,CC01,FOR0068,DOC103586,4622.51,Despesa
2026-09-04,CLI0016,PRD0025,V015,CC05,FOR0087,DOC103587,20751.79,Despesa
2023-12-18,CLI0229,PRD0031,V022,CC03,,DOC103588,29976.46,Receita
2024-01-19,CLI0150,PRD0142,V021,CC08,,DOC103589,19159.22,Receita
2026-04-28,CLI0185,PRD0086,V009,CC04,FOR0036,DOC103590,26282.06,Despesa
2026-03-17,CLI0101,PRD0048,V022,CC05,,DOC103591,4560.77,Receita
2024-04-15,CLI0246,PRD0029,V012,CC01,,DOC103592,8880.01,Receita
2026-04-13,CLI0008,PRD0051,V022,CC02,FOR0016,DOC103593,12030.29,Despesa
2026-10-18,CLI0077,PRD0009,V004,CC02,,DOC103594,6204.42,Receita
2023-11-09,CLI0135,PRD0199,V001,CC05,FOR0081,DOC103595,9706.78,Despesa
2025-01-03,CLI0035,PRD0050,V013,CC08,,DOC103596,10064.02,Receita
2024-05-01,CLI0049,PRD0090,V026,CC09,,DOC103597,20678.76,Receita
2024-10-26,CLI0002,PRD0146,V030,CC07,FOR0024,DOC103598,18891.22,Despesa
2026-07-29,CLI0135,PRD0022,V030,CC01,,DOC103599,18465.36,Receita
2024-05-11,CLI0044,PRD0124,V005,CC06,,DOC103600,18085.42,Receita
2023-02-08,CLI0256,PRD0113,V020,CC09,FOR0053,DOC103601,1566.63,Despesa
2024-05-11,CLI0244,PRD0063,V012,CC05,,DOC103602,12888.77,Receita
2025-06-13,CLI0162,PRD0173,V022,CC02,FOR0050,DOC103603,26295.96,Despesa
2024-06-26,CLI0132,PRD0012,V019,CC06,,DOC103604,22817.1,Receita
2026-09-23,CLI0099,PRD0003,V001,CC09,FOR0004,DOC103605,12560.94,Despesa
2023-11-22,CLI0054,PRD0193,V022,CC10,FOR0073,DOC103606,11176.46,Despesa
2026-12-16,CLI0123,PRD0120,V006,CC09,,DOC103607,24303.16,Receita
2024-09-15,CLI0022,PRD0021,V002,CC01,FOR0090,DOC103608,3696.41,Despesa
2023-12-23,CLI0157,PRD0185,V003,CC03,,DOC103609,21861.67,Receita
2023-01-01,CLI0288,PRD0199,V022,CC07,,DOC103610,909.63,Receita
2026-07-30,CLI0259,PRD0063,V008,CC04,,DOC103611,24350.95,Receita
2024-03-05,CLI0146,PRD0136,V010,CC06,,DOC103612,28860.15,Receita
2025-01-06,CLI0096,PRD0082,V001,CC06,FOR0005,DOC103613,20364.55,Despesa
2026-04-27,CLI0024,PRD0186,V030,CC06,,DOC103614,21474.93,Receita
2024-09-04,CLI0194,PRD0029,V012,CC05,,DOC103615,12844.52,Receita
2026-01-26,CLI0199,PRD0035,V018,CC10,FOR0052,DOC103616,20371.02,Despesa
2023-03-02,CLI0109,PRD0045,V002,CC10,FOR0051,DOC103617,5733.87,Despesa
2024-03-28,CLI0260,PRD0120,V022,CC10,,DOC103618,21642.29,Receita
2024-01-31,CLI0290,PRD0179,V026,CC04,,DOC103619,5261.63,Receita
2023-01-10,CLI0192,PRD0050,V029,CC05,FOR0096,DOC103620,1487.04,Despesa
2025-04-26,CLI0239,PRD0187,V022,CC08,FOR0096,DOC103621,9410.98,Despesa
2025-07-15,CLI0051,PRD0105,V029,CC06,FOR0079,DOC103622,23876.02,Despesa
2026-09-08,CLI0062,PRD0182,V016,CC10,FOR0043,DOC103623,686.7,Despesa
2023-02-03,CLI0140,PRD0011,V009,CC05,,DOC103624,25035.31,Receita
2026-03-11,CLI0107,PRD0166,V007,CC07,FOR0029,DOC103625,18290.2,Despesa
2023-03-01,CLI0171,PRD0101,V029,CC03,FOR0063,DOC103626,373.57,Despesa
2026-01-29,CLI0075,PRD0117,V006,CC06,FOR0033,DOC103627,26348.88,Despesa
2023-12-15,CLI0170,PRD0005,V004,CC10,FOR0033,DOC103628,20261.65,Despesa
2024-09-18,CLI0010,PRD0031,V020,CC09,FOR0096,DOC103629,10646.21,Despesa
2026-07-29,CLI0243,PRD0158,V002,CC07,FOR0019,DOC103630,896.93,Despesa
2025-04-18,CLI0202,PRD0118,V018,CC08,FOR0004,DOC103631,25530.82,Despesa
2023-10-27,CLI0289,PRD0005,V022,CC06,,DOC103632,28258.43,Receita
2024-03-28,CLI0114,PRD0058,V019,CC08,,DOC103633,18835.62,Receita
2025-06-12,CLI0081,PRD0016,V004,CC05,,DOC103634,25985.34,Receita
2024-08-30,CLI0024,PRD0017,V019,CC03,,DOC103635,23468.19,Receita
2026-09-25,CLI0137,PRD0138,V015,CC10,FOR0081,DOC103636,4938.46,Despesa
2026-04-22,CLI0291,PRD0044,V019,CC05,,DOC103637,22707.89,Receita
2024-03-21,CLI0138,PRD0065,V030,CC05,FOR0026,DOC103638,6504.97,Despesa
2026-01-01,CLI0004,PRD0194,V020,CC03,FOR0034,DOC103639,8598.89,Despesa
2024-11-09,CLI0017,PRD0026,V009,CC08,,DOC103640,8380.52,Receita
2026-09-04,CLI0174,PRD0145,V008,CC02,FOR0056,DOC103641,29306.78,Despesa
2025-04-16,CLI0111,PRD0122,V005,CC10,,DOC103642,9447.37,Receita
2023-09-18,CLI0029,PRD0115,V025,CC09,,DOC103643,10688.96,Receita
2024-01-05,CLI0024,PRD0026,V022,CC02,FOR0019,DOC103644,6888.6,Despesa
2025-12-06,CLI0120,PRD0169,V018,CC07,,DOC103645,4690.53,Receita
2023-12-05,CLI0222,PRD0120,V018,CC07,,DOC103646,2766.33,Receita
2026-11-09,CLI0024,PRD0132,V010,CC04,FOR0064,DOC103647,258.44,Despesa
2026-05-15,CLI0137,PRD0068,V029,CC08,,DOC103648,27318.17,Receita
2024-01-06,CLI0092,PRD0183,V015,CC08,,DOC103649,14642.24,Receita
2024-10-09,CLI0253,PRD0017,V012,CC07,,DOC103650,28629.55,Receita
2023-09-18,CLI0203,PRD0048,V022,CC08,,DOC103651,28436.71,Receita
2026-11-11,CLI0078,PRD0114,V018,CC05,,DOC103652,23040.99,Receita
2025-11-13,CLI0025,PRD0175,V006,CC03,,DOC103653,5932.16,Receita
2023-06-03,CLI0059,PRD0145,V027,CC07,,DOC103654,26284.62,Receita
2024-12-09,CLI0057,PRD0142,V024,CC10,,DOC103655,25263.19,Receita
2026-05-01,CLI0033,PRD0185,V002,CC05,FOR0075,DOC103656,13430.35,Despesa
2025-11-09,CLI0114,PRD0188,V019,CC07,FOR0064,DOC103657,10500.27,Despesa
2025-02-18,CLI0081,PRD0150,V008,CC01,,DOC103658,1015.92,Receita
2024-11-30,CLI0038,PRD0021,V003,CC06,,DOC103659,14783.78,Receita
2024-04-25,CLI0294,PRD0155,V002,CC05,,DOC103660,2938.2,Receita
2025-10-12,CLI0289,PRD0078,V012,CC10,FOR0079,DOC103661,10454.43,Despesa
2026-09-12,CLI0269,PRD0021,V012,CC05,FOR0014,DOC103662,23241.83,Despesa
2025-06-05,CLI0142,PRD0116,V007,CC10,,DOC103663,5488.59,Receita
2025-01-12,CLI0092,PRD0036,V014,CC06,FOR0092,DOC103664,29379.02,Despesa
2023-06-17,CLI0189,PRD0023,V005,CC02,,DOC103665,21645.82,Receita
2024-04-29,CLI0227,PRD0169,V011,CC01,FOR0050,DOC103666,2655.39,Despesa
2026-10-10,CLI0231,PRD0180,V015,CC10,FOR0062,DOC103667,18424.87,Despesa
2026-02-25,CLI0017,PRD0111,V013,CC01,FOR0058,DOC103668,8245.69,Despesa
2024-05-09,CLI0003,PRD0102,V006,CC09,,DOC103669,6566.95,Receita
2024-01-16,CLI0005,PRD0077,V004,CC06,,DOC103670,8060.9,Receita
2023-03-27,CLI0205,PRD0196,V017,CC01,FOR0091,DOC103671,24777.3,Despesa
2023-02-22,CLI0023,PRD0159,V011,CC09,,DOC103672,7040.39,Receita
2023-09-15,CLI0013,PRD0172,V015,CC09,,DOC103673,25872.51,Receita
2023-03-04,CLI0293,PRD0174,V010,CC02,,DOC103674,12925.21,Receita
2025-08-09,CLI0188,PRD0036,V017,CC10,FOR0030,DOC103675,29948.02,Despesa
2026-09-11,CLI0131,PRD0173,V007,CC06,FOR0056,DOC103676,189.61,Despesa
2024-08-13,CLI0253,PRD0107,V027,CC03,FOR0010,DOC103677,18226.74,Despesa
2025-04-21,CLI0201,PRD0058,V007,CC08,,DOC103678,28230.29,Receita
2026-07-23,CLI0033,PRD0099,V023,CC06,,DOC103679,19367.03,Receita
2025-02-18,CLI0099,PRD0009,V005,CC04,,DOC103680,10440.07,Receita
2026-11-20,CLI0143,PRD0135,V007,CC09,FOR0035,DOC103681,26752.19,Despesa
2026-07-21,CLI0169,PRD0061,V001,CC08,FOR0034,DOC103682,14031.83,Despesa
2025-09-13,CLI0154,PRD0159,V014,CC04,,DOC103683,14846.47,Receita
2026-10-27,CLI0077,PRD0070,V018,CC05,FOR0024,DOC103684,23667.19,Despesa
2026-03-24,CLI0203,PRD0072,V009,CC05,,DOC103685,11559.42,Receita
2026-12-24,CLI0248,PRD0026,V026,CC03,,DOC103686,103.35,Receita
2026-10-26,CLI0015,PRD0076,V010,CC08,FOR0097,DOC103687,6602.76,Despesa
2023-08-05,CLI0045,PRD0130,V001,CC06,,DOC103688,8661.05,Receita
2026-08-28,CLI0204,PRD0122,V021,CC07,FOR0058,DOC103689,13507.09,Despesa
2025-06-10,CLI0238,PRD0089,V010,CC09,FOR0018,DOC103690,629.37,Despesa
2023-01-08,CLI0211,PRD0102,V007,CC01,,DOC103691,2427.07,Receita
2026-01-07,CLI0118,PRD0082,V014,CC05,FOR0088,DOC103692,24704.76,Despesa
2026-10-04,CLI0021,PRD0034,V028,CC05,FOR0004,DOC103693,12389.31,Despesa
2023-09-22,CLI0050,PRD0109,V019,CC03,,DOC103694,4349.37,Receita
2024-02-09,CLI0158,PRD0081,V011,CC05,FOR0090,DOC103695,2319.27,Despesa
2023-04-30,CLI0252,PRD0128,V015,CC09,FOR0066,DOC103696,20209.91,Despesa
2026-12-09,CLI0279,PRD0164,V007,CC04,,DOC103697,12353.3,Receita
2025-11-20,CLI0111,PRD0101,V028,CC10,FOR0094,DOC103698,12117.02,Despesa
2023-09-10,CLI0223,PRD0032,V027,CC02,,DOC103699,20975.25,Receita
2023-04-07,CLI0165,PRD0079,V017,CC07,,DOC103700,23128.55,Receita
2026-12-07,CLI0137,PRD0004,V027,CC09,,DOC103701,26251.72,Receita
2023-08-09,CLI0299,PRD0152,V001,CC02,,DOC103702,19511.58,Receita
2024-09-11,CLI0200,PRD0002,V007,CC06,FOR0035,DOC103703,11767.18,Despesa
2023-01-19,CLI0179,PRD0178,V021,CC02,,DOC103704,26708.97,Receita
2023-11-07,CLI0167,PRD0149,V025,CC07,,DOC103705,8002.22,Receita
2023-08-15,CLI0283,PRD0035,V026,CC02,,DOC103706,1659.59,Receita
2025-08-19,CLI0140,PRD0076,V011,CC10,,DOC103707,8516.22,Receita
2024-04-20,CLI0211,PRD0072,V012,CC07,FOR0012,DOC103708,7441.08,Despesa
2023-06-08,CLI0296,PRD0021,V005,CC02,FOR0052,DOC103709,17045.03,Despesa
2023-04-22,CLI0018,PRD0160,V016,CC01,FOR0088,DOC103710,5423.48,Despesa
2024-07-17,CLI0091,PRD0026,V008,CC07,,DOC103711,6988.42,Receita
2024-07-10,CLI0187,PRD0024,V027,CC08,,DOC103712,22982.53,Receita
2025-10-21,CLI0008,PRD0083,V023,CC09,FOR0100,DOC103713,20035.58,Despesa
2026-06-21,CLI0145,PRD0027,V015,CC03,,DOC103714,15056.9,Receita
2023-04-10,CLI0227,PRD0082,V019,CC06,,DOC103715,14257.26,Receita
2024-08-23,CLI0246,PRD0093,V011,CC04,FOR0006,DOC103716,18075.3,Despesa
2026-01-28,CLI0162,PRD0141,V024,CC09,FOR0095,DOC103717,20243.31,Despesa
2025-10-16,CLI0116,PRD0089,V026,CC10,FOR0014,DOC103718,26861.05,Despesa
2026-05-09,CLI0209,PRD0009,V013,CC04,FOR0096,DOC103719,19553.16,Despesa
2025-07-11,CLI0051,PRD0196,V020,CC02,FOR0082,DOC103720,6327.67,Despesa
2023-07-24,CLI0221,PRD0037,V006,CC01,FOR0010,DOC103721,7115.02,Despesa
2024-05-11,CLI0203,PRD0032,V026,CC07,FOR0052,DOC103722,6306.89,Despesa
2026-01-19,CLI0165,PRD0026,V004,CC01,,DOC103723,21416.01,Receita
2026-02-23,CLI0011,PRD0041,V010,CC09,FOR0088,DOC103724,22406.57,Despesa
2023-11-22,CLI0211,PRD0194,V019,CC05,,DOC103725,23379.14,Receita
2025-02-10,CLI0211,PRD0183,V018,CC08,,DOC103726,12649.56,Receita
2024-03-29,CLI0086,PRD0061,V012,CC09,FOR0036,DOC103727,21179.75,Despesa
2025-06-01,CLI0186,PRD0041,V005,CC02,FOR0093,DOC103728,16031.86,Despesa
2023-02-20,CLI0190,PRD0023,V006,CC05,,DOC103729,29533.14,Receita
2023-08-30,CLI0164,PRD0140,V019,CC02,FOR0064,DOC103730,23160.5,Despesa
2026-06-06,CLI0226,PRD0135,V030,CC10,FOR0068,DOC103731,2696.05,Despesa
2025-05-08,CLI0060,PRD0182,V013,CC05,,DOC103732,26754.67,Receita
2025-03-02,CLI0169,PRD0001,V007,CC08,,DOC103733,4327.16,Receita
2026-07-09,CLI0100,PRD0079,V019,CC10,,DOC103734,14021.7,Receita
2023-05-03,CLI0186,PRD0041,V011,CC01,,DOC103735,4372.32,Receita
2023-10-25,CLI0090,PRD0057,V026,CC08,,DOC103736,13734.06,Receita
2023-02-15,CLI0247,PRD0005,V011,CC05,,DOC103737,2769.47,Receita
2024-07-08,CLI0170,PRD0114,V013,CC10,FOR0026,DOC103738,16208.3,Despesa
2026-08-26,CLI0239,PRD0116,V009,CC06,FOR0019,DOC103739,23395.63,Despesa
2024-11-04,CLI0161,PRD0133,V019,CC08,,DOC103740,13541.3,Receita
2023-07-01,CLI0050,PRD0153,V028,CC04,,DOC103741,1915.61,Receita
2026-11-30,CLI0025,PRD0142,V019,CC08,FOR0013,DOC103742,28214.38,Despesa
2025-09-02,CLI0035,PRD0009,V028,CC07,,DOC103743,23320.35,Receita
2025-04-20,CLI0075,PRD0104,V025,CC02,,DOC103744,18465.27,Receita
2024-02-02,CLI0274,PRD0021,V016,CC01,FOR0056,DOC103745,22274.1,Despesa
2023-10-01,CLI0061,PRD0090,V015,CC03,FOR0080,DOC103746,22755.53,Despesa
2023-09-01,CLI0161,PRD0008,V007,CC04,,DOC103747,4157.4,Receita
2024-02-28,CLI0265,PRD0075,V014,CC07,FOR0032,DOC103748,25096.0,Despesa
2025-05-25,CLI0139,PRD0031,V023,CC04,FOR0084,DOC103749,14510.84,Despesa
2024-07-24,CLI0193,PRD0030,V028,CC04,,DOC103750,7693.93,Receita
2024-10-20,CLI0116,PRD0013,V030,CC04,FOR0024,DOC103751,14067.04,Despesa
2025-06-26,CLI0104,PRD0136,V002,CC02,FOR0100,DOC103752,12324.47,Despesa
2024-04-26,CLI0140,PRD0140,V027,CC07,,DOC103753,24230.56,Receita
2026-04-03,CLI0241,PRD0070,V005,CC04,,DOC103754,14873.01,Receita
2026-05-07,CLI0261,PRD0076,V008,CC09,,DOC103755,17887.86,Receita
2023-02-15,CLI0158,PRD0120,V005,CC09,,DOC103756,18276.81,Receita
2026-03-21,CLI0287,PRD0112,V026,CC03,FOR0033,DOC103757,9585.72,Despesa
2026-02-01,CLI0056,PRD0145,V030,CC10,FOR0056,DOC103758,14332.53,Despesa
2026-04-03,CLI0223,PRD0181,V026,CC01,FOR0078,DOC103759,23538.71,Despesa
2024-06-20,CLI0037,PRD0190,V022,CC06,FOR0074,DOC103760,26648.82,Despesa
2023-12-11,CLI0258,PRD0081,V015,CC04,FOR0057,DOC103761,15955.0,Despesa
2023-03-01,CLI0233,PRD0095,V022,CC10,FOR0046,DOC103762,21671.2,Despesa
2026-03-26,CLI0160,PRD0009,V024,CC09,FOR0098,DOC103763,21658.77,Despesa
2026-10-10,CLI0229,PRD0046,V027,CC07,FOR0053,DOC103764,18608.93,Despesa
2024-05-23,CLI0112,PRD0123,V002,CC05,FOR0079,DOC103765,12024.45,Despesa
2026-10-31,CLI0160,PRD0023,V015,CC10,,DOC103766,6787.49,Receita
2023-02-15,CLI0047,PRD0053,V016,CC02,FOR0076,DOC103767,2015.59,Despesa
2026-10-15,CLI0249,PRD0175,V024,CC10,,DOC103768,26005.04,Receita
2023-04-17,CLI0062,PRD0021,V025,CC07,FOR0063,DOC103769,17324.25,Despesa
2026-12-10,CLI0237,PRD0123,V017,CC06,,DOC103770,25685.66,Receita
2023-04-22,CLI0229,PRD0033,V027,CC06,,DOC103771,3452.26,Receita
2024-07-02,CLI0210,PRD0021,V028,CC07,FOR0027,DOC103772,10763.63,Despesa
2025-12-06,CLI0111,PRD0074,V028,CC08,,DOC103773,5223.15,Receita
2023-05-26,CLI0257,PRD0094,V001,CC06,,DOC103774,4471.2,Receita
2026-06-17,CLI0263,PRD0043,V018,CC01,,DOC103775,27609.8,Receita
2023-11-13,CLI0263,PRD0198,V022,CC09,,DOC103776,20016.7,Receita
2023-04-13,CLI0033,PRD0003,V022,CC08,FOR0011,DOC103777,1779.65,Despesa
2025-01-25,CLI0137,PRD0078,V030,CC06,FOR0012,DOC103778,28475.36,Despesa
2024-05-26,CLI0183,PRD0154,V012,CC05,FOR0049,DOC103779,14083.9,Despesa
2025-10-27,CLI0269,PRD0045,V010,CC02,,DOC103780,23849.68,Receita
2026-06-17,CLI0235,PRD0128,V009,CC06,,DOC103781,24065.21,Receita
2023-11-23,CLI0002,PRD0187,V017,CC04,,DOC103782,3050.19,Receita
2026-03-24,CLI0214,PRD0046,V023,CC04,,DOC103783,19799.93,Receita
2024-09-26,CLI0004,PRD0121,V006,CC02,FOR0094,DOC103784,25223.85,Despesa
2023-08-05,CLI0076,PRD0116,V005,CC07,FOR0041,DOC103785,7034.7,Despesa
2026-09-10,CLI0223,PRD0133,V018,CC01,FOR0010,DOC103786,5574.9,Despesa
2024-01-03,CLI0007,PRD0041,V024,CC06,,DOC103787,26067.66,Receita
2026-05-03,CLI0270,PRD0046,V028,CC03,FOR0053,DOC103788,8269.77,Despesa
2023-05-29,CLI0039,PRD0044,V019,CC09,FOR0018,DOC103789,29232.49,Despesa
2023-05-22,CLI0296,PRD0102,V007,CC05,FOR0090,DOC103790,670.03,Despesa
2026-09-27,CLI0225,PRD0105,V018,CC03,,DOC103791,19395.38,Receita
2025-10-30,CLI0188,PRD0166,V025,CC04,,DOC103792,28594.39,Receita
2024-07-16,CLI0023,PRD0187,V025,CC06,,DOC103793,18708.58,Receita
2025-11-03,CLI0028,PRD0080,V024,CC04,,DOC103794,7129.6,Receita
2026-07-22,CLI0212,PRD0004,V015,CC09,,DOC103795,19714.15,Receita
2026-06-11,CLI0179,PRD0105,V006,CC08,FOR0078,DOC103796,1222.72,Despesa
2024-11-02,CLI0194,PRD0023,V022,CC10,,DOC103797,5052.15,Receita
2025-09-05,CLI0176,PRD0030,V010,CC01,,DOC103798,11988.87,Receita
2026-04-01,CLI0146,PRD0072,V018,CC08,FOR0093,DOC103799,26029.3,Despesa
2026-01-13,CLI0166,PRD0062,V018,CC01,FOR0065,DOC103800,29834.76,Despesa
2025-12-13,CLI0169,PRD0145,V022,CC03,,DOC103801,20629.07,Receita
2023-03-06,CLI0158,PRD0177,V017,CC06,,DOC103802,25519.56,Receita
2023-08-02,CLI0166,PRD0036,V022,CC09,FOR0013,DOC103803,13907.57,Despesa
2024-01-21,CLI0096,PRD0147,V006,CC04,,DOC103804,26089.19,Receita
2025-03-24,CLI0150,PRD0012,V028,CC06,FOR0026,DOC103805,5480.94,Despesa
2025-03-29,CLI0144,PRD0188,V024,CC05,,DOC103806,17509.22,Receita
2023-10-17,CLI0236,PRD0123,V024,CC04,,DOC103807,19387.4,Receita
2026-01-01,CLI0022,PRD0083,V010,CC03,,DOC103808,7380.76,Receita
2026-11-18,CLI0007,PRD0146,V001,CC01,FOR0027,DOC103809,15389.22,Despesa
2026-03-11,CLI0181,PRD0135,V003,CC09,FOR0086,DOC103810,21793.25,Despesa
2024-01-04,CLI0091,PRD0041,V006,CC10,,DOC103811,9807.48,Receita
2026-01-07,CLI0196,PRD0127,V021,CC04,,DOC103812,29718.67,Receita
2023-11-24,CLI0191,PRD0090,V024,CC05,,DOC103813,7141.09,Receita
2025-02-15,CLI0293,PRD0172,V015,CC05,,DOC103814,20464.68,Receita
2024-09-11,CLI0207,PRD0069,V004,CC10,,DOC103815,14491.12,Receita
2026-11-26,CLI0020,PRD0042,V020,CC08,,DOC103816,5696.08,Receita
2025-04-11,CLI0251,PRD0172,V005,CC08,,DOC103817,10198.48,Receita
2023-03-03,CLI0132,PRD0174,V019,CC10,,DOC103818,21516.8,Receita
2026-07-12,CLI0260,PRD0054,V021,CC02,FOR0027,DOC103819,24907.76,Despesa
2024-03-27,CLI0077,PRD0080,V016,CC10,FOR0061,DOC103820,27816.26,Despesa
2026-02-02,CLI0138,PRD0023,V026,CC01,FOR0087,DOC103821,7245.42,Despesa
2023-02-24,CLI0066,PRD0042,V009,CC07,FOR0085,DOC103822,27360.78,Despesa
2024-02-01,CLI0210,PRD0175,V007,CC03,FOR0010,DOC103823,29432.6,Despesa
2024-11-03,CLI0134,PRD0189,V027,CC10,FOR0052,DOC103824,5114.2,Despesa
2025-06-25,CLI0168,PRD0102,V017,CC01,FOR0032,DOC103825,19192.77,Despesa
2025-09-20,CLI0057,PRD0066,V003,CC04,FOR0007,DOC103826,15235.36,Despesa
2025-09-27,CLI0166,PRD0153,V020,CC06,FOR0034,DOC103827,13205.95,Despesa
2023-06-17,CLI0276,PRD0070,V024,CC06,,DOC103828,13629.73,Receita
2026-02-28,CLI0273,PRD0155,V029,CC01,FOR0092,DOC103829,7360.17,Despesa
2024-06-08,CLI0151,PRD0082,V018,CC04,FOR0098,DOC103830,15555.19,Despesa
2023-06-15,CLI0130,PRD0164,V007,CC03,,DOC103831,15230.14,Receita
2024-02-22,CLI0051,PRD0149,V006,CC03,,DOC103832,26026.22,Receita
2024-03-15,CLI0195,PRD0114,V017,CC07,,DOC103833,26004.02,Receita
2024-06-16,CLI0026,PRD0006,V002,CC04,FOR0038,DOC103834,15417.78,Despesa
2024-03-08,CLI0071,PRD0183,V030,CC05,FOR0093,DOC103835,13123.23,Despesa
2025-01-14,CLI0013,PRD0088,V011,CC02,FOR0083,DOC103836,21356.22,Despesa
2024-03-21,CLI0097,PRD0031,V024,CC06,,DOC103837,23942.61,Receita
2026-10-22,CLI0036,PRD0141,V005,CC03,FOR0049,DOC103838,10632.36,Despesa
2026-07-25,CLI0023,PRD0073,V013,CC01,,DOC103839,27959.27,Receita
2024-11-16,CLI0161,PRD0137,V017,CC07,FOR0001,DOC103840,24558.36,Despesa
2023-08-03,CLI0253,PRD0112,V021,CC04,FOR0064,DOC103841,9590.97,Despesa
2026-10-14,CLI0282,PRD0141,V020,CC09,FOR0022,DOC103842,18504.7,Despesa
2024-12-01,CLI0232,PRD0119,V003,CC09,,DOC103843,11212.04,Receita
2025-11-23,CLI0256,PRD0171,V014,CC10,FOR0097,DOC103844,11022.78,Despesa
2026-04-18,CLI0170,PRD0123,V022,CC05,,DOC103845,26677.88,Receita
2023-10-13,CLI0102,PRD0102,V002,CC03,FOR0072,DOC103846,5215.58,Despesa
2024-05-07,CLI0209,PRD0127,V004,CC03,FOR0063,DOC103847,3469.91,Despesa
2024-01-28,CLI0245,PRD0096,V003,CC05,,DOC103848,26165.74,Receita
2026-07-17,CLI0027,PRD0040,V006,CC05,FOR0052,DOC103849,26929.68,Despesa
2025-06-10,CLI0028,PRD0099,V026,CC09,,DOC103850,26695.96,Receita
2023-04-29,CLI0248,PRD0194,V016,CC04,,DOC103851,29123.46,Receita
2025-11-05,CLI0093,PRD0084,V025,CC02,,DOC103852,10641.07,Receita
2026-08-28,CLI0295,PRD0060,V008,CC03,,DOC103853,9705.33,Receita
2023-02-03,CLI0002,PRD0064,V030,CC05,FOR0074,DOC103854,17292.63,Despesa
2024-08-24,CLI0023,PRD0194,V024,CC01,,DOC103855,10273.85,Receita
2026-09-19,CLI0278,PRD0171,V007,CC08,FOR0017,DOC103856,13763.17,Despesa
2024-01-12,CLI0026,PRD0052,V010,CC01,,DOC103857,23366.46,Receita
2026-03-26,CLI0194,PRD0038,V015,CC02,,DOC103858,5875.37,Receita
2026-07-25,CLI0253,PRD0021,V021,CC06,,DOC103859,24699.64,Receita
2023-09-29,CLI0049,PRD0145,V006,CC02,FOR0082,DOC103860,26686.02,Despesa
2025-11-13,CLI0133,PRD0048,V016,CC03,,DOC103861,29543.02,Receita
2023-12-16,CLI0170,PRD0200,V017,CC05,,DOC103862,26268.94,Receita
2026-03-18,CLI0257,PRD0186,V020,CC02,FOR0002,DOC103863,27424.25,Despesa
2025-11-07,CLI0032,PRD0200,V019,CC09,FOR0019,DOC103864,8680.84,Despesa
2023-12-20,CLI0025,PRD0011,V020,CC09,,DOC103865,8435.2,Receita
2023-09-11,CLI0055,PRD0103,V001,CC01,FOR0050,DOC103866,14577.25,Despesa
2024-10-08,CLI0045,PRD0174,V001,CC04,,DOC103867,2191.4,Receita
2025-06-22,CLI0248,PRD0159,V002,CC04,,DOC103868,10404.64,Receita
2023-07-10,CLI0092,PRD0091,V022,CC02,,DOC103869,9351.48,Receita
2026-12-19,CLI0036,PRD0100,V008,CC03,,DOC103870,13294.92,Receita
2025-12-23,CLI0018,PRD0127,V016,CC08,,DOC103871,9139.02,Receita
2025-08-11,CLI0112,PRD0075,V008,CC01,,DOC103872,18029.33,Receita
2023-05-24,CLI0130,PRD0116,V019,CC08,,DOC103873,3717.67,Receita
2026-05-05,CLI0012,PRD0031,V002,CC08,FOR0054,DOC103874,13890.93,Despesa
2023-10-16,CLI0033,PRD0104,V010,CC08,FOR0093,DOC103875,20826.22,Despesa
2025-04-25,CLI0075,PRD0027,V018,CC08,FOR0092,DOC103876,26534.39,Despesa
2023-09-13,CLI0273,PRD0042,V030,CC08,FOR0083,DOC103877,15921.05,Despesa
2023-07-02,CLI0002,PRD0129,V002,CC07,FOR0098,DOC103878,2372.7,Despesa
2024-11-03,CLI0103,PRD0044,V011,CC03,FOR0008,DOC103879,27782.64,Despesa
2023-01-19,CLI0100,PRD0121,V029,CC10,FOR0040,DOC103880,13205.94,Despesa
2023-01-18,CLI0208,PRD0030,V023,CC05,,DOC103881,19486.63,Receita
2025-05-23,CLI0080,PRD0104,V008,CC09,FOR0026,DOC103882,9873.63,Despesa
2024-02-04,CLI0215,PRD0083,V013,CC02,FOR0059,DOC103883,498.38,Despesa
2024-06-29,CLI0022,PRD0090,V013,CC02,FOR0015,DOC103884,20146.98,Despesa
2025-06-09,CLI0220,PRD0125,V004,CC07,FOR0058,DOC103885,8407.93,Despesa
2024-03-04,CLI0064,PRD0004,V021,CC08,,DOC103886,202.67,Receita
2024-08-30,CLI0005,PRD0042,V012,CC09,FOR0058,DOC103887,11790.5,Despesa
2025-02-05,CLI0284,PRD0163,V008,CC10,FOR0058,DOC103888,26016.11,Despesa
2025-07-19,CLI0267,PRD0072,V030,CC03,FOR0059,DOC103889,28878.89,Despesa
2023-10-12,CLI0169,PRD0141,V004,CC10,FOR0033,DOC103890,19775.75,Despesa
2023-02-12,CLI0173,PRD0138,V020,CC05,,DOC103891,5146.64,Receita
2024-01-30,CLI0208,PRD0052,V010,CC06,,DOC103892,27388.76,Receita
2025-08-30,CLI0130,PRD0084,V018,CC01,FOR0086,DOC103893,19208.05,Despesa
2023-06-21,CLI0273,PRD0024,V011,CC01,FOR0001,DOC103894,26509.1,Despesa
2023-04-08,CLI0242,PRD0134,V016,CC05,,DOC103895,21147.05,Receita
2023-06-14,CLI0194,PRD0053,V024,CC09,FOR0004,DOC103896,14068.92,Despesa
2023-06-10,CLI0106,PRD0131,V012,CC02,,DOC103897,22826.84,Receita
2025-05-17,CLI0001,PRD0020,V027,CC10,,DOC103898,8253.63,Receita
2024-10-31,CLI0007,PRD0002,V020,CC03,,DOC103899,25683.34,Receita
2023-09-19,CLI0107,PRD0016,V029,CC09,,DOC103900,7721.9,Receita
2024-09-03,CLI0004,PRD0064,V014,CC04,FOR0046,DOC103901,16767.18,Despesa
2025-08-11,CLI0234,PRD0189,V018,CC08,FOR0091,DOC103902,1357.92,Despesa
2023-06-11,CLI0040,PRD0110,V008,CC06,,DOC103903,4062.84,Receita
2025-07-24,CLI0036,PRD0093,V020,CC06,,DOC103904,5592.05,Receita
2025-04-01,CLI0120,PRD0022,V017,CC05,FOR0068,DOC103905,29547.65,Despesa
2024-01-24,CLI0145,PRD0171,V028,CC03,FOR0034,DOC103906,20218.13,Despesa
2023-06-15,CLI0210,PRD0154,V017,CC10,,DOC103907,7914.35,Receita
2025-10-30,CLI0035,PRD0074,V007,CC03,FOR0012,DOC103908,22284.09,Despesa
2024-01-13,CLI0206,PRD0177,V019,CC04,FOR0054,DOC103909,2760.53,Despesa
2026-07-13,CLI0210,PRD0117,V024,CC10,,DOC103910,10640.39,Receita
2025-02-07,CLI0014,PRD0095,V001,CC10,FOR0011,DOC103911,17552.83,Despesa
2023-01-07,CLI0021,PRD0006,V009,CC06,,DOC103912,21884.37,Receita
2024-12-31,CLI0179,PRD0168,V027,CC10,,DOC103913,26051.2,Receita
2024-11-23,CLI0143,PRD0003,V014,CC09,,DOC103914,10138.72,Receita
2025-05-31,CLI0059,PRD0018,V025,CC02,FOR0089,DOC103915,27187.83,Despesa
2023-01-29,CLI0100,PRD0051,V017,CC07,,DOC103916,17301.17,Receita
2023-10-20,CLI0164,PRD0197,V020,CC03,,DOC103917,4696.19,Receita
2024-04-16,CLI0182,PRD0158,V011,CC06,,DOC103918,6812.07,Receita
2023-11-02,CLI0241,PRD0182,V018,CC07,FOR0057,DOC103919,5878.49,Despesa
2024-05-12,CLI0268,PRD0044,V019,CC02,,DOC103920,11605.87,Receita
2025-03-09,CLI0147,PRD0165,V004,CC01,,DOC103921,21668.63,Receita
2025-01-20,CLI0069,PRD0194,V024,CC01,FOR0059,DOC103922,4871.37,Despesa
2023-01-11,CLI0258,PRD0027,V028,CC09,,DOC103923,7796.76,Receita
2024-12-09,CLI0087,PRD0176,V010,CC06,FOR0001,DOC103924,4396.08,Despesa
2026-11-30,CLI0073,PRD0101,V001,CC06,FOR0013,DOC103925,22480.23,Despesa
2024-02-09,CLI0170,PRD0058,V010,CC06,FOR0093,DOC103926,11211.81,Despesa
2025-12-28,CLI0198,PRD0052,V003,CC03,FOR0056,DOC103927,17001.22,Despesa
2025-07-17,CLI0020,PRD0169,V003,CC06,FOR0024,DOC103928,27579.0,Despesa
2024-08-14,CLI0226,PRD0094,V016,CC08,FOR0016,DOC103929,28764.99,Despesa
2023-07-28,CLI0173,PRD0114,V028,CC03,FOR0025,DOC103930,5031.65,Despesa
2026-06-05,CLI0045,PRD0187,V028,CC02,FOR0014,DOC103931,3934.22,Despesa
2023-03-27,CLI0012,PRD0178,V011,CC09,,DOC103932,6204.46,Receita
2025-10-21,CLI0010,PRD0147,V014,CC05,FOR0095,DOC103933,21145.29,Despesa
2023-07-03,CLI0171,PRD0018,V021,CC08,FOR0030,DOC103934,16170.65,Despesa
2025-09-03,CLI0173,PRD0023,V003,CC09,FOR0031,DOC103935,27700.3,Despesa
2023-01-13,CLI0235,PRD0200,V009,CC03,,DOC103936,3034.64,Receita
2024-11-13,CLI0108,PRD0105,V028,CC04,,DOC103937,12012.45,Receita
2023-01-19,CLI0228,PRD0015,V012,CC02,FOR0037,DOC103938,15779.17,Despesa
2023-12-02,CLI0294,PRD0082,V028,CC07,FOR0014,DOC103939,23842.59,Despesa
2026-06-05,CLI0231,PRD0171,V008,CC06,FOR0052,DOC103940,25017.69,Despesa
2025-12-30,CLI0126,PRD0036,V022,CC09,FOR0051,DOC103941,2497.37,Despesa
2025-09-04,CLI0008,PRD0018,V004,CC03,,DOC103942,10778.6,Receita
2025-12-25,CLI0234,PRD0016,V010,CC08,FOR0024,DOC103943,22913.05,Despesa
2023-02-24,CLI0124,PRD0095,V009,CC04,FOR0095,DOC103944,12452.39,Despesa
2025-02-04,CLI0294,PRD0132,V014,CC05,,DOC103945,2743.14,Receita
2025-02-23,CLI0025,PRD0051,V014,CC03,,DOC103946,17632.65,Receita
2024-05-23,CLI0143,PRD0025,V023,CC06,FOR0069,DOC103947,24982.56,Despesa
2026-02-18,CLI0167,PRD0102,V021,CC04,,DOC103948,219.12,Receita
2024-11-21,CLI0217,PRD0016,V019,CC05,,DOC103949,15495.98,Receita
2026-12-16,CLI0116,PRD0002,V016,CC02,,DOC103950,3994.85,Receita
2023-12-02,CLI0041,PRD0193,V024,CC04,,DOC103951,4133.21,Receita
2023-05-14,CLI0001,PRD0122,V017,CC03,FOR0086,DOC103952,15179.51,Despesa
2023-04-17,CLI0197,PRD0138,V003,CC01,,DOC103953,21531.08,Receita
2023-07-02,CLI0061,PRD0191,V012,CC08,FOR0096,DOC103954,1249.6,Despesa
2026-12-09,CLI0033,PRD0178,V010,CC10,,DOC103955,1566.8,Receita
2023-06-20,CLI0155,PRD0078,V029,CC03,,DOC103956,9560.36,Receita
2026-06-22,CLI0226,PRD0173,V006,CC03,,DOC103957,19975.68,Receita
2025-10-31,CLI0143,PRD0083,V013,CC06,FOR0081,DOC103958,3108.52,Despesa
2025-12-27,CLI0256,PRD0108,V014,CC02,FOR0031,DOC103959,7711.17,Despesa
2023-04-01,CLI0003,PRD0004,V013,CC01,,DOC103960,10309.53,Receita
2024-11-23,CLI0076,PRD0069,V011,CC03,FOR0077,DOC103961,13469.24,Despesa
2025-03-09,CLI0052,PRD0110,V026,CC01,FOR0087,DOC103962,18583.26,Despesa
2024-06-23,CLI0003,PRD0176,V009,CC01,,DOC103963,27641.18,Receita
2024-12-09,CLI0209,PRD0014,V023,CC10,FOR0023,DOC103964,16447.93,Despesa
2024-12-13,CLI0277,PRD0119,V029,CC10,,DOC103965,649.76,Receita
2026-07-11,CLI0027,PRD0133,V026,CC07,FOR0084,DOC103966,4814.85,Despesa
2026-02-24,CLI0295,PRD0069,V004,CC05,FOR0015,DOC103967,13521.23,Despesa
2026-10-14,CLI0263,PRD0109,V028,CC07,,DOC103968,14474.11,Receita
2025-07-12,CLI0177,PRD0150,V001,CC02,FOR0016,DOC103969,7428.98,Despesa
2025-05-28,CLI0266,PRD0019,V027,CC08,FOR0009,DOC103970,29782.32,Despesa
2025-06-13,CLI0260,PRD0134,V026,CC07,,DOC103971,10941.11,Receita
2024-07-13,CLI0119,PRD0090,V028,CC10,,DOC103972,7924.36,Receita
2023-06-16,CLI0114,PRD0121,V010,CC07,FOR0024,DOC103973,17935.16,Despesa
2026-03-31,CLI0179,PRD0080,V028,CC09,,DOC103974,1421.7,Receita
2023-06-17,CLI0207,PRD0044,V013,CC10,FOR0028,DOC103975,9867.11,Despesa
2023-09-22,CLI0026,PRD0100,V005,CC03,,DOC103976,27009.1,Receita
2024-07-12,CLI0076,PRD0030,V017,CC08,FOR0035,DOC103977,24567.34,Despesa
2023-12-06,CLI0215,PRD0011,V020,CC08,FOR0053,DOC103978,14945.53,Despesa
2024-02-17,CLI0270,PRD0185,V015,CC01,,DOC103979,12860.46,Receita
2026-05-16,CLI0134,PRD0047,V018,CC02,FOR0066,DOC103980,25918.48,Despesa
2026-08-23,CLI0186,PRD0172,V002,CC02,FOR0074,DOC103981,8373.83,Despesa
2024-09-21,CLI0102,PRD0169,V028,CC05,FOR0064,DOC103982,16711.31,Despesa
2026-10-25,CLI0300,PRD0020,V020,CC04,FOR0008,DOC103983,12760.16,Despesa
2025-03-08,CLI0036,PRD0009,V014,CC02,,DOC103984,11592.85,Receita
2025-08-05,CLI0281,PRD0108,V012,CC06,FOR0035,DOC103985,19457.8,Despesa
2023-05-30,CLI0161,PRD0076,V010,CC04,,DOC103986,727.17,Receita
2026-02-23,CLI0237,PRD0175,V018,CC10,FOR0024,DOC103987,6517.25,Despesa
2024-10-24,CLI0279,PRD0096,V001,CC02,FOR0027,DOC103988,4551.84,Despesa
2026-06-20,CLI0054,PRD0058,V017,CC06,FOR0097,DOC103989,13337.85,Despesa
2023-04-01,CLI0109,PRD0200,V017,CC08,FOR0066,DOC103990,9091.85,Despesa
2024-05-26,CLI0243,PRD0180,V018,CC01,,DOC103991,15381.16,Receita
2025-07-24,CLI0292,PRD0133,V018,CC01,,DOC103992,22378.57,Receita
2026-10-31,CLI0239,PRD0086,V029,CC09,FOR0049,DOC103993,11345.7,Despesa
2023-10-27,CLI0116,PRD0095,V015,CC01,,DOC103994,3148.69,Receita
2026-05-30,CLI0282,PRD0045,V030,CC03,,DOC103995,20287.12,Receita
2025-10-22,CLI0154,PRD0092,V019,CC07,FOR0034,DOC103996,16935.71,Despesa
2026-11-29,CLI0137,PRD0152,V027,CC05,,DOC103997,1783.73,Receita
2026-04-26,CLI0264,PRD0123,V014,CC04,FOR0014,DOC103998,8571.88,Despesa
2026-09-29,CLI0225,PRD0056,V026,CC04,FOR0078,DOC103999,8916.77,Despesa
2025-05-19,CLI0035,PRD0034,V009,CC07,FOR0033,DOC104000,2320.83,Despesa
2023-04-30,CLI0048,PRD0035,V027,CC05,,DOC104001,24167.34,Receita
2023-08-09,CLI0255,PRD0115,V007,CC09,,DOC104002,9853.3,Receita
2024-10-12,CLI0196,PRD0068,V009,CC09,FOR0088,DOC104003,13704.01,Despesa
2024-06-29,CLI0280,PRD0132,V011,CC06,FOR0022,DOC104004,14050.7,Despesa
2026-04-21,CLI0079,PRD0007,V026,CC10,FOR0028,DOC104005,17541.28,Despesa
2024-02-10,CLI0243,PRD0190,V016,CC08,FOR0030,DOC104006,15625.39,Despesa
2023-06-03,CLI0292,PRD0102,V002,CC08,FOR0025,DOC104007,20643.09,Despesa
2026-01-24,CLI0210,PRD0184,V027,CC08,,DOC104008,18252.18,Receita
2023-11-30,CLI0057,PRD0136,V005,CC01,FOR0011,DOC104009,9399.82,Despesa
2026-02-17,CLI0223,PRD0195,V023,CC02,,DOC104010,12304.59,Receita
2025-03-04,CLI0152,PRD0038,V011,CC10,,DOC104011,13733.32,Receita
2024-10-14,CLI0150,PRD0108,V027,CC05,FOR0087,DOC104012,22300.14,Despesa
2025-11-18,CLI0279,PRD0099,V015,CC01,FOR0052,DOC104013,19574.03,Despesa
2026-04-24,CLI0112,PRD0115,V023,CC02,,DOC104014,18907.65,Receita
2024-03-16,CLI0246,PRD0170,V001,CC09,,DOC104015,15423.58,Receita
2023-08-19,CLI0086,PRD0087,V024,CC03,FOR0063,DOC104016,18930.75,Despesa
2024-12-19,CLI0090,PRD0119,V005,CC05,FOR0089,DOC104017,22201.02,Despesa
2026-10-23,CLI0023,PRD0191,V001,CC04,FOR0088,DOC104018,24126.59,Despesa
2026-03-24,CLI0186,PRD0178,V010,CC05,,DOC104019,23011.57,Receita
2024-01-18,CLI0124,PRD0102,V001,CC09,FOR0033,DOC104020,10688.99,Despesa
2026-02-14,CLI0166,PRD0133,V022,CC09,FOR0003,DOC104021,20851.59,Despesa
2024-02-17,CLI0222,PRD0072,V025,CC08,,DOC104022,22760.82,Receita
2026-12-04,CLI0049,PRD0036,V002,CC06,FOR0001,DOC104023,6607.39,Despesa
2024-08-03,CLI0141,PRD0122,V005,CC02,,DOC104024,21741.74,Receita
2025-10-05,CLI0055,PRD0041,V018,CC06,FOR0097,DOC104025,8560.51,Despesa
2025-09-13,CLI0299,PRD0094,V002,CC09,,DOC104026,19020.65,Receita
2026-09-22,CLI0285,PRD0071,V024,CC05,FOR0023,DOC104027,20895.22,Despesa
2023-11-25,CLI0260,PRD0060,V026,CC08,FOR0093,DOC104028,8957.77,Despesa
2024-03-19,CLI0226,PRD0004,V022,CC01,,DOC104029,25581.13,Receita
2025-12-20,CLI0183,PRD0079,V026,CC03,FOR0032,DOC104030,20202.62,Despesa
2024-02-22,CLI0215,PRD0059,V027,CC08,,DOC104031,7292.35,Receita
2026-01-13,CLI0182,PRD0048,V012,CC05,FOR0087,DOC104032,21482.2,Despesa
2024-05-11,CLI0025,PRD0156,V026,CC10,FOR0055,DOC104033,3515.69,Despesa
2023-09-16,CLI0292,PRD0139,V023,CC04,FOR0032,DOC104034,7115.68,Despesa
2026-11-06,CLI0039,PRD0135,V021,CC06,FOR0019,DOC104035,517.36,Despesa
2025-08-12,CLI0276,PRD0108,V012,CC09,FOR0054,DOC104036,22391.91,Despesa
2025-08-30,CLI0137,PRD0142,V018,CC08,FOR0057,DOC104037,17754.9,Despesa
2025-06-23,CLI0245,PRD0025,V005,CC08,FOR0024,DOC104038,7519.31,Despesa
2026-03-22,CLI0225,PRD0055,V002,CC04,,DOC104039,18655.99,Receita
2026-11-14,CLI0189,PRD0060,V011,CC10,FOR0036,DOC104040,19134.38,Despesa
2026-11-11,CLI0035,PRD0117,V023,CC04,FOR0033,DOC104041,21996.1,Despesa
2024-12-20,CLI0269,PRD0026,V020,CC02,FOR0039,DOC104042,18508.1,Despesa
2026-07-09,CLI0255,PRD0009,V029,CC04,,DOC104043,13099.78,Receita
2026-03-07,CLI0228,PRD0181,V023,CC06,,DOC104044,20971.89,Receita
2026-03-16,CLI0047,PRD0025,V011,CC06,,DOC104045,7867.98,Receita
2026-10-09,CLI0202,PRD0053,V018,CC02,FOR0074,DOC104046,6642.07,Despesa
2024-01-03,CLI0101,PRD0111,V014,CC07,,DOC104047,24857.49,Receita
2024-02-14,CLI0156,PRD0164,V005,CC04,FOR0092,DOC104048,20753.57,Despesa
2025-04-04,CLI0082,PRD0025,V027,CC07,FOR0067,DOC104049,23191.57,Despesa
2024-10-25,CLI0214,PRD0009,V003,CC10,FOR0084,DOC104050,22049.26,Despesa
2025-02-05,CLI0180,PRD0011,V023,CC01,,DOC104051,20655.11,Receita
2025-12-14,CLI0121,PRD0064,V014,CC02,,DOC104052,19145.03,Receita
2024-05-08,CLI0098,PRD0013,V011,CC02,,DOC104053,1208.97,Receita
2023-02-20,CLI0032,PRD0090,V022,CC04,,DOC104054,8262.37,Receita
2024-03-19,CLI0126,PRD0089,V030,CC01,FOR0079,DOC104055,19657.73,Despesa
2024-06-30,CLI0020,PRD0080,V012,CC10,,DOC104056,12653.86,Receita
2023-03-23,CLI0188,PRD0192,V007,CC01,FOR0046,DOC104057,21450.69,Despesa
2025-03-13,CLI0155,PRD0072,V006,CC01,FOR0024,DOC104058,6742.22,Despesa
2024-09-29,CLI0225,PRD0127,V003,CC09,,DOC104059,17134.26,Receita
2026-03-26,CLI0108,PRD0056,V019,CC01,FOR0042,DOC104060,2720.51,Despesa
2023-08-10,CLI0128,PRD0072,V004,CC01,FOR0081,DOC104061,5109.14,Despesa
2023-07-24,CLI0297,PRD0055,V019,CC01,,DOC104062,15551.84,Receita
2026-05-05,CLI0068,PRD0120,V028,CC01,FOR0046,DOC104063,28001.68,Despesa
2026-09-12,CLI0294,PRD0073,V001,CC05,FOR0003,DOC104064,20680.55,Despesa
2024-07-28,CLI0271,PRD0082,V025,CC10,FOR0042,DOC104065,16983.26,Despesa
2023-09-10,CLI0245,PRD0075,V008,CC10,,DOC104066,5136.61,Receita
2025-04-03,CLI0136,PRD0186,V011,CC05,FOR0035,DOC104067,11892.02,Despesa
2025-11-22,CLI0010,PRD0014,V015,CC09,,DOC104068,23878.96,Receita
2026-08-14,CLI0113,PRD0194,V023,CC05,FOR0097,DOC104069,11461.18,Despesa
2025-06-23,CLI0101,PRD0174,V007,CC03,FOR0011,DOC104070,11593.05,Despesa
2025-08-29,CLI0128,PRD0100,V010,CC03,,DOC104071,29577.17,Receita
2026-02-17,CLI0130,PRD0139,V001,CC01,FOR0034,DOC104072,21913.65,Despesa
2025-10-01,CLI0028,PRD0045,V002,CC04,FOR0065,DOC104073,3478.39,Despesa
2023-06-21,CLI0224,PRD0189,V001,CC06,FOR0100,DOC104074,6493.18,Despesa
2024-09-02,CLI0037,PRD0081,V014,CC10,,DOC104075,5298.1,Receita
2024-03-23,CLI0177,PRD0044,V029,CC10,FOR0032,DOC104076,26027.54,Despesa
2023-08-16,CLI0013,PRD0152,V016,CC02,,DOC104077,18530.84,Receita
2023-11-25,CLI0123,PRD0068,V010,CC03,,DOC104078,24659.73,Receita
2025-05-25,CLI0090,PRD0164,V022,CC10,,DOC104079,29171.32,Receita
2024-03-29,CLI0046,PRD0127,V021,CC07,FOR0002,DOC104080,10040.04,Despesa
2025-07-13,CLI0033,PRD0087,V012,CC05,FOR0050,DOC104081,17038.9,Despesa
2024-09-23,CLI0186,PRD0042,V016,CC06,,DOC104082,7984.97,Receita
2024-09-08,CLI0296,PRD0134,V026,CC03,,DOC104083,23633.27,Receita
2024-11-04,CLI0176,PRD0017,V006,CC01,,DOC104084,11795.43,Receita
2025-09-07,CLI0101,PRD0051,V017,CC03,,DOC104085,780.72,Receita
2025-03-03,CLI0077,PRD0151,V011,CC02,FOR0072,DOC104086,29317.74,Despesa
2024-08-31,CLI0069,PRD0160,V014,CC07,FOR0084,DOC104087,27173.88,Despesa
2025-07-18,CLI0187,PRD0040,V014,CC06,,DOC104088,11294.4,Receita
2023-12-24,CLI0048,PRD0076,V008,CC09,,DOC104089,2918.18,Receita
2024-01-28,CLI0181,PRD0054,V017,CC10,FOR0015,DOC104090,7542.32,Despesa
2026-07-20,CLI0273,PRD0086,V030,CC10,,DOC104091,26982.43,Receita
2024-07-16,CLI0230,PRD0076,V014,CC10,,DOC104092,1194.93,Receita
2023-03-28,CLI0044,PRD0083,V013,CC03,FOR0037,DOC104093,12287.67,Despesa
2025-09-28,CLI0274,PRD0131,V005,CC07,FOR0091,DOC104094,29542.48,Despesa
2023-05-21,CLI0285,PRD0180,V028,CC07,,DOC104095,9595.81,Receita
2023-10-21,CLI0130,PRD0006,V019,CC05,FOR0035,DOC104096,2316.9,Despesa
2023-07-24,CLI0208,PRD0117,V029,CC07,,DOC104097,22356.4,Receita
2024-01-21,CLI0121,PRD0156,V001,CC09,,DOC104098,18658.33,Receita
2026-10-09,CLI0135,PRD0166,V029,CC03,FOR0044,DOC104099,2319.87,Despesa
2026-04-23,CLI0235,PRD0050,V029,CC03,FOR0008,DOC104100,5996.25,Despesa
2023-02-10,CLI0273,PRD0126,V008,CC09,,DOC104101,26310.4,Receita
2024-12-03,CLI0184,PRD0163,V006,CC07,,DOC104102,12838.91,Receita
2024-12-17,CLI0089,PRD0057,V011,CC06,FOR0002,DOC104103,29280.18,Despesa
2026-06-28,CLI0025,PRD0003,V004,CC02,FOR0063,DOC104104,24396.52,Despesa
2026-05-29,CLI0297,PRD0128,V023,CC07,FOR0060,DOC104105,10861.88,Despesa
2026-04-10,CLI0157,PRD0160,V008,CC07,FOR0001,DOC104106,24392.5,Despesa
2023-01-18,CLI0039,PRD0031,V006,CC10,,DOC104107,5032.67,Receita
2025-04-18,CLI0082,PRD0183,V003,CC06,FOR0076,DOC104108,13656.67,Despesa
2026-07-17,CLI0118,PRD0099,V026,CC08,,DOC104109,18921.03,Receita
2025-09-30,CLI0183,PRD0008,V014,CC06,,DOC104110,15622.35,Receita
2026-07-09,CLI0188,PRD0063,V004,CC05,FOR0022,DOC104111,9375.37,Despesa
2024-01-08,CLI0075,PRD0094,V018,CC06,,DOC104112,9013.76,Receita
2026-01-25,CLI0155,PRD0080,V022,CC02,,DOC104113,8248.27,Receita
2023-06-16,CLI0152,PRD0057,V017,CC06,FOR0005,DOC104114,4143.99,Despesa
2025-04-03,CLI0261,PRD0176,V003,CC07,FOR0044,DOC104115,25425.04,Despesa
2024-08-22,CLI0211,PRD0093,V027,CC08,FOR0081,DOC104116,26098.68,Despesa
2025-03-19,CLI0295,PRD0087,V014,CC08,,DOC104117,11027.92,Receita
2025-01-05,CLI0277,PRD0094,V024,CC09,FOR0043,DOC104118,13432.06,Despesa
2023-01-31,CLI0113,PRD0046,V010,CC01,FOR0025,DOC104119,2222.82,Despesa
2026-05-24,CLI0274,PRD0105,V014,CC10,,DOC104120,23970.66,Receita
2023-10-30,CLI0104,PRD0086,V018,CC09,,DOC104121,11683.13,Receita
2024-04-05,CLI0206,PRD0183,V018,CC10,FOR0098,DOC104122,17830.91,Despesa
2024-03-21,CLI0027,PRD0137,V014,CC09,FOR0044,DOC104123,20149.14,Despesa
2025-11-16,CLI0188,PRD0167,V009,CC06,FOR0086,DOC104124,11679.42,Despesa
2025-12-04,CLI0075,PRD0106,V010,CC02,FOR0007,DOC104125,15305.43,Despesa
2025-09-22,CLI0226,PRD0100,V009,CC09,,DOC104126,5406.92,Receita
2026-11-21,CLI0098,PRD0163,V024,CC03,FOR0094,DOC104127,7559.08,Despesa
2026-11-29,CLI0077,PRD0043,V006,CC09,,DOC104128,2395.1,Receita
2025-09-05,CLI0166,PRD0044,V012,CC08,FOR0095,DOC104129,12912.61,Despesa
2026-09-13,CLI0036,PRD0065,V021,CC01,,DOC104130,6451.19,Receita
2026-06-19,CLI0025,PRD0014,V029,CC10,,DOC104131,22144.88,Receita
2023-08-27,CLI0017,PRD0189,V009,CC05,FOR0003,DOC104132,28588.71,Despesa
2023-03-21,CLI0296,PRD0087,V020,CC04,FOR0055,DOC104133,26223.51,Despesa
2026-02-21,CLI0197,PRD0097,V030,CC07,,DOC104134,27956.04,Receita
2024-08-13,CLI0120,PRD0147,V006,CC04,FOR0035,DOC104135,1661.87,Despesa
2026-06-14,CLI0247,PRD0114,V024,CC10,,DOC104136,218.19,Receita
2026-08-31,CLI0292,PRD0088,V007,CC02,,DOC104137,3278.02,Receita
2026-05-08,CLI0163,PRD0044,V025,CC03,,DOC104138,21274.46,Receita
2025-09-01,CLI0108,PRD0125,V004,CC02,,DOC104139,15663.31,Receita
2026-06-07,CLI0046,PRD0168,V021,CC05,FOR0029,DOC104140,12438.41,Despesa
2023-02-27,CLI0299,PRD0047,V023,CC03,,DOC104141,14597.81,Receita
2023-07-15,CLI0101,PRD0006,V019,CC04,,DOC104142,26861.23,Receita
2023-11-25,CLI0027,PRD0122,V002,CC04,,DOC104143,9659.61,Receita
2025-12-11,CLI0184,PRD0081,V013,CC10,,DOC104144,25565.78,Receita
2025-12-05,CLI0281,PRD0053,V002,CC04,,DOC104145,18338.72,Receita
2025-12-23,CLI0118,PRD0150,V028,CC05,FOR0017,DOC104146,12592.43,Despesa
2024-08-23,CLI0210,PRD0162,V025,CC01,FOR0046,DOC104147,27039.93,Despesa
2026-02-04,CLI0012,PRD0049,V012,CC07,FOR0078,DOC104148,14875.63,Despesa
2023-02-09,CLI0171,PRD0065,V013,CC05,,DOC104149,6497.41,Receita
2025-01-06,CLI0271,PRD0122,V007,CC07,,DOC104150,4280.37,Receita
2023-05-05,CLI0123,PRD0005,V002,CC01,,DOC104151,294.4,Receita
2026-12-22,CLI0262,PRD0078,V001,CC01,FOR0010,DOC104152,3176.41,Despesa
2026-01-07,CLI0282,PRD0185,V024,CC06,,DOC104153,20684.62,Receita
2026-06-13,CLI0219,PRD0195,V015,CC06,,DOC104154,13106.83,Receita
2023-11-28,CLI0063,PRD0020,V001,CC03,,DOC104155,26986.4,Receita
2024-06-20,CLI0207,PRD0025,V017,CC10,,DOC104156,7186.23,Receita
2026-11-09,CLI0223,PRD0040,V016,CC08,FOR0089,DOC104157,12860.38,Despesa
2025-01-25,CLI0242,PRD0049,V017,CC05,FOR0005,DOC104158,10777.28,Despesa
2026-03-30,CLI0114,PRD0084,V005,CC03,,DOC104159,6461.6,Receita
2024-11-23,CLI0071,PRD0047,V009,CC03,FOR0059,DOC104160,6118.5,Despesa
2026-03-26,CLI0013,PRD0110,V017,CC08,FOR0064,DOC104161,18783.53,Despesa
2024-12-09,CLI0207,PRD0101,V030,CC04,FOR0043,DOC104162,2491.48,Despesa
2023-04-10,CLI0119,PRD0030,V014,CC01,FOR0085,DOC104163,3523.31,Despesa
2024-11-08,CLI0126,PRD0152,V022,CC06,FOR0060,DOC104164,16153.53,Despesa
2025-05-05,CLI0156,PRD0197,V005,CC03,FOR0008,DOC104165,26574.37,Despesa
2024-12-03,CLI0049,PRD0110,V027,CC04,,DOC104166,8940.27,Receita
2024-12-09,CLI0278,PRD0139,V014,CC04,,DOC104167,24683.99,Receita
2025-08-01,CLI0259,PRD0054,V014,CC05,,DOC104168,4355.97,Receita
2025-01-18,CLI0209,PRD0074,V007,CC05,,DOC104169,835.86,Receita
2026-03-16,CLI0065,PRD0111,V017,CC02,FOR0007,DOC104170,27781.84,Despesa
2026-03-23,CLI0144,PRD0085,V009,CC01,FOR0067,DOC104171,16287.1,Despesa
2024-10-05,CLI0002,PRD0162,V003,CC01,FOR0073,DOC104172,4182.48,Despesa
2023-08-18,CLI0092,PRD0144,V016,CC09,FOR0011,DOC104173,2865.13,Despesa
2023-02-04,CLI0180,PRD0078,V019,CC05,,DOC104174,29286.79,Receita
2026-07-03,CLI0289,PRD0083,V010,CC04,FOR0007,DOC104175,13089.46,Despesa
2024-04-11,CLI0091,PRD0021,V014,CC05,FOR0084,DOC104176,5139.38,Despesa
2026-02-03,CLI0254,PRD0174,V024,CC06,,DOC104177,7223.28,Receita
2026-05-26,CLI0026,PRD0067,V003,CC03,FOR0016,DOC104178,7252.73,Despesa
2023-11-28,CLI0260,PRD0143,V003,CC08,FOR0058,DOC104179,19790.77,Despesa
2025-07-05,CLI0121,PRD0153,V022,CC04,FOR0017,DOC104180,17130.69,Despesa
2025-07-24,CLI0223,PRD0017,V006,CC07,,DOC104181,8899.6,Receita
2026-08-27,CLI0161,PRD0104,V005,CC01,,DOC104182,17788.0,Receita
2025-12-10,CLI0009,PRD0144,V008,CC04,FOR0042,DOC104183,21541.82,Despesa
2025-08-13,CLI0206,PRD0021,V026,CC07,,DOC104184,24190.21,Receita
2024-10-26,CLI0270,PRD0169,V024,CC08,FOR0100,DOC104185,7046.37,Despesa
2024-04-29,CLI0024,PRD0167,V023,CC10,FOR0075,DOC104186,497.02,Despesa
2025-03-23,CLI0235,PRD0012,V023,CC09,FOR0098,DOC104187,24917.72,Despesa
2026-04-04,CLI0071,PRD0011,V029,CC04,,DOC104188,2831.44,Receita
2023-09-27,CLI0178,PRD0160,V002,CC03,FOR0035,DOC104189,28619.85,Despesa
2023-08-11,CLI0300,PRD0043,V011,CC03,FOR0075,DOC104190,15964.1,Despesa
2026-04-01,CLI0142,PRD0186,V007,CC09,FOR0057,DOC104191,29616.66,Despesa
2024-12-26,CLI0207,PRD0086,V007,CC03,,DOC104192,8509.87,Receita
2026-02-15,CLI0119,PRD0097,V003,CC01,FOR0061,DOC104193,15079.96,Despesa
2024-03-14,CLI0055,PRD0103,V026,CC10,,DOC104194,15695.14,Receita
2024-01-01,CLI0026,PRD0061,V030,CC06,FOR0039,DOC104195,23430.11,Despesa
2024-11-04,CLI0185,PRD0124,V002,CC07,,DOC104196,13449.27,Receita
2025-03-19,CLI0030,PRD0064,V011,CC07,FOR0035,DOC104197,1866.41,Despesa
2026-04-19,CLI0126,PRD0176,V009,CC05,,DOC104198,20571.66,Receita
2023-11-05,CLI0242,PRD0131,V025,CC02,,DOC104199,17065.61,Receita
2026-08-28,CLI0270,PRD0135,V006,CC08,FOR0089,DOC104200,2462.61,Despesa
2025-03-05,CLI0265,PRD0080,V002,CC10,FOR0083,DOC104201,27798.52,Despesa
2023-04-28,CLI0229,PRD0012,V021,CC03,FOR0048,DOC104202,9308.3,Despesa
2023-03-21,CLI0159,PRD0171,V027,CC03,FOR0086,DOC104203,14044.04,Despesa
2025-07-08,CLI0128,PRD0168,V008,CC01,FOR0057,DOC104204,24206.76,Despesa
2025-02-27,CLI0116,PRD0019,V009,CC01,FOR0094,DOC104205,15993.6,Despesa
2024-06-09,CLI0046,PRD0177,V010,CC08,FOR0037,DOC104206,10036.01,Despesa
2023-08-31,CLI0157,PRD0109,V024,CC08,FOR0048,DOC104207,25044.07,Despesa
2023-05-29,CLI0268,PRD0074,V020,CC01,,DOC104208,7374.56,Receita
2023-03-23,CLI0184,PRD0071,V028,CC05,,DOC104209,14761.33,Receita
2026-07-01,CLI0243,PRD0139,V012,CC04,,DOC104210,157.75,Receita
2026-02-21,CLI0144,PRD0104,V027,CC10,,DOC104211,15368.56,Receita
2025-09-05,CLI0249,PRD0129,V019,CC02,FOR0078,DOC104212,647.56,Despesa
2026-03-16,CLI0138,PRD0135,V022,CC02,FOR0030,DOC104213,18966.32,Despesa
2023-12-06,CLI0070,PRD0165,V016,CC02,,DOC104214,28876.19,Receita
2025-07-02,CLI0176,PRD0173,V018,CC04,FOR0062,DOC104215,4679.49,Despesa
2023-08-31,CLI0272,PRD0126,V001,CC02,FOR0051,DOC104216,14848.93,Despesa
2023-02-08,CLI0037,PRD0174,V013,CC07,,DOC104217,6376.42,Receita
2025-12-27,CLI0209,PRD0079,V026,CC02,,DOC104218,4067.73,Receita
2023-02-22,CLI0292,PRD0181,V016,CC08,FOR0042,DOC104219,29015.92,Despesa
2025-01-07,CLI0146,PRD0110,V002,CC10,,DOC104220,24203.13,Receita
2026-04-03,CLI0157,PRD0101,V006,CC01,,DOC104221,4456.01,Receita
2025-06-25,CLI0115,PRD0002,V022,CC01,,DOC104222,11564.87,Receita
2025-11-16,CLI0138,PRD0063,V010,CC09,,DOC104223,26342.12,Receita
2025-10-08,CLI0300,PRD0040,V008,CC01,FOR0069,DOC104224,14931.81,Despesa
2026-08-22,CLI0083,PRD0056,V023,CC08,,DOC104225,5475.86,Receita
2025-05-04,CLI0095,PRD0030,V011,CC06,,DOC104226,20528.64,Receita
2025-03-13,CLI0253,PRD0037,V030,CC04,,DOC104227,12392.36,Receita
2025-09-18,CLI0013,PRD0026,V015,CC04,FOR0079,DOC104228,6519.91,Despesa
2025-11-13,CLI0050,PRD0093,V020,CC04,FOR0056,DOC104229,13742.21,Despesa
2026-08-19,CLI0047,PRD0016,V018,CC10,FOR0003,DOC104230,5773.89,Despesa
2024-03-28,CLI0249,PRD0039,V021,CC01,FOR0032,DOC104231,26502.05,Despesa
2023-02-03,CLI0220,PRD0020,V027,CC04,FOR0002,DOC104232,3952.06,Despesa
2025-10-04,CLI0116,PRD0198,V005,CC09,FOR0020,DOC104233,7630.46,Despesa
2025-04-26,CLI0015,PRD0145,V020,CC02,,DOC104234,15442.91,Receita
2026-01-16,CLI0280,PRD0027,V008,CC04,,DOC104235,11368.36,Receita
2023-09-07,CLI0193,PRD0126,V008,CC07,,DOC104236,8590.53,Receita
2025-02-22,CLI0092,PRD0020,V004,CC05,FOR0062,DOC104237,12114.22,Despesa
2026-04-11,CLI0296,PRD0074,V013,CC05,FOR0058,DOC104238,22140.72,Despesa
2024-12-18,CLI0065,PRD0169,V029,CC05,FOR0096,DOC104239,20137.44,Despesa
2026-10-18,CLI0101,PRD0180,V023,CC05,FOR0060,DOC104240,16654.19,Despesa
2024-04-20,CLI0128,PRD0136,V016,CC06,FOR0071,DOC104241,23760.91,Despesa
2025-11-14,CLI0095,PRD0158,V029,CC09,FOR0007,DOC104242,26858.69,Despesa
2023-04-28,CLI0055,PRD0038,V002,CC06,FOR0028,DOC104243,2573.61,Despesa
2023-08-29,CLI0047,PRD0016,V028,CC03,FOR0082,DOC104244,4750.78,Despesa
2023-03-24,CLI0184,PRD0072,V009,CC09,,DOC104245,1788.44,Receita
2023-01-23,CLI0168,PRD0036,V008,CC02,,DOC104246,1339.39,Receita
2024-04-15,CLI0018,PRD0108,V027,CC04,,DOC104247,13006.87,Receita
2024-11-21,CLI0283,PRD0032,V008,CC04,FOR0025,DOC104248,20357.24,Despesa
2023-12-21,CLI0206,PRD0151,V011,CC07,FOR0094,DOC104249,6270.84,Despesa
2024-06-27,CLI0226,PRD0177,V024,CC03,FOR0050,DOC104250,26173.82,Despesa
2023-10-04,CLI0091,PRD0170,V029,CC03,,DOC104251,6512.32,Receita
2023-08-09,CLI0182,PRD0115,V007,CC05,FOR0076,DOC104252,12010.27,Despesa
2024-11-15,CLI0074,PRD0138,V008,CC08,,DOC104253,14726.92,Receita
2024-01-24,CLI0082,PRD0167,V008,CC03,FOR0091,DOC104254,19237.72,Despesa
2026-05-02,CLI0122,PRD0008,V013,CC10,,DOC104255,15800.07,Receita
2026-04-18,CLI0200,PRD0136,V012,CC04,FOR0064,DOC104256,6797.95,Despesa
2023-12-25,CLI0296,PRD0049,V005,CC08,FOR0075,DOC104257,2123.31,Despesa
2024-10-21,CLI0009,PRD0180,V025,CC01,FOR0072,DOC104258,2428.38,Despesa
2026-04-22,CLI0258,PRD0120,V022,CC06,,DOC104259,2232.87,Receita
2024-05-27,CLI0068,PRD0098,V010,CC06,,DOC104260,9580.69,Receita
2024-03-08,CLI0122,PRD0057,V009,CC03,FOR0099,DOC104261,3515.13,Despesa
2025-02-09,CLI0298,PRD0034,V030,CC09,,DOC104262,17425.49,Receita
2026-07-06,CLI0042,PRD0176,V002,CC05,,DOC104263,14488.97,Receita
2023-10-29,CLI0171,PRD0149,V010,CC07,FOR0084,DOC104264,16428.86,Despesa
2026-05-24,CLI0020,PRD0150,V025,CC05,FOR0066,DOC104265,15332.35,Despesa
2023-11-16,CLI0212,PRD0147,V002,CC05,FOR0067,DOC104266,7957.19,Despesa
2023-02-02,CLI0161,PRD0197,V025,CC02,,DOC104267,16668.25,Receita
2026-10-29,CLI0251,PRD0154,V007,CC01,,DOC104268,16492.94,Receita
2024-10-05,CLI0174,PRD0075,V005,CC09,,DOC104269,7834.23,Receita
2023-02-26,CLI0155,PRD0185,V012,CC06,,DOC104270,17458.81,Receita
2026-05-16,CLI0131,PRD0033,V027,CC02,,DOC104271,11913.21,Receita
2024-12-13,CLI0199,PRD0110,V016,CC08,FOR0095,DOC104272,21906.66,Despesa
2026-04-13,CLI0225,PRD0196,V002,CC01,FOR0093,DOC104273,23692.2,Despesa
2024-07-10,CLI0140,PRD0165,V014,CC05,FOR0053,DOC104274,20504.85,Despesa
2024-05-24,CLI0109,PRD0075,V018,CC02,FOR0042,DOC104275,12008.66,Despesa
2026-05-13,CLI0046,PRD0074,V007,CC07,FOR0090,DOC104276,209.17,Despesa
2025-07-01,CLI0043,PRD0164,V001,CC07,FOR0018,DOC104277,19675.05,Despesa
2025-07-26,CLI0176,PRD0096,V001,CC02,,DOC104278,20337.87,Receita
2026-12-24,CLI0158,PRD0122,V004,CC06,,DOC104279,7521.69,Receita
2024-09-26,CLI0191,PRD0008,V020,CC09,FOR0016,DOC104280,20393.84,Despesa
2026-11-20,CLI0215,PRD0189,V019,CC03,FOR0025,DOC104281,28304.63,Despesa
2026-06-19,CLI0111,PRD0099,V017,CC10,FOR0036,DOC104282,13707.31,Despesa
2023-04-12,CLI0132,PRD0083,V010,CC05,FOR0012,DOC104283,19133.51,Despesa
2026-05-11,CLI0129,PRD0066,V030,CC03,,DOC104284,16251.16,Receita
2023-05-27,CLI0045,PRD0066,V007,CC03,,DOC104285,2137.23,Receita
2025-10-09,CLI0126,PRD0185,V025,CC09,FOR0014,DOC104286,7291.28,Despesa
2024-03-04,CLI0282,PRD0128,V007,CC07,,DOC104287,19218.72,Receita
2026-09-26,CLI0291,PRD0074,V029,CC03,,DOC104288,26310.73,Receita
2024-03-28,CLI0227,PRD0156,V018,CC07,FOR0072,DOC104289,27434.48,Despesa
2025-10-18,CLI0138,PRD0059,V009,CC08,,DOC104290,28459.73,Receita
2024-04-24,CLI0252,PRD0001,V007,CC07,FOR0082,DOC104291,11602.96,Despesa
2026-01-21,CLI0046,PRD0152,V025,CC10,,DOC104292,11276.02,Receita
2024-02-27,CLI0101,PRD0158,V020,CC06,,DOC104293,8719.74,Receita
2023-05-22,CLI0082,PRD0169,V019,CC04,FOR0018,DOC104294,23745.73,Despesa
2026-11-23,CLI0071,PRD0023,V026,CC02,FOR0055,DOC104295,14203.62,Despesa
2026-11-07,CLI0003,PRD0143,V023,CC01,FOR0002,DOC104296,8164.48,Despesa
2024-10-07,CLI0014,PRD0051,V029,CC05,FOR0098,DOC104297,14118.12,Despesa
2023-07-02,CLI0131,PRD0124,V003,CC07,,DOC104298,24819.45,Receita
2025-05-07,CLI0225,PRD0120,V023,CC06,,DOC104299,10038.56,Receita
2025-04-27,CLI0007,PRD0126,V029,CC10,FOR0021,DOC104300,20985.03,Despesa
2023-07-02,CLI0130,PRD0173,V005,CC07,,DOC104301,7578.44,Receita
2024-11-26,CLI0078,PRD0173,V027,CC01,,DOC104302,1697.5,Receita
2023-04-01,CLI0128,PRD0025,V015,CC04,FOR0038,DOC104303,5407.96,Despesa
2024-09-12,CLI0007,PRD0136,V003,CC09,,DOC104304,29330.07,Receita
2024-06-15,CLI0172,PRD0182,V005,CC01,FOR0087,DOC104305,9832.39,Despesa
2023-12-11,CLI0280,PRD0047,V030,CC05,FOR0041,DOC104306,9724.31,Despesa
2025-01-14,CLI0288,PRD0011,V027,CC05,,DOC104307,15916.93,Receita
2024-03-02,CLI0002,PRD0039,V011,CC03,FOR0004,DOC104308,20007.67,Despesa
2024-08-02,CLI0023,PRD0175,V014,CC04,FOR0064,DOC104309,6902.54,Despesa
2025-10-25,CLI0171,PRD0064,V024,CC08,FOR0079,DOC104310,24946.41,Despesa
2024-06-25,CLI0251,PRD0091,V004,CC03,FOR0023,DOC104311,23667.63,Despesa
2024-06-11,CLI0231,PRD0036,V006,CC02,,DOC104312,5355.31,Receita
2023-09-22,CLI0235,PRD0168,V026,CC07,,DOC104313,5123.12,Receita
2025-11-25,CLI0071,PRD0083,V010,CC08,FOR0087,DOC104314,22096.39,Despesa
2025-01-08,CLI0034,PRD0106,V003,CC02,,DOC104315,28753.27,Receita
2026-01-15,CLI0160,PRD0146,V005,CC09,FOR0027,DOC104316,10135.37,Despesa
2024-05-11,CLI0285,PRD0133,V006,CC08,FOR0055,DOC104317,7730.28,Despesa
2026-03-07,CLI0126,PRD0037,V004,CC06,,DOC104318,16246.96,Receita
2026-12-24,CLI0296,PRD0126,V017,CC08,FOR0022,DOC104319,8418.97,Despesa
2025-07-30,CLI0113,PRD0028,V026,CC08,FOR0025,DOC104320,15584.82,Despesa
2024-04-06,CLI0145,PRD0051,V013,CC05,FOR0032,DOC104321,3865.78,Despesa
2024-05-23,CLI0075,PRD0039,V005,CC01,,DOC104322,29335.17,Receita
2023-12-01,CLI0006,PRD0192,V021,CC02,FOR0035,DOC104323,8105.28,Despesa
2026-01-25,CLI0153,PRD0160,V017,CC05,FOR0015,DOC104324,22351.26,Despesa
2025-07-29,CLI0005,PRD0012,V022,CC10,FOR0038,DOC104325,28224.4,Despesa
2024-05-30,CLI0001,PRD0156,V017,CC04,FOR0070,DOC104326,28768.99,Despesa
2025-06-13,CLI0003,PRD0161,V021,CC03,FOR0020,DOC104327,18873.4,Despesa
2026-03-17,CLI0051,PRD0119,V017,CC03,,DOC104328,5048.84,Receita
2025-03-13,CLI0213,PRD0167,V026,CC03,FOR0094,DOC104329,8992.27,Despesa
2025-12-15,CLI0189,PRD0178,V011,CC06,FOR0033,DOC104330,1454.5,Despesa
2025-08-15,CLI0297,PRD0194,V005,CC02,FOR0018,DOC104331,18340.99,Despesa
2026-06-07,CLI0145,PRD0105,V021,CC10,FOR0093,DOC104332,12992.34,Despesa
2023-02-01,CLI0207,PRD0128,V001,CC03,FOR0077,DOC104333,20440.5,Despesa
2024-08-12,CLI0246,PRD0191,V016,CC06,FOR0094,DOC104334,19991.15,Despesa
2025-01-03,CLI0200,PRD0029,V020,CC10,,DOC104335,3430.6,Receita
2026-04-04,CLI0113,PRD0095,V012,CC08,,DOC104336,4043.81,Receita
2024-05-23,CLI0015,PRD0117,V008,CC03,FOR0086,DOC104337,12375.67,Despesa
2025-03-30,CLI0203,PRD0028,V017,CC03,FOR0069,DOC104338,16384.65,Despesa
2023-10-25,CLI0067,PRD0030,V015,CC09,FOR0008,DOC104339,14599.79,Despesa
2023-11-14,CLI0088,PRD0091,V016,CC04,,DOC104340,13359.53,Receita
2023-08-20,CLI0029,PRD0103,V028,CC04,,DOC104341,11429.41,Receita
2024-05-30,CLI0052,PRD0093,V002,CC09,FOR0027,DOC104342,25858.64,Despesa
2024-08-13,CLI0191,PRD0070,V019,CC01,FOR0041,DOC104343,26063.19,Despesa
2026-03-08,CLI0052,PRD0167,V014,CC10,,DOC104344,2380.22,Receita
2024-04-17,CLI0052,PRD0195,V029,CC02,,DOC104345,17759.69,Receita
2023-12-21,CLI0218,PRD0020,V007,CC05,FOR0095,DOC104346,29271.03,Despesa
2026-03-10,CLI0122,PRD0185,V012,CC09,FOR0006,DOC104347,21136.96,Despesa
2025-08-23,CLI0145,PRD0049,V027,CC08,FOR0023,DOC104348,23891.43,Despesa
2024-03-23,CLI0100,PRD0005,V008,CC05,FOR0012,DOC104349,14864.87,Despesa
2023-12-08,CLI0276,PRD0113,V006,CC09,FOR0029,DOC104350,3971.73,Despesa
2024-04-20,CLI0118,PRD0136,V013,CC05,,DOC104351,26298.74,Receita
2025-09-26,CLI0053,PRD0112,V020,CC09,FOR0056,DOC104352,29193.64,Despesa
2025-09-24,CLI0239,PRD0150,V023,CC08,,DOC104353,712.83,Receita
2025-02-14,CLI0189,PRD0127,V024,CC10,,DOC104354,2388.04,Receita
2026-07-18,CLI0043,PRD0177,V030,CC04,FOR0095,DOC104355,21817.24,Despesa
2025-05-22,CLI0162,PRD0064,V006,CC06,FOR0076,DOC104356,11852.31,Despesa
2023-02-20,CLI0038,PRD0064,V026,CC06,FOR0037,DOC104357,13786.43,Despesa
2024-01-16,CLI0210,PRD0039,V025,CC06,,DOC104358,19398.65,Receita
2025-06-30,CLI0130,PRD0012,V009,CC01,,DOC104359,10384.39,Receita
2025-08-12,CLI0165,PRD0124,V016,CC01,FOR0087,DOC104360,13089.32,Despesa
2024-03-10,CLI0181,PRD0168,V010,CC09,,DOC104361,21098.58,Receita
2023-06-02,CLI0174,PRD0140,V011,CC08,FOR0090,DOC104362,7572.36,Despesa
2023-12-25,CLI0151,PRD0004,V023,CC09,FOR0092,DOC104363,21036.06,Despesa
2026-05-14,CLI0296,PRD0146,V009,CC01,FOR0084,DOC104364,9252.96,Despesa
2026-06-11,CLI0186,PRD0049,V026,CC05,FOR0087,DOC104365,20011.36,Despesa
2023-05-21,CLI0278,PRD0031,V016,CC04,FOR0068,DOC104366,27972.66,Despesa
2026-11-04,CLI0125,PRD0122,V015,CC03,FOR0042,DOC104367,14072.44,Despesa
2024-04-11,CLI0117,PRD0075,V027,CC08,FOR0097,DOC104368,7761.77,Despesa
2025-03-28,CLI0261,PRD0143,V020,CC08,FOR0016,DOC104369,2018.6,Despesa
2024-10-10,CLI0061,PRD0056,V007,CC01,FOR0069,DOC104370,8645.25,Despesa
2023-03-20,CLI0191,PRD0196,V017,CC03,,DOC104371,16990.74,Receita
2025-04-06,CLI0015,PRD0063,V008,CC10,,DOC104372,6606.77,Receita
2023-11-20,CLI0219,PRD0112,V001,CC09,FOR0085,DOC104373,10279.62,Despesa
2024-01-15,CLI0217,PRD0113,V003,CC03,,DOC104374,29830.77,Receita
2025-09-10,CLI0227,PRD0126,V030,CC03,,DOC104375,3498.73,Receita
2023-11-21,CLI0085,PRD0144,V012,CC02,,DOC104376,24932.1,Receita
2025-08-12,CLI0239,PRD0186,V017,CC03,FOR0095,DOC104377,28583.33,Despesa
2026-12-05,CLI0052,PRD0041,V013,CC10,,DOC104378,4775.96,Receita
2024-12-23,CLI0095,PRD0016,V030,CC09,FOR0030,DOC104379,21815.97,Despesa
2025-01-01,CLI0158,PRD0133,V012,CC01,,DOC104380,16535.21,Receita
2024-06-02,CLI0069,PRD0108,V026,CC10,,DOC104381,22284.9,Receita
2026-12-19,CLI0163,PRD0184,V008,CC10,,DOC104382,23063.81,Receita
2023-07-31,CLI0153,PRD0025,V012,CC02,FOR0042,DOC104383,23948.23,Despesa
2024-11-09,CLI0013,PRD0099,V022,CC01,,DOC104384,14313.92,Receita
2025-04-28,CLI0236,PRD0004,V009,CC02,,DOC104385,1801.48,Receita
2023-11-02,CLI0233,PRD0159,V023,CC01,,DOC104386,19231.66,Receita
2025-07-01,CLI0272,PRD0055,V006,CC03,,DOC104387,23093.64,Receita
2023-11-04,CLI0125,PRD0054,V004,CC05,FOR0022,DOC104388,20342.64,Despesa
2023-06-06,CLI0167,PRD0009,V029,CC05,FOR0084,DOC104389,22480.91,Despesa
2024-02-14,CLI0106,PRD0028,V028,CC09,FOR0081,DOC104390,26555.97,Despesa
2024-12-22,CLI0225,PRD0003,V003,CC04,,DOC104391,14995.89,Receita
2025-08-30,CLI0170,PRD0186,V009,CC03,FOR0035,DOC104392,7900.46,Despesa
2024-03-12,CLI0268,PRD0168,V001,CC09,,DOC104393,11126.0,Receita
2024-08-23,CLI0142,PRD0103,V015,CC01,FOR0020,DOC104394,17207.84,Despesa
2026-08-15,CLI0034,PRD0174,V008,CC10,,DOC104395,11762.4,Receita
2023-11-04,CLI0135,PRD0024,V022,CC05,,DOC104396,5440.98,Receita
2024-08-18,CLI0116,PRD0122,V004,CC05,FOR0006,DOC104397,9685.87,Despesa
2026-07-14,CLI0229,PRD0002,V026,CC04,FOR0074,DOC104398,19642.27,Despesa
2024-04-30,CLI0170,PRD0016,V017,CC09,,DOC104399,1868.47,Receita
2025-04-14,CLI0159,PRD0127,V005,CC07,FOR0092,DOC104400,21743.83,Despesa
2024-06-06,CLI0193,PRD0103,V019,CC08,FOR0029,DOC104401,4747.5,Despesa
2023-02-23,CLI0296,PRD0108,V027,CC04,FOR0011,DOC104402,14258.98,Despesa
2024-02-14,CLI0300,PRD0031,V010,CC06,FOR0079,DOC104403,17856.66,Despesa
2026-12-20,CLI0214,PRD0144,V021,CC09,,DOC104404,22974.9,Receita
2026-12-25,CLI0041,PRD0179,V002,CC05,FOR0036,DOC104405,23306.49,Despesa
2026-02-22,CLI0096,PRD0067,V019,CC10,FOR0087,DOC104406,18917.32,Despesa
2023-12-03,CLI0015,PRD0037,V021,CC06,,DOC104407,5003.39,Receita
2026-09-27,CLI0234,PRD0131,V022,CC03,,DOC104408,22189.54,Receita
2025-03-01,CLI0124,PRD0147,V012,CC05,FOR0083,DOC104409,27851.35,Despesa
2023-04-18,CLI0216,PRD0013,V022,CC08,FOR0062,DOC104410,11493.54,Despesa
2025-07-18,CLI0245,PRD0051,V019,CC03,,DOC104411,4595.39,Receita
2025-10-30,CLI0289,PRD0050,V016,CC01,FOR0092,DOC104412,14666.57,Despesa
2025-10-19,CLI0048,PRD0081,V014,CC08,,DOC104413,20480.81,Receita
2026-03-02,CLI0145,PRD0112,V006,CC09,,DOC104414,22363.63,Receita
2024-01-28,CLI0118,PRD0182,V006,CC03,FOR0029,DOC104415,6212.7,Despesa
2026-03-03,CLI0108,PRD0017,V010,CC02,,DOC104416,4267.35,Receita
2026-12-02,CLI0270,PRD0183,V025,CC08,FOR0044,DOC104417,14449.13,Despesa
2024-01-16,CLI0090,PRD0183,V017,CC03,FOR0020,DOC104418,20569.61,Despesa
2023-07-15,CLI0022,PRD0003,V005,CC06,,DOC104419,28803.63,Receita
2024-07-01,CLI0098,PRD0188,V028,CC01,,DOC104420,27272.6,Receita
2023-11-30,CLI0290,PRD0105,V019,CC04,,DOC104421,12989.36,Receita
2024-09-17,CLI0281,PRD0122,V024,CC06,FOR0013,DOC104422,24476.1,Despesa
2024-09-02,CLI0088,PRD0186,V029,CC06,FOR0010,DOC104423,19491.9,Despesa
2026-08-04,CLI0054,PRD0094,V020,CC01,FOR0010,DOC104424,16203.48,Despesa
2025-02-09,CLI0022,PRD0015,V003,CC10,,DOC104425,25649.92,Receita
2025-04-16,CLI0150,PRD0136,V020,CC08,,DOC104426,18712.56,Receita
2023-01-05,CLI0067,PRD0101,V021,CC04,FOR0082,DOC104427,29314.06,Despesa
2023-02-24,CLI0245,PRD0186,V004,CC05,FOR0037,DOC104428,26207.54,Despesa
2026-03-11,CLI0144,PRD0155,V015,CC05,,DOC104429,10715.16,Receita
2026-02-26,CLI0082,PRD0137,V006,CC03,FOR0046,DOC104430,18504.96,Despesa
2026-08-14,CLI0228,PRD0046,V001,CC01,FOR0045,DOC104431,4682.06,Despesa
2024-10-28,CLI0145,PRD0015,V011,CC01,FOR0043,DOC104432,16318.32,Despesa
2024-11-19,CLI0198,PRD0088,V002,CC10,FOR0057,DOC104433,14391.97,Despesa
2024-12-24,CLI0093,PRD0200,V030,CC10,FOR0093,DOC104434,16278.26,Despesa
2024-05-20,CLI0223,PRD0092,V008,CC08,FOR0093,DOC104435,4116.94,Despesa
2024-11-30,CLI0167,PRD0133,V011,CC09,FOR0026,DOC104436,29918.2,Despesa
2024-08-16,CLI0041,PRD0099,V020,CC01,,DOC104437,3849.49,Receita
2026-03-23,CLI0194,PRD0121,V004,CC05,,DOC104438,9822.81,Receita
2023-05-22,CLI0174,PRD0161,V022,CC06,FOR0055,DOC104439,502.76,Despesa
2023-05-20,CLI0194,PRD0160,V018,CC06,,DOC104440,21434.34,Receita
2024-01-13,CLI0019,PRD0102,V014,CC05,,DOC104441,9685.44,Receita
2023-01-05,CLI0013,PRD0028,V021,CC06,,DOC104442,16630.05,Receita
2024-10-29,CLI0241,PRD0109,V020,CC08,,DOC104443,2529.18,Receita
2026-09-19,CLI0136,PRD0028,V015,CC05,FOR0078,DOC104444,29145.58,Despesa
2024-05-01,CLI0034,PRD0068,V025,CC09,,DOC104445,1205.12,Receita
2023-06-04,CLI0069,PRD0073,V010,CC06,FOR0096,DOC104446,19969.83,Despesa
2024-03-07,CLI0253,PRD0126,V012,CC09,FOR0066,DOC104447,28169.11,Despesa
2026-07-12,CLI0247,PRD0185,V018,CC04,FOR0085,DOC104448,9628.55,Despesa
2024-12-13,CLI0015,PRD0029,V018,CC09,,DOC104449,6917.93,Receita
2026-02-20,CLI0211,PRD0037,V004,CC09,FOR0085,DOC104450,24380.94,Despesa
2023-08-29,CLI0100,PRD0021,V026,CC06,FOR0092,DOC104451,28948.6,Despesa
2023-05-24,CLI0170,PRD0046,V026,CC01,,DOC104452,25465.97,Receita
2023-02-03,CLI0177,PRD0034,V008,CC04,,DOC104453,13181.26,Receita
2025-01-16,CLI0049,PRD0061,V030,CC05,FOR0027,DOC104454,706.48,Despesa
2024-08-19,CLI0194,PRD0001,V012,CC01,FOR0069,DOC104455,7921.33,Despesa
2026-07-21,CLI0209,PRD0049,V021,CC02,FOR0065,DOC104456,5380.73,Despesa
2025-07-03,CLI0137,PRD0182,V003,CC10,,DOC104457,15836.0,Receita
2025-08-26,CLI0017,PRD0004,V027,CC08,,DOC104458,28610.38,Receita
2025-09-05,CLI0273,PRD0188,V022,CC03,FOR0054,DOC104459,4529.76,Despesa
2023-08-12,CLI0036,PRD0016,V003,CC07,,DOC104460,8850.61,Receita
2025-08-17,CLI0262,PRD0141,V015,CC09,FOR0025,DOC104461,4562.91,Despesa
2025-03-03,CLI0020,PRD0007,V008,CC08,FOR0087,DOC104462,23528.04,Despesa
2026-04-07,CLI0266,PRD0013,V010,CC02,FOR0064,DOC104463,21121.65,Despesa
2025-08-04,CLI0220,PRD0136,V010,CC07,FOR0052,DOC104464,28948.22,Despesa
2024-10-04,CLI0223,PRD0191,V004,CC10,,DOC104465,26803.07,Receita
2024-05-25,CLI0288,PRD0002,V022,CC06,FOR0004,DOC104466,17336.0,Despesa
2024-06-29,CLI0211,PRD0047,V010,CC06,,DOC104467,24439.43,Receita
2024-08-02,CLI0144,PRD0022,V027,CC08,,DOC104468,12416.58,Receita
2024-11-03,CLI0006,PRD0116,V001,CC06,,DOC104469,12427.15,Receita
2024-02-26,CLI0299,PRD0122,V011,CC09,FOR0041,DOC104470,4039.83,Despesa
2024-07-13,CLI0162,PRD0165,V015,CC01,,DOC104471,14005.47,Receita
2026-09-30,CLI0226,PRD0110,V002,CC08,FOR0034,DOC104472,10337.81,Despesa
2026-08-24,CLI0291,PRD0151,V019,CC05,FOR0021,DOC104473,12979.16,Despesa
2024-09-23,CLI0161,PRD0072,V002,CC02,FOR0080,DOC104474,17499.12,Despesa
2023-09-23,CLI0210,PRD0042,V021,CC01,,DOC104475,13369.64,Receita
2023-09-16,CLI0044,PRD0056,V019,CC09,,DOC104476,20192.25,Receita
2026-08-08,CLI0255,PRD0126,V002,CC06,FOR0096,DOC104477,23700.39,Despesa
2026-08-05,CLI0218,PRD0108,V026,CC09,FOR0032,DOC104478,20300.87,Despesa
2024-08-26,CLI0057,PRD0079,V030,CC05,FOR0040,DOC104479,26173.5,Despesa
2023-06-06,CLI0085,PRD0019,V010,CC02,FOR0020,DOC104480,11003.89,Despesa
2026-10-30,CLI0235,PRD0115,V015,CC07,FOR0026,DOC104481,10105.96,Despesa
2026-01-17,CLI0254,PRD0187,V012,CC02,FOR0001,DOC104482,6273.35,Despesa
2025-06-06,CLI0035,PRD0150,V016,CC06,,DOC104483,23602.92,Receita
2025-06-19,CLI0241,PRD0057,V005,CC02,,DOC104484,8960.44,Receita
2023-01-06,CLI0072,PRD0159,V023,CC09,FOR0020,DOC104485,18540.07,Despesa
2023-07-20,CLI0038,PRD0093,V025,CC06,,DOC104486,9353.5,Receita
2025-03-24,CLI0188,PRD0048,V022,CC10,FOR0070,DOC104487,18814.89,Despesa
2023-11-21,CLI0061,PRD0054,V014,CC07,,DOC104488,22401.33,Receita
2023-12-23,CLI0006,PRD0008,V026,CC03,,DOC104489,2149.22,Receita
2026-03-04,CLI0162,PRD0117,V002,CC05,FOR0083,DOC104490,20703.61,Despesa
2025-06-29,CLI0285,PRD0065,V016,CC07,FOR0069,DOC104491,14771.99,Despesa
2024-08-05,CLI0006,PRD0154,V019,CC09,,DOC104492,22175.62,Receita
2023-09-16,CLI0207,PRD0197,V022,CC05,FOR0096,DOC104493,26692.47,Despesa
2026-05-29,CLI0163,PRD0074,V019,CC10,,DOC104494,20141.1,Receita
2025-01-25,CLI0241,PRD0186,V008,CC09,FOR0014,DOC104495,27016.59,Despesa
2025-11-09,CLI0280,PRD0184,V021,CC02,,DOC104496,18404.11,Receita
2026-07-19,CLI0099,PRD0025,V026,CC03,,DOC104497,11598.34,Receita
2023-06-29,CLI0124,PRD0111,V022,CC09,FOR0035,DOC104498,13796.53,Despesa
2023-07-31,CLI0070,PRD0059,V015,CC03,FOR0065,DOC104499,9388.08,Despesa
2023-09-26,CLI0252,PRD0080,V014,CC10,,DOC104500,14999.5,Receita
2024-03-15,CLI0010,PRD0119,V027,CC01,,DOC104501,3430.75,Receita
2026-04-27,CLI0291,PRD0046,V014,CC06,,DOC104502,10860.0,Receita
2023-11-08,CLI0124,PRD0104,V026,CC10,,DOC104503,16486.7,Receita
2024-09-27,CLI0049,PRD0138,V028,CC06,FOR0033,DOC104504,8493.03,Despesa
2024-07-21,CLI0276,PRD0044,V011,CC03,FOR0020,DOC104505,27412.65,Despesa
2025-11-01,CLI0152,PRD0020,V020,CC05,,DOC104506,21151.81,Receita
2025-08-07,CLI0295,PRD0149,V019,CC03,FOR0088,DOC104507,3482.09,Despesa
2026-12-18,CLI0184,PRD0130,V028,CC03,FOR0061,DOC104508,28136.57,Despesa
2025-02-10,CLI0052,PRD0040,V028,CC07,,DOC104509,24962.16,Receita
2025-03-25,CLI0129,PRD0082,V005,CC01,,DOC104510,16725.32,Receita
2024-12-05,CLI0270,PRD0009,V011,CC02,FOR0092,DOC104511,22760.55,Despesa
2024-08-27,CLI0056,PRD0071,V026,CC05,,DOC104512,25430.78,Receita
2024-10-17,CLI0079,PRD0140,V007,CC03,,DOC104513,7531.77,Receita
2025-02-06,CLI0219,PRD0093,V022,CC05,,DOC104514,21657.5,Receita
2024-02-11,CLI0010,PRD0146,V012,CC10,FOR0088,DOC104515,13562.57,Despesa
2025-09-25,CLI0167,PRD0065,V004,CC01,,DOC104516,27251.76,Receita
2026-09-27,CLI0154,PRD0039,V008,CC01,FOR0042,DOC104517,18504.59,Despesa
2025-05-15,CLI0147,PRD0039,V022,CC01,FOR0010,DOC104518,28137.87,Despesa
2023-09-19,CLI0107,PRD0051,V025,CC08,FOR0076,DOC104519,14898.93,Despesa
2023-02-23,CLI0118,PRD0025,V029,CC06,FOR0053,DOC104520,6731.25,Despesa
2024-04-03,CLI0178,PRD0100,V023,CC04,,DOC104521,10415.67,Receita
2023-07-19,CLI0160,PRD0089,V001,CC09,FOR0011,DOC104522,16489.58,Despesa
2024-05-04,CLI0189,PRD0124,V003,CC08,,DOC104523,22889.44,Receita
2026-04-07,CLI0053,PRD0130,V002,CC03,,DOC104524,24635.15,Receita
2023-02-14,CLI0253,PRD0156,V011,CC03,FOR0035,DOC104525,4791.6,Despesa
2023-10-30,CLI0051,PRD0154,V017,CC06,FOR0069,DOC104526,8461.71,Despesa
2025-02-04,CLI0266,PRD0170,V012,CC09,FOR0060,DOC104527,12535.21,Despesa
2023-04-03,CLI0178,PRD0095,V021,CC03,FOR0030,DOC104528,1175.69,Despesa
2025-05-04,CLI0197,PRD0124,V001,CC06,,DOC104529,3554.13,Receita
2026-11-27,CLI0011,PRD0008,V022,CC06,FOR0088,DOC104530,22256.29,Despesa
2026-12-05,CLI0242,PRD0099,V029,CC02,FOR0001,DOC104531,9072.72,Despesa
2024-03-28,CLI0265,PRD0150,V005,CC05,FOR0034,DOC104532,1240.31,Despesa
2024-03-30,CLI0197,PRD0111,V015,CC03,FOR0065,DOC104533,19069.51,Despesa
2024-08-23,CLI0052,PRD0003,V026,CC03,,DOC104534,4708.3,Receita
2024-12-04,CLI0273,PRD0092,V013,CC03,,DOC104535,9831.53,Receita
2023-12-27,CLI0292,PRD0035,V012,CC07,,DOC104536,29329.57,Receita
2023-12-26,CLI0030,PRD0036,V016,CC06,FOR0065,DOC104537,8164.49,Despesa
2024-07-14,CLI0108,PRD0032,V016,CC08,FOR0077,DOC104538,11894.78,Despesa
2023-08-22,CLI0099,PRD0125,V011,CC03,,DOC104539,1924.72,Receita
2023-07-29,CLI0037,PRD0085,V010,CC07,FOR0098,DOC104540,10561.76,Despesa
2025-01-09,CLI0232,PRD0109,V028,CC08,FOR0004,DOC104541,17136.02,Despesa
2025-01-31,CLI0011,PRD0097,V002,CC03,,DOC104542,28655.49,Receita
2025-06-24,CLI0133,PRD0043,V030,CC01,,DOC104543,2734.53,Receita
2024-11-02,CLI0290,PRD0139,V022,CC03,,DOC104544,4487.95,Receita
2026-08-25,CLI0202,PRD0140,V007,CC03,FOR0005,DOC104545,11747.27,Despesa
2023-12-20,CLI0234,PRD0062,V007,CC02,,DOC104546,1730.76,Receita
2026-10-28,CLI0255,PRD0006,V025,CC03,,DOC104547,14211.88,Receita
2024-12-15,CLI0245,PRD0103,V019,CC06,,DOC104548,9482.45,Receita
2023-07-03,CLI0002,PRD0109,V012,CC08,FOR0004,DOC104549,10153.39,Despesa
2025-11-05,CLI0236,PRD0135,V019,CC01,FOR0037,DOC104550,24011.24,Despesa
2023-08-24,CLI0161,PRD0130,V007,CC08,FOR0029,DOC104551,9451.4,Despesa
2025-12-25,CLI0083,PRD0151,V026,CC03,FOR0028,DOC104552,18453.82,Despesa
2026-01-14,CLI0183,PRD0166,V007,CC02,FOR0032,DOC104553,13836.05,Despesa
2023-09-08,CLI0122,PRD0039,V027,CC05,FOR0078,DOC104554,19588.16,Despesa
2024-07-17,CLI0214,PRD0199,V006,CC07,FOR0006,DOC104555,7443.07,Despesa
2026-12-12,CLI0024,PRD0109,V021,CC04,FOR0079,DOC104556,20927.89,Despesa
2023-02-27,CLI0295,PRD0178,V027,CC06,,DOC104557,22663.27,Receita
2024-12-27,CLI0235,PRD0198,V029,CC10,FOR0092,DOC104558,17127.46,Despesa
2023-06-01,CLI0118,PRD0037,V012,CC08,FOR0099,DOC104559,27183.92,Despesa
2025-10-15,CLI0106,PRD0041,V009,CC07,FOR0027,DOC104560,13092.75,Despesa
2026-11-05,CLI0143,PRD0004,V017,CC08,,DOC104561,29635.82,Receita
2023-04-05,CLI0024,PRD0169,V013,CC01,,DOC104562,7765.32,Receita
2024-01-24,CLI0021,PRD0139,V024,CC10,FOR0009,DOC104563,14788.63,Despesa
2024-01-01,CLI0236,PRD0183,V007,CC02,FOR0066,DOC104564,4499.22,Despesa
2024-06-13,CLI0269,PRD0164,V013,CC07,,DOC104565,5977.16,Receita
2023-06-24,CLI0198,PRD0166,V019,CC05,,DOC104566,18835.36,Receita
2023-11-12,CLI0123,PRD0200,V015,CC01,,DOC104567,26628.07,Receita
2023-07-02,CLI0059,PRD0171,V001,CC10,FOR0028,DOC104568,7742.61,Despesa
2026-10-01,CLI0101,PRD0199,V005,CC05,,DOC104569,14143.82,Receita
2023-09-24,CLI0297,PRD0044,V025,CC06,,DOC104570,24464.77,Receita
2023-09-23,CLI0139,PRD0181,V022,CC09,FOR0012,DOC104571,4436.74,Despesa
2025-01-20,CLI0272,PRD0121,V030,CC02,FOR0067,DOC104572,22471.4,Despesa
2024-02-02,CLI0054,PRD0137,V013,CC05,FOR0004,DOC104573,17092.17,Despesa
2025-02-08,CLI0289,PRD0140,V016,CC01,,DOC104574,18690.44,Receita
2025-01-17,CLI0139,PRD0137,V020,CC06,FOR0088,DOC104575,13661.36,Despesa
2025-01-23,CLI0197,PRD0157,V002,CC05,FOR0012,DOC104576,16751.53,Despesa
2026-12-14,CLI0120,PRD0032,V024,CC06,,DOC104577,12931.77,Receita
2024-04-15,CLI0290,PRD0136,V012,CC06,FOR0079,DOC104578,4462.37,Despesa
2026-08-21,CLI0021,PRD0165,V018,CC08,FOR0041,DOC104579,1699.65,Despesa
2023-11-14,CLI0287,PRD0161,V030,CC08,,DOC104580,15792.93,Receita
2025-09-03,CLI0232,PRD0054,V018,CC05,FOR0004,DOC104581,8713.08,Despesa
2026-09-29,CLI0005,PRD0197,V024,CC07,,DOC104582,14271.11,Receita
2025-12-27,CLI0009,PRD0100,V030,CC08,FOR0073,DOC104583,2259.88,Despesa
2024-03-01,CLI0177,PRD0163,V010,CC08,,DOC104584,8820.02,Receita
2025-12-17,CLI0291,PRD0147,V009,CC09,,DOC104585,17100.66,Receita
2024-06-01,CLI0129,PRD0156,V026,CC04,FOR0090,DOC104586,17441.37,Despesa
2023-03-29,CLI0171,PRD0142,V025,CC05,,DOC104587,11366.84,Receita
2023-02-17,CLI0118,PRD0079,V022,CC01,,DOC104588,13390.07,Receita
2025-09-13,CLI0300,PRD0069,V012,CC09,,DOC104589,29420.32,Receita
2025-09-26,CLI0274,PRD0130,V021,CC02,FOR0082,DOC104590,13344.17,Despesa
2024-02-10,CLI0280,PRD0064,V029,CC05,,DOC104591,18785.06,Receita
2026-09-23,CLI0205,PRD0173,V029,CC08,FOR0092,DOC104592,11442.15,Despesa
2024-09-26,CLI0043,PRD0200,V006,CC03,,DOC104593,17354.38,Receita
2025-08-08,CLI0276,PRD0085,V004,CC10,FOR0038,DOC104594,17350.62,Despesa
2024-07-05,CLI0227,PRD0171,V011,CC07,,DOC104595,9602.26,Receita
2025-05-22,CLI0033,PRD0178,V002,CC04,,DOC104596,29153.96,Receita
2023-02-01,CLI0173,PRD0016,V005,CC08,,DOC104597,6876.22,Receita
2026-09-20,CLI0280,PRD0064,V016,CC01,FOR0062,DOC104598,9535.16,Despesa
2023-02-27,CLI0190,PRD0172,V013,CC02,,DOC104599,5821.78,Receita
2025-05-08,CLI0112,PRD0176,V025,CC01,FOR0094,DOC104600,26984.61,Despesa
2026-09-19,CLI0089,PRD0110,V029,CC01,,DOC104601,12413.9,Receita
2023-03-01,CLI0033,PRD0110,V030,CC06,,DOC104602,5541.48,Receita
2026-04-08,CLI0125,PRD0106,V018,CC08,FOR0001,DOC104603,21019.25,Despesa
2024-07-05,CLI0239,PRD0159,V015,CC08,FOR0093,DOC104604,3366.11,Despesa
2023-07-05,CLI0025,PRD0056,V017,CC09,FOR0060,DOC104605,23950.76,Despesa
2024-10-07,CLI0011,PRD0192,V002,CC09,FOR0022,DOC104606,18707.29,Despesa
2024-10-22,CLI0070,PRD0006,V017,CC04,,DOC104607,24115.32,Receita
2024-04-18,CLI0152,PRD0187,V029,CC09,FOR0096,DOC104608,19810.55,Despesa
2026-07-06,CLI0027,PRD0042,V020,CC03,FOR0004,DOC104609,4762.44,Despesa
2025-06-03,CLI0192,PRD0184,V027,CC05,,DOC104610,619.38,Receita
2026-09-05,CLI0090,PRD0121,V029,CC07,,DOC104611,22900.14,Receita
2025-01-30,CLI0248,PRD0003,V006,CC01,FOR0025,DOC104612,13714.71,Despesa
2026-08-31,CLI0054,PRD0045,V003,CC04,,DOC104613,12498.8,Receita
2024-01-12,CLI0026,PRD0129,V015,CC09,FOR0053,DOC104614,4958.26,Despesa
2025-12-14,CLI0189,PRD0110,V022,CC10,FOR0077,DOC104615,10204.88,Despesa
2026-12-09,CLI0278,PRD0024,V007,CC04,,DOC104616,6963.45,Receita
2024-01-11,CLI0295,PRD0159,V013,CC02,,DOC104617,5472.8,Receita
2023-12-26,CLI0157,PRD0063,V013,CC09,FOR0093,DOC104618,12470.92,Despesa
2024-10-21,CLI0135,PRD0115,V013,CC10,,DOC104619,28511.57,Receita
2025-11-29,CLI0077,PRD0109,V006,CC01,FOR0033,DOC104620,26787.44,Despesa
2025-07-18,CLI0145,PRD0085,V005,CC01,,DOC104621,23264.21,Receita
2026-10-09,CLI0265,PRD0068,V023,CC10,FOR0031,DOC104622,1806.56,Despesa
2023-02-22,CLI0265,PRD0037,V021,CC04,FOR0076,DOC104623,24628.45,Despesa
2025-03-26,CLI0293,PRD0019,V009,CC08,,DOC104624,5401.88,Receita
2026-09-19,CLI0227,PRD0192,V024,CC08,FOR0053,DOC104625,11307.93,Despesa
2024-11-24,CLI0163,PRD0062,V001,CC03,FOR0033,DOC104626,16981.54,Despesa
2024-02-11,CLI0281,PRD0036,V026,CC01,FOR0027,DOC104627,6254.84,Despesa
2024-02-16,CLI0083,PRD0075,V018,CC05,,DOC104628,21853.39,Receita
2023-01-03,CLI0186,PRD0067,V016,CC07,,DOC104629,15827.3,Receita
2024-04-09,CLI0037,PRD0143,V028,CC06,FOR0062,DOC104630,2652.62,Despesa
2023-08-12,CLI0143,PRD0140,V012,CC01,,DOC104631,1607.4,Receita
2023-11-30,CLI0050,PRD0126,V025,CC03,FOR0048,DOC104632,22014.39,Despesa
2026-07-31,CLI0014,PRD0189,V024,CC04,FOR0005,DOC104633,15325.98,Despesa
2026-02-02,CLI0075,PRD0042,V022,CC09,,DOC104634,315.23,Receita
2023-01-30,CLI0018,PRD0084,V028,CC07,,DOC104635,8446.57,Receita
2024-03-08,CLI0249,PRD0200,V016,CC03,,DOC104636,10177.01,Receita
2024-06-04,CLI0049,PRD0100,V021,CC04,FOR0090,DOC104637,19993.33,Despesa
2023-04-08,CLI0052,PRD0127,V018,CC09,,DOC104638,3741.82,Receita
2024-03-03,CLI0246,PRD0098,V019,CC01,FOR0030,DOC104639,21368.62,Despesa
2026-11-06,CLI0236,PRD0128,V018,CC02,FOR0023,DOC104640,29363.72,Despesa
2023-11-03,CLI0010,PRD0133,V023,CC01,FOR0078,DOC104641,25467.07,Despesa
2026-09-30,CLI0251,PRD0057,V007,CC04,FOR0080,DOC104642,11784.33,Despesa
2026-08-21,CLI0259,PRD0032,V018,CC01,,DOC104643,16926.14,Receita
2024-06-13,CLI0083,PRD0076,V005,CC08,,DOC104644,8988.38,Receita
2025-12-02,CLI0191,PRD0058,V005,CC05,FOR0054,DOC104645,10383.19,Despesa
2023-02-16,CLI0234,PRD0072,V007,CC06,,DOC104646,14611.82,Receita
2025-11-17,CLI0254,PRD0155,V002,CC03,,DOC104647,18001.28,Receita
2023-06-28,CLI0088,PRD0075,V017,CC09,,DOC104648,27890.56,Receita
2023-07-17,CLI0240,PRD0142,V024,CC07,FOR0053,DOC104649,22198.75,Despesa
2023-09-13,CLI0155,PRD0149,V027,CC04,,DOC104650,29880.5,Receita
2023-06-25,CLI0017,PRD0025,V008,CC06,,DOC104651,17020.49,Receita
2024-10-13,CLI0045,PRD0010,V010,CC02,FOR0004,DOC104652,1206.86,Despesa
2024-12-07,CLI0122,PRD0161,V012,CC05,,DOC104653,20930.64,Receita
2025-03-14,CLI0279,PRD0091,V001,CC04,,DOC104654,10710.67,Receita
2025-02-26,CLI0149,PRD0165,V002,CC02,FOR0091,DOC104655,1395.11,Despesa
2024-12-29,CLI0166,PRD0133,V008,CC09,FOR0072,DOC104656,28189.81,Despesa
2025-11-20,CLI0231,PRD0182,V028,CC02,,DOC104657,26767.3,Receita
2026-05-20,CLI0184,PRD0176,V011,CC07,,DOC104658,2256.63,Receita
2023-04-18,CLI0110,PRD0143,V022,CC09,FOR0095,DOC104659,24196.42,Despesa
2026-02-16,CLI0243,PRD0148,V010,CC09,FOR0076,DOC104660,6853.16,Despesa
2025-03-27,CLI0088,PRD0019,V021,CC08,FOR0015,DOC104661,11895.65,Despesa
2026-10-22,CLI0028,PRD0051,V011,CC09,,DOC104662,26855.2,Receita
2026-04-03,CLI0135,PRD0102,V001,CC01,FOR0072,DOC104663,14839.33,Despesa
2023-02-25,CLI0185,PRD0110,V023,CC06,FOR0015,DOC104664,8552.7,Despesa
2023-03-12,CLI0212,PRD0090,V010,CC01,FOR0080,DOC104665,28887.52,Despesa
2024-02-22,CLI0004,PRD0106,V022,CC03,FOR0066,DOC104666,17294.24,Despesa
2025-11-10,CLI0163,PRD0014,V008,CC03,,DOC104667,3354.99,Receita
2024-05-19,CLI0271,PRD0123,V015,CC10,FOR0063,DOC104668,25762.57,Despesa
2025-12-19,CLI0089,PRD0116,V030,CC01,FOR0005,DOC104669,19809.89,Despesa
2024-07-05,CLI0173,PRD0121,V024,CC08,FOR0025,DOC104670,28069.19,Despesa
2026-10-22,CLI0287,PRD0030,V010,CC10,FOR0071,DOC104671,2782.8,Despesa
2023-09-10,CLI0045,PRD0030,V024,CC07,,DOC104672,20507.45,Receita
2024-01-23,CLI0194,PRD0013,V015,CC01,,DOC104673,8851.74,Receita
2024-12-01,CLI0051,PRD0029,V008,CC01,,DOC104674,24902.66,Receita
2024-07-14,CLI0286,PRD0057,V004,CC02,,DOC104675,22902.29,Receita
2024-03-04,CLI0007,PRD0109,V002,CC09,,DOC104676,6701.51,Receita
2024-12-18,CLI0258,PRD0195,V008,CC09,,DOC104677,9738.35,Receita
2026-11-26,CLI0264,PRD0172,V001,CC02,FOR0039,DOC104678,2801.7,Despesa
2026-03-24,CLI0012,PRD0173,V013,CC04,,DOC104679,5676.64,Receita
2024-04-29,CLI0184,PRD0005,V013,CC09,,DOC104680,28143.89,Receita
2025-05-27,CLI0081,PRD0166,V014,CC06,,DOC104681,17307.59,Receita
2025-01-05,CLI0205,PRD0032,V027,CC06,FOR0065,DOC104682,10658.18,Despesa
2023-05-02,CLI0149,PRD0170,V002,CC05,,DOC104683,25689.0,Receita
2026-01-09,CLI0093,PRD0013,V023,CC02,FOR0026,DOC104684,1672.28,Despesa
2025-03-25,CLI0270,PRD0085,V027,CC01,FOR0093,DOC104685,4093.91,Despesa
2026-05-19,CLI0008,PRD0084,V030,CC04,FOR0070,DOC104686,25186.84,Despesa
2026-08-11,CLI0218,PRD0041,V027,CC10,FOR0063,DOC104687,5139.26,Despesa
2025-03-12,CLI0278,PRD0197,V015,CC05,FOR0053,DOC104688,23218.75,Despesa
2026-02-27,CLI0114,PRD0094,V011,CC01,FOR0029,DOC104689,5398.45,Despesa
2023-07-19,CLI0157,PRD0140,V004,CC01,,DOC104690,5415.82,Receita
2024-07-26,CLI0299,PRD0014,V016,CC05,,DOC104691,26683.86,Receita
2024-08-08,CLI0175,PRD0159,V021,CC07,,DOC104692,3769.95,Receita
2024-04-26,CLI0228,PRD0099,V030,CC07,,DOC104693,16775.09,Receita
2026-10-28,CLI0143,PRD0122,V008,CC07,FOR0048,DOC104694,25074.87,Despesa
2026-04-08,CLI0235,PRD0104,V007,CC01,FOR0062,DOC104695,24556.81,Despesa
2025-08-13,CLI0039,PRD0120,V005,CC03,FOR0005,DOC104696,23597.89,Despesa
2023-08-19,CLI0075,PRD0056,V018,CC10,FOR0032,DOC104697,21768.31,Despesa
2025-05-05,CLI0041,PRD0177,V030,CC06,FOR0044,DOC104698,4610.93,Despesa
2025-11-12,CLI0119,PRD0023,V024,CC03,,DOC104699,3777.52,Receita
2024-09-25,CLI0079,PRD0028,V008,CC08,,DOC104700,18022.77,Receita
2024-02-20,CLI0131,PRD0020,V012,CC02,FOR0057,DOC104701,25399.03,Despesa
2026-05-13,CLI0124,PRD0175,V019,CC09,,DOC104702,29106.57,Receita
2025-02-23,CLI0231,PRD0044,V027,CC07,FOR0051,DOC104703,20591.37,Despesa
2026-10-21,CLI0110,PRD0049,V026,CC09,FOR0067,DOC104704,26646.79,Despesa
2023-04-02,CLI0027,PRD0058,V013,CC02,FOR0004,DOC104705,16766.27,Despesa
2024-06-01,CLI0169,PRD0073,V012,CC04,FOR0075,DOC104706,13949.27,Despesa
2024-05-15,CLI0238,PRD0037,V001,CC04,FOR0043,DOC104707,13476.54,Despesa
2026-05-22,CLI0100,PRD0200,V005,CC02,,DOC104708,230.64,Receita
2025-03-12,CLI0268,PRD0197,V020,CC09,FOR0079,DOC104709,373.01,Despesa
2026-04-15,CLI0238,PRD0099,V026,CC01,,DOC104710,1763.93,Receita
2024-04-05,CLI0068,PRD0064,V007,CC03,,DOC104711,8248.69,Receita
2026-04-02,CLI0218,PRD0088,V001,CC04,FOR0004,DOC104712,7949.43,Despesa
2024-01-30,CLI0189,PRD0184,V013,CC08,,DOC104713,6911.15,Receita
2024-04-22,CLI0286,PRD0038,V029,CC04,,DOC104714,18696.01,Receita
2023-04-15,CLI0261,PRD0134,V013,CC08,,DOC104715,753.15,Receita
2026-09-29,CLI0065,PRD0010,V002,CC10,FOR0060,DOC104716,965.83,Despesa
2025-05-14,CLI0151,PRD0185,V029,CC10,FOR0030,DOC104717,25239.78,Despesa
2026-05-08,CLI0206,PRD0060,V030,CC07,,DOC104718,16290.71,Receita
2024-04-12,CLI0074,PRD0093,V019,CC04,FOR0067,DOC104719,24460.55,Despesa
2023-07-01,CLI0086,PRD0088,V026,CC03,FOR0066,DOC104720,18288.7,Despesa
2023-07-06,CLI0146,PRD0075,V023,CC07,FOR0092,DOC104721,29248.18,Despesa
2025-02-11,CLI0169,PRD0063,V021,CC02,FOR0037,DOC104722,6085.71,Despesa
2025-10-10,CLI0260,PRD0177,V009,CC04,,DOC104723,23324.42,Receita
2026-06-12,CLI0043,PRD0084,V007,CC04,FOR0057,DOC104724,8341.98,Despesa
2023-07-06,CLI0004,PRD0168,V015,CC10,FOR0092,DOC104725,9706.41,Despesa
2026-10-29,CLI0014,PRD0006,V007,CC07,,DOC104726,22491.52,Receita
2024-08-07,CLI0011,PRD0003,V015,CC02,FOR0075,DOC104727,16281.32,Despesa
2025-02-12,CLI0226,PRD0075,V002,CC01,FOR0016,DOC104728,6498.66,Despesa
2024-11-11,CLI0172,PRD0191,V026,CC05,FOR0018,DOC104729,22156.71,Despesa
2026-08-27,CLI0075,PRD0124,V029,CC02,,DOC104730,13624.93,Receita
2025-12-06,CLI0022,PRD0073,V007,CC04,FOR0034,DOC104731,1649.92,Despesa
2024-08-28,CLI0017,PRD0111,V020,CC04,FOR0027,DOC104732,29654.67,Despesa
2025-03-22,CLI0024,PRD0171,V003,CC10,FOR0035,DOC104733,13419.9,Despesa
2023-12-23,CLI0177,PRD0078,V030,CC02,,DOC104734,22635.98,Receita
2025-06-20,CLI0037,PRD0052,V004,CC03,FOR0087,DOC104735,12263.11,Despesa
2025-04-13,CLI0022,PRD0005,V029,CC10,FOR0054,DOC104736,13892.86,Despesa
2025-10-20,CLI0193,PRD0126,V018,CC02,,DOC104737,4614.58,Receita
2026-10-04,CLI0146,PRD0016,V001,CC07,,DOC104738,8135.34,Receita
2023-06-30,CLI0281,PRD0096,V003,CC01,,DOC104739,25085.96,Receita
2024-09-20,CLI0033,PRD0017,V021,CC03,FOR0054,DOC104740,15321.86,Despesa
2023-09-14,CLI0224,PRD0196,V023,CC01,FOR0087,DOC104741,23902.32,Despesa
2025-03-28,CLI0268,PRD0093,V016,CC06,,DOC104742,29074.24,Receita
2026-05-16,CLI0202,PRD0076,V010,CC10,FOR0045,DOC104743,12313.26,Despesa
2026-05-26,CLI0002,PRD0112,V028,CC08,,DOC104744,12761.68,Receita
2026-03-16,CLI0054,PRD0181,V013,CC04,,DOC104745,15987.01,Receita
2025-11-26,CLI0073,PRD0163,V027,CC07,FOR0060,DOC104746,11375.98,Despesa
2025-11-13,CLI0198,PRD0049,V018,CC07,,DOC104747,29716.75,Receita
2026-05-18,CLI0258,PRD0142,V029,CC03,FOR0083,DOC104748,750.23,Despesa
2026-03-08,CLI0078,PRD0026,V023,CC02,,DOC104749,8291.13,Receita
2025-10-09,CLI0149,PRD0133,V025,CC03,FOR0013,DOC104750,21053.47,Despesa
2025-09-27,CLI0100,PRD0110,V028,CC09,FOR0091,DOC104751,14576.96,Despesa
2025-01-25,CLI0212,PRD0197,V006,CC06,FOR0099,DOC104752,2700.75,Despesa
2025-03-16,CLI0289,PRD0115,V008,CC02,FOR0084,DOC104753,17829.65,Despesa
2025-05-08,CLI0114,PRD0167,V020,CC05,FOR0033,DOC104754,2999.31,Despesa
2024-03-20,CLI0222,PRD0101,V022,CC02,,DOC104755,27274.07,Receita
2025-09-07,CLI0145,PRD0053,V024,CC07,,DOC104756,26893.84,Receita
2025-03-11,CLI0272,PRD0107,V020,CC01,,DOC104757,5703.12,Receita
2025-08-30,CLI0148,PRD0015,V007,CC08,,DOC104758,11259.55,Receita
2025-07-28,CLI0078,PRD0187,V011,CC03,FOR0005,DOC104759,24341.21,Despesa
2023-01-10,CLI0237,PRD0025,V020,CC01,,DOC104760,26770.05,Receita
2025-11-24,CLI0176,PRD0066,V030,CC01,FOR0035,DOC104761,15891.68,Despesa
2024-11-22,CLI0055,PRD0140,V026,CC02,,DOC104762,4023.11,Receita
2026-03-28,CLI0148,PRD0085,V029,CC10,,DOC104763,8691.76,Receita
2025-06-24,CLI0232,PRD0103,V001,CC01,,DOC104764,22031.83,Receita
2024-07-18,CLI0125,PRD0078,V028,CC02,,DOC104765,22728.94,Receita
2025-05-20,CLI0238,PRD0155,V027,CC04,FOR0098,DOC104766,17875.88,Despesa
2023-09-18,CLI0279,PRD0194,V007,CC04,FOR0033,DOC104767,18351.47,Despesa
2026-01-02,CLI0216,PRD0166,V021,CC07,,DOC104768,19941.51,Receita
2023-12-11,CLI0224,PRD0030,V004,CC03,FOR0025,DOC104769,15405.29,Despesa
2025-11-18,CLI0231,PRD0008,V009,CC01,FOR0054,DOC104770,15980.66,Despesa
2024-04-10,CLI0136,PRD0065,V003,CC02,,DOC104771,29067.74,Receita
2025-10-17,CLI0230,PRD0110,V009,CC10,,DOC104772,8158.62,Receita
2023-07-21,CLI0220,PRD0055,V004,CC06,FOR0077,DOC104773,19349.06,Despesa
2026-04-16,CLI0215,PRD0177,V027,CC04,,DOC104774,14870.46,Receita
2025-12-31,CLI0292,PRD0023,V018,CC09,,DOC104775,10968.84,Receita
2023-07-04,CLI0143,PRD0093,V008,CC02,FOR0081,DOC104776,10275.46,Despesa
2025-11-04,CLI0164,PRD0050,V012,CC07,FOR0100,DOC104777,11910.65,Despesa
2023-07-24,CLI0012,PRD0117,V011,CC08,,DOC104778,28551.09,Receita
2024-11-28,CLI0067,PRD0125,V022,CC03,,DOC104779,29412.78,Receita
2023-05-30,CLI0136,PRD0150,V011,CC06,FOR0036,DOC104780,16729.72,Despesa
2024-06-03,CLI0273,PRD0190,V025,CC04,FOR0010,DOC104781,21912.16,Despesa
2025-06-19,CLI0063,PRD0130,V002,CC04,FOR0067,DOC104782,16040.05,Despesa
2024-09-06,CLI0058,PRD0097,V010,CC04,,DOC104783,1363.13,Receita
2025-01-06,CLI0006,PRD0049,V004,CC06,FOR0072,DOC104784,2817.16,Despesa
2024-03-06,CLI0139,PRD0186,V025,CC05,FOR0089,DOC104785,3221.53,Despesa
2025-12-05,CLI0218,PRD0200,V009,CC10,,DOC104786,15598.93,Receita
2025-04-26,CLI0103,PRD0075,V018,CC09,FOR0073,DOC104787,9649.44,Despesa
2024-02-24,CLI0248,PRD0057,V028,CC10,,DOC104788,17089.28,Receita
2024-08-08,CLI0284,PRD0168,V014,CC05,FOR0053,DOC104789,19693.23,Despesa
2026-09-20,CLI0298,PRD0120,V002,CC01,FOR0049,DOC104790,26527.34,Despesa
2025-05-03,CLI0170,PRD0169,V012,CC06,FOR0006,DOC104791,3795.31,Despesa
2025-03-26,CLI0249,PRD0072,V019,CC07,,DOC104792,16053.13,Receita
2025-02-16,CLI0109,PRD0015,V026,CC07,FOR0089,DOC104793,6518.01,Despesa
2026-05-12,CLI0024,PRD0161,V023,CC04,FOR0068,DOC104794,29414.48,Despesa
2026-08-09,CLI0162,PRD0068,V008,CC02,,DOC104795,12529.74,Receita
2024-02-10,CLI0138,PRD0001,V014,CC08,,DOC104796,18035.69,Receita
2025-07-22,CLI0239,PRD0082,V009,CC02,FOR0087,DOC104797,11520.02,Despesa
2023-08-13,CLI0268,PRD0033,V013,CC09,,DOC104798,4081.84,Receita
2024-05-29,CLI0221,PRD0163,V024,CC05,,DOC104799,5408.77,Receita
2024-06-04,CLI0032,PRD0169,V027,CC09,FOR0017,DOC104800,7513.95,Despesa
2023-12-21,CLI0216,PRD0081,V015,CC07,,DOC104801,12116.91,Receita
2024-04-04,CLI0264,PRD0146,V001,CC08,FOR0077,DOC104802,26791.7,Despesa
2023-01-09,CLI0244,PRD0131,V023,CC05,FOR0029,DOC104803,24080.25,Despesa
2026-01-02,CLI0110,PRD0117,V018,CC09,FOR0037,DOC104804,21087.39,Despesa
2023-05-13,CLI0186,PRD0097,V027,CC09,FOR0011,DOC104805,4771.95,Despesa
2024-08-08,CLI0177,PRD0016,V029,CC07,FOR0028,DOC104806,3775.6,Despesa
2026-07-01,CLI0177,PRD0189,V010,CC01,,DOC104807,11293.95,Receita
2025-07-02,CLI0213,PRD0165,V020,CC06,,DOC104808,1118.86,Receita
2024-11-29,CLI0274,PRD0038,V023,CC07,FOR0033,DOC104809,11920.88,Despesa
2023-01-30,CLI0294,PRD0190,V014,CC06,,DOC104810,17793.9,Receita
2024-08-10,CLI0248,PRD0050,V012,CC02,,DOC104811,3430.7,Receita
2023-11-04,CLI0157,PRD0103,V014,CC08,FOR0004,DOC104812,26748.8,Despesa
2025-01-03,CLI0178,PRD0154,V004,CC03,FOR0061,DOC104813,13382.33,Despesa
2024-06-17,CLI0033,PRD0015,V004,CC09,FOR0013,DOC104814,8972.53,Despesa
2023-10-22,CLI0165,PRD0071,V001,CC09,FOR0017,DOC104815,12059.21,Despesa
2024-09-20,CLI0134,PRD0050,V027,CC01,FOR0038,DOC104816,9626.51,Despesa
2023-12-22,CLI0273,PRD0122,V003,CC05,,DOC104817,14377.29,Receita
2025-05-30,CLI0034,PRD0180,V003,CC04,,DOC104818,24407.46,Receita
2025-03-25,CLI0299,PRD0175,V015,CC07,,DOC104819,22279.15,Receita
2023-06-05,CLI0214,PRD0175,V013,CC10,,DOC104820,16079.89,Receita
2026-01-28,CLI0300,PRD0012,V012,CC06,,DOC104821,16494.86,Receita
2023-02-17,CLI0146,PRD0125,V002,CC07,,DOC104822,22696.98,Receita
2026-03-12,CLI0263,PRD0027,V015,CC06,,DOC104823,5101.57,Receita
2026-01-23,CLI0052,PRD0035,V020,CC08,FOR0036,DOC104824,14180.32,Despesa
2023-12-28,CLI0242,PRD0145,V003,CC08,,DOC104825,23426.53,Receita
2023-09-13,CLI0239,PRD0018,V012,CC07,,DOC104826,13449.42,Receita
2026-01-27,CLI0094,PRD0126,V022,CC04,,DOC104827,9145.5,Receita
2024-09-28,CLI0008,PRD0154,V028,CC03,FOR0088,DOC104828,13860.72,Despesa
2024-10-26,CLI0135,PRD0071,V029,CC08,,DOC104829,12305.62,Receita
2023-05-20,CLI0291,PRD0103,V013,CC06,FOR0008,DOC104830,1521.33,Despesa
2026-06-17,CLI0097,PRD0125,V003,CC03,FOR0085,DOC104831,11794.92,Despesa
2023-03-18,CLI0127,PRD0172,V020,CC05,FOR0005,DOC104832,19461.52,Despesa
2025-10-29,CLI0298,PRD0007,V022,CC03,,DOC104833,3044.32,Receita
2024-03-25,CLI0009,PRD0009,V021,CC03,,DOC104834,339.41,Receita
2026-05-17,CLI0240,PRD0178,V003,CC08,,DOC104835,6961.56,Receita
2025-10-10,CLI0048,PRD0029,V012,CC04,FOR0052,DOC104836,11363.13,Despesa
2023-01-12,CLI0300,PRD0002,V001,CC04,,DOC104837,2779.04,Receita
2026-03-30,CLI0020,PRD0076,V029,CC01,,DOC104838,3904.8,Receita
2023-06-19,CLI0260,PRD0040,V023,CC07,FOR0063,DOC104839,11819.59,Despesa
2026-06-04,CLI0080,PRD0135,V008,CC02,,DOC104840,1333.71,Receita
2023-04-28,CLI0232,PRD0053,V030,CC01,,DOC104841,25713.41,Receita
2023-10-15,CLI0283,PRD0155,V001,CC04,FOR0021,DOC104842,2111.42,Despesa
2026-11-30,CLI0048,PRD0105,V023,CC06,FOR0066,DOC104843,12365.26,Despesa
2023-06-15,CLI0041,PRD0192,V017,CC02,FOR0019,DOC104844,14316.02,Despesa
2024-10-20,CLI0300,PRD0007,V009,CC06,FOR0031,DOC104845,1248.55,Despesa
2023-11-30,CLI0281,PRD0146,V005,CC03,,DOC104846,17669.96,Receita
2026-09-15,CLI0282,PRD0042,V002,CC07,FOR0090,DOC104847,20473.18,Despesa
2024-07-16,CLI0132,PRD0158,V019,CC04,FOR0041,DOC104848,10468.33,Despesa
2023-07-27,CLI0198,PRD0183,V014,CC02,,DOC104849,29182.45,Receita
2025-07-23,CLI0218,PRD0098,V001,CC02,,DOC104850,8343.0,Receita
2026-07-23,CLI0282,PRD0067,V014,CC06,,DOC104851,18561.59,Receita
2026-03-02,CLI0276,PRD0064,V006,CC03,FOR0098,DOC104852,5557.53,Despesa
2024-12-10,CLI0101,PRD0192,V017,CC10,FOR0059,DOC104853,15032.51,Despesa
2026-01-09,CLI0126,PRD0014,V025,CC10,FOR0096,DOC104854,1074.72,Despesa
2025-09-04,CLI0258,PRD0152,V006,CC02,,DOC104855,9178.07,Receita
2024-11-08,CLI0193,PRD0086,V009,CC07,,DOC104856,12411.1,Receita
2023-03-27,CLI0038,PRD0171,V002,CC06,FOR0014,DOC104857,27212.29,Despesa
2025-10-02,CLI0297,PRD0058,V001,CC08,FOR0017,DOC104858,23397.57,Despesa
2024-07-07,CLI0179,PRD0067,V001,CC02,,DOC104859,8675.86,Receita
2026-09-25,CLI0115,PRD0050,V010,CC09,FOR0054,DOC104860,23566.66,Despesa
2024-06-01,CLI0006,PRD0064,V017,CC06,,DOC104861,10531.18,Receita
2025-04-10,CLI0299,PRD0060,V006,CC06,FOR0078,DOC104862,26124.91,Despesa
2023-09-13,CLI0009,PRD0117,V025,CC04,FOR0075,DOC104863,18202.47,Despesa
2025-09-21,CLI0049,PRD0078,V019,CC02,,DOC104864,20288.45,Receita
2023-05-30,CLI0056,PRD0032,V027,CC10,FOR0001,DOC104865,28032.08,Despesa
2024-07-14,CLI0110,PRD0187,V001,CC04,FOR0029,DOC104866,12245.64,Despesa
2023-12-27,CLI0113,PRD0164,V008,CC04,FOR0018,DOC104867,21487.65,Despesa
2026-10-15,CLI0013,PRD0154,V008,CC10,,DOC104868,18343.7,Receita
2023-03-27,CLI0246,PRD0072,V005,CC05,,DOC104869,13412.23,Receita
2023-06-21,CLI0024,PRD0145,V014,CC08,,DOC104870,15011.46,Receita
2026-01-20,CLI0207,PRD0044,V028,CC09,,DOC104871,15420.93,Receita
2023-03-27,CLI0145,PRD0068,V002,CC04,FOR0050,DOC104872,23667.42,Despesa
2023-04-14,CLI0035,PRD0010,V025,CC01,FOR0071,DOC104873,9915.35,Despesa
2024-06-22,CLI0102,PRD0007,V024,CC05,FOR0009,DOC104874,11897.53,Despesa
2025-07-25,CLI0060,PRD0104,V022,CC06,FOR0010,DOC104875,27959.91,Despesa
2026-05-04,CLI0267,PRD0032,V027,CC01,,DOC104876,15947.77,Receita
2024-06-06,CLI0267,PRD0170,V023,CC01,,DOC104877,21548.6,Receita
2025-04-04,CLI0069,PRD0037,V025,CC07,,DOC104878,11561.82,Receita
2026-03-23,CLI0236,PRD0050,V003,CC08,,DOC104879,24800.38,Receita
2023-09-17,CLI0118,PRD0091,V015,CC03,FOR0041,DOC104880,3936.06,Despesa
2024-11-29,CLI0191,PRD0135,V022,CC05,FOR0059,DOC104881,12896.42,Despesa
2023-03-29,CLI0142,PRD0188,V028,CC01,,DOC104882,5804.12,Receita
2023-06-09,CLI0144,PRD0139,V023,CC05,,DOC104883,4617.21,Receita
2025-12-03,CLI0074,PRD0145,V011,CC10,,DOC104884,1639.32,Receita
2025-11-04,CLI0084,PRD0047,V014,CC07,FOR0050,DOC104885,21964.99,Despesa
2025-10-19,CLI0078,PRD0036,V004,CC07,,DOC104886,595.7,Receita
2025-07-31,CLI0078,PRD0051,V021,CC09,,DOC104887,6030.66,Receita
2025-06-24,CLI0220,PRD0105,V009,CC09,FOR0023,DOC104888,21652.36,Despesa
2023-08-25,CLI0265,PRD0162,V021,CC05,FOR0064,DOC104889,10890.06,Despesa
2024-01-26,CLI0211,PRD0099,V002,CC03,,DOC104890,21813.44,Receita
2024-01-27,CLI0005,PRD0151,V004,CC10,FOR0093,DOC104891,5708.29,Despesa
2024-04-28,CLI0118,PRD0092,V003,CC09,FOR0004,DOC104892,22740.63,Despesa
2023-10-04,CLI0133,PRD0112,V012,CC01,FOR0083,DOC104893,10836.48,Despesa
2025-04-05,CLI0292,PRD0055,V020,CC08,FOR0044,DOC104894,1617.52,Despesa
2026-07-30,CLI0074,PRD0068,V030,CC08,FOR0060,DOC104895,2164.61,Despesa
2025-10-04,CLI0202,PRD0114,V021,CC02,,DOC104896,2053.02,Receita
2025-01-20,CLI0111,PRD0157,V029,CC04,,DOC104897,20576.97,Receita
2024-05-19,CLI0077,PRD0019,V007,CC03,,DOC104898,13879.34,Receita
2025-02-12,CLI0293,PRD0092,V013,CC04,FOR0041,DOC104899,4086.05,Despesa
2024-05-23,CLI0055,PRD0003,V024,CC07,,DOC104900,27161.66,Receita
2026-02-16,CLI0017,PRD0139,V024,CC01,,DOC104901,14636.58,Receita
2025-12-18,CLI0020,PRD0124,V015,CC03,FOR0091,DOC104902,27119.69,Despesa
2024-05-01,CLI0228,PRD0092,V019,CC10,FOR0034,DOC104903,2208.54,Despesa
2025-04-10,CLI0237,PRD0164,V028,CC04,,DOC104904,13991.63,Receita
2023-05-25,CLI0003,PRD0119,V028,CC01,,DOC104905,22049.06,Receita
2025-05-30,CLI0063,PRD0034,V023,CC05,FOR0095,DOC104906,18560.25,Despesa
2025-03-26,CLI0212,PRD0174,V022,CC02,FOR0067,DOC104907,4281.65,Despesa
2024-10-17,CLI0041,PRD0178,V029,CC09,FOR0048,DOC104908,18245.72,Despesa
2025-09-15,CLI0231,PRD0009,V009,CC08,,DOC104909,9264.39,Receita
2024-06-18,CLI0097,PRD0167,V016,CC07,,DOC104910,16191.73,Receita
2024-04-27,CLI0080,PRD0076,V003,CC02,,DOC104911,20233.36,Receita
2025-09-15,CLI0014,PRD0069,V005,CC01,FOR0048,DOC104912,27884.99,Despesa
2024-11-03,CLI0230,PRD0195,V013,CC09,FOR0088,DOC104913,16751.3,Despesa
2026-10-04,CLI0089,PRD0051,V004,CC02,,DOC104914,8044.5,Receita
2026-10-25,CLI0059,PRD0061,V019,CC02,FOR0084,DOC104915,14226.39,Despesa
2023-01-17,CLI0024,PRD0077,V022,CC07,FOR0014,DOC104916,8407.29,Despesa
2024-03-03,CLI0107,PRD0012,V008,CC02,,DOC104917,15878.7,Receita
2024-07-07,CLI0015,PRD0047,V003,CC06,FOR0086,DOC104918,29907.14,Despesa
2026-11-22,CLI0001,PRD0095,V029,CC03,,DOC104919,18671.61,Receita
2024-12-25,CLI0169,PRD0135,V027,CC03,FOR0011,DOC104920,25914.53,Despesa
2025-05-20,CLI0300,PRD0092,V030,CC04,FOR0087,DOC104921,26625.86,Despesa
2025-06-16,CLI0037,PRD0141,V016,CC03,FOR0089,DOC104922,5932.02,Despesa
2026-08-29,CLI0163,PRD0162,V023,CC08,FOR0057,DOC104923,13587.97,Despesa
2023-05-05,CLI0121,PRD0083,V023,CC01,,DOC104924,1295.81,Receita
2026-06-08,CLI0023,PRD0095,V024,CC05,FOR0054,DOC104925,24566.13,Despesa
2024-11-22,CLI0045,PRD0033,V002,CC03,FOR0004,DOC104926,17544.39,Despesa
2026-12-17,CLI0235,PRD0056,V027,CC06,,DOC104927,1311.93,Receita
2024-05-24,CLI0162,PRD0182,V007,CC10,FOR0070,DOC104928,5744.52,Despesa
2024-03-23,CLI0111,PRD0058,V009,CC02,FOR0040,DOC104929,21390.01,Despesa
2026-04-05,CLI0143,PRD0175,V030,CC05,FOR0057,DOC104930,22696.82,Despesa
2025-02-13,CLI0194,PRD0171,V030,CC10,FOR0092,DOC104931,23713.0,Despesa
2023-03-20,CLI0040,PRD0196,V024,CC02,,DOC104932,25288.47,Receita
2026-08-13,CLI0236,PRD0167,V030,CC09,,DOC104933,29885.1,Receita
2025-04-19,CLI0043,PRD0031,V010,CC06,,DOC104934,6189.37,Receita
2026-01-22,CLI0024,PRD0155,V007,CC04,FOR0030,DOC104935,14083.84,Despesa
2026-01-20,CLI0033,PRD0049,V023,CC01,,DOC104936,20961.38,Receita
2023-05-26,CLI0229,PRD0048,V004,CC02,FOR0028,DOC104937,24099.0,Despesa
2026-11-28,CLI0090,PRD0159,V008,CC08,FOR0001,DOC104938,16708.01,Despesa
2026-09-07,CLI0242,PRD0196,V027,CC05,,DOC104939,12338.96,Receita
2024-07-23,CLI0172,PRD0088,V017,CC03,,DOC104940,9083.3,Receita
2024-06-07,CLI0297,PRD0094,V012,CC09,FOR0010,DOC104941,15753.16,Despesa
2025-01-08,CLI0131,PRD0120,V022,CC03,,DOC104942,23332.72,Receita
2026-06-29,CLI0173,PRD0076,V004,CC02,FOR0050,DOC104943,27885.68,Despesa
2023-06-27,CLI0135,PRD0154,V027,CC06,FOR0024,DOC104944,20301.21,Despesa
2025-08-27,CLI0166,PRD0157,V010,CC02,FOR0076,DOC104945,29364.9,Despesa
2024-08-31,CLI0024,PRD0180,V006,CC07,FOR0067,DOC104946,14710.52,Despesa
2023-07-05,CLI0061,PRD0064,V027,CC10,FOR0003,DOC104947,2813.47,Despesa
2026-05-18,CLI0061,PRD0118,V002,CC03,,DOC104948,20362.95,Receita
2023-09-10,CLI0031,PRD0063,V017,CC10,,DOC104949,13867.09,Receita
2023-02-07,CLI0135,PRD0162,V026,CC01,FOR0091,DOC104950,29625.01,Despesa
2026-01-31,CLI0174,PRD0174,V006,CC01,FOR0053,DOC104951,17564.52,Despesa
2026-03-16,CLI0059,PRD0191,V025,CC09,,DOC104952,6353.23,Receita
2025-02-07,CLI0188,PRD0172,V029,CC07,,DOC104953,3399.98,Receita
2026-10-12,CLI0280,PRD0076,V027,CC01,FOR0003,DOC104954,20315.55,Despesa
2025-05-28,CLI0241,PRD0102,V003,CC10,FOR0072,DOC104955,5233.28,Despesa
2026-01-02,CLI0243,PRD0079,V002,CC03,,DOC104956,1149.2,Receita
2026-12-11,CLI0078,PRD0005,V010,CC09,FOR0034,DOC104957,15647.82,Despesa
2023-04-27,CLI0206,PRD0010,V001,CC03,FOR0019,DOC104958,24245.35,Despesa
2023-08-01,CLI0108,PRD0187,V003,CC07,FOR0033,DOC104959,25064.74,Despesa
2025-07-13,CLI0123,PRD0195,V018,CC03,FOR0039,DOC104960,18504.75,Despesa
2024-07-29,CLI0013,PRD0193,V019,CC03,FOR0071,DOC104961,18956.21,Despesa
2024-12-29,CLI0121,PRD0060,V018,CC01,,DOC104962,4420.98,Receita
2023-11-14,CLI0162,PRD0014,V015,CC03,,DOC104963,9096.67,Receita
2024-05-20,CLI0081,PRD0154,V011,CC01,,DOC104964,26745.34,Receita
2026-01-27,CLI0038,PRD0124,V013,CC02,FOR0030,DOC104965,15210.4,Despesa
2026-04-03,CLI0120,PRD0046,V030,CC05,,DOC104966,11803.01,Receita
2026-06-25,CLI0170,PRD0040,V022,CC09,,DOC104967,29641.89,Receita
2025-10-28,CLI0043,PRD0122,V009,CC03,FOR0082,DOC104968,12619.83,Despesa
2023-06-23,CLI0148,PRD0070,V030,CC10,FOR0070,DOC104969,6006.95,Despesa
2023-10-08,CLI0295,PRD0063,V010,CC01,,DOC104970,8149.02,Receita
2024-03-30,CLI0153,PRD0049,V011,CC09,FOR0047,DOC104971,8106.32,Despesa
2026-01-23,CLI0103,PRD0049,V021,CC10,FOR0006,DOC104972,21035.03,Despesa
2024-06-21,CLI0058,PRD0165,V021,CC08,,DOC104973,28063.65,Receita
2023-12-16,CLI0148,PRD0072,V009,CC02,FOR0038,DOC104974,747.38,Despesa
2026-09-05,CLI0129,PRD0090,V004,CC06,FOR0085,DOC104975,26441.74,Despesa
2025-12-28,CLI0293,PRD0148,V030,CC03,FOR0080,DOC104976,20866.11,Despesa
2024-09-03,CLI0013,PRD0152,V008,CC05,,DOC104977,16864.47,Receita
2026-06-18,CLI0152,PRD0061,V005,CC04,FOR0044,DOC104978,14716.31,Despesa
2026-09-29,CLI0196,PRD0018,V025,CC08,FOR0063,DOC104979,28441.91,Despesa
2025-04-29,CLI0142,PRD0146,V008,CC03,FOR0037,DOC104980,29539.61,Despesa
2024-02-14,CLI0064,PRD0006,V024,CC01,FOR0056,DOC104981,793.59,Despesa
2024-01-01,CLI0184,PRD0088,V010,CC09,,DOC104982,5795.71,Receita
2026-09-10,CLI0281,PRD0199,V019,CC02,FOR0094,DOC104983,12736.51,Despesa
2025-11-04,CLI0160,PRD0192,V020,CC08,FOR0003,DOC104984,16081.51,Despesa
2023-02-12,CLI0259,PRD0153,V026,CC06,FOR0071,DOC104985,7571.78,Despesa
2026-09-17,CLI0032,PRD0033,V008,CC01,FOR0038,DOC104986,4048.31,Despesa
2023-05-31,CLI0040,PRD0183,V010,CC04,FOR0091,DOC104987,7506.37,Despesa
2024-12-12,CLI0198,PRD0174,V004,CC07,FOR0008,DOC104988,19954.02,Despesa
2023-06-28,CLI0089,PRD0174,V025,CC10,FOR0044,DOC104989,25237.6,Despesa
2023-10-28,CLI0080,PRD0043,V029,CC01,,DOC104990,13170.58,Receita
2024-05-10,CLI0144,PRD0171,V008,CC10,FOR0004,DOC104991,25393.15,Despesa
2024-01-21,CLI0108,PRD0084,V008,CC08,,DOC104992,27352.14,Receita
2023-07-12,CLI0131,PRD0173,V024,CC10,FOR0066,DOC104993,24480.65,Despesa
2025-02-16,CLI0122,PRD0032,V013,CC05,FOR0029,DOC104994,28680.16,Despesa
2026-03-17,CLI0266,PRD0163,V020,CC02,,DOC104995,14202.5,Receita
2026-12-21,CLI0036,PRD0197,V027,CC10,,DOC104996,13144.19,Receita
2026-03-23,CLI0130,PRD0146,V009,CC04,FOR0084,DOC104997,21174.11,Despesa
2023-03-08,CLI0014,PRD0157,V005,CC02,FOR0087,DOC104998,1190.2,Despesa
2026-04-06,CLI0107,PRD0091,V007,CC05,,DOC104999,28705.39,Receita
2024-08-20,CLI0281,PRD0095,V007,CC10,,DOC105000,24552.16,Receita
2024-07-05,CLI0212,PRD0193,V016,CC06,FOR0057,DOC105001,17831.87,Despesa
2025-06-21,CLI0108,PRD0113,V011,CC05,,DOC105002,18276.49,Receita
2026-03-13,CLI0020,PRD0012,V027,CC05,FOR0002,DOC105003,5946.72,Despesa
2026-12-17,CLI0102,PRD0184,V015,CC10,FOR0080,DOC105004,21281.2,Despesa
2025-01-08,CLI0183,PRD0125,V023,CC08,FOR0084,DOC105005,11080.82,Despesa
2026-05-09,CLI0130,PRD0195,V011,CC06,,DOC105006,18465.4,Receita
2026-07-16,CLI0204,PRD0086,V014,CC10,FOR0021,DOC105007,13049.13,Despesa
2023-12-27,CLI0004,PRD0132,V011,CC06,,DOC105008,23912.7,Receita
2023-10-15,CLI0204,PRD0011,V011,CC09,,DOC105009,19960.08,Receita
2026-12-31,CLI0026,PRD0081,V007,CC04,,DOC105010,12757.45,Receita
2024-12-27,CLI0071,PRD0041,V009,CC01,,DOC105011,24559.94,Receita
2024-12-14,CLI0149,PRD0073,V010,CC06,FOR0040,DOC105012,3370.88,Despesa
2023-06-09,CLI0235,PRD0106,V019,CC01,FOR0052,DOC105013,10074.3,Despesa
2024-02-02,CLI0250,PRD0068,V029,CC04,FOR0040,DOC105014,6513.44,Despesa
2026-01-04,CLI0064,PRD0020,V015,CC09,FOR0096,DOC105015,19511.49,Despesa
2024-11-16,CLI0094,PRD0165,V013,CC01,FOR0047,DOC105016,25923.04,Despesa
2024-10-30,CLI0025,PRD0185,V004,CC02,FOR0024,DOC105017,16639.22,Despesa
2025-07-25,CLI0297,PRD0164,V002,CC10,FOR0070,DOC105018,22088.26,Despesa
2024-05-22,CLI0252,PRD0068,V028,CC06,FOR0098,DOC105019,19937.75,Despesa
2025-10-02,CLI0258,PRD0169,V002,CC01,FOR0031,DOC105020,6895.33,Despesa
2025-04-25,CLI0125,PRD0160,V007,CC05,FOR0042,DOC105021,7915.43,Despesa
2024-06-25,CLI0169,PRD0079,V004,CC10,FOR0030,DOC105022,25684.64,Despesa
2023-03-02,CLI0051,PRD0061,V009,CC09,,DOC105023,20270.97,Receita
2025-12-23,CLI0249,PRD0072,V007,CC02,,DOC105024,4658.71,Receita
2024-11-26,CLI0004,PRD0186,V012,CC06,,DOC105025,1498.82,Receita
2024-03-12,CLI0282,PRD0102,V018,CC01,FOR0047,DOC105026,19716.25,Despesa
2026-08-06,CLI0277,PRD0042,V007,CC07,,DOC105027,28657.59,Receita
2023-08-06,CLI0167,PRD0145,V016,CC10,,DOC105028,24846.17,Receita
2024-05-19,CLI0045,PRD0171,V013,CC04,FOR0069,DOC105029,25510.32,Despesa
2026-08-13,CLI0106,PRD0053,V007,CC09,,DOC105030,807.41,Receita
2026-08-31,CLI0090,PRD0174,V018,CC03,,DOC105031,23304.77,Receita
2023-05-20,CLI0140,PRD0170,V004,CC04,FOR0077,DOC105032,8041.58,Despesa
2023-12-02,CLI0126,PRD0028,V004,CC02,FOR0034,DOC105033,7234.77,Despesa
2025-03-25,CLI0041,PRD0096,V019,CC10,FOR0018,DOC105034,28795.3,Despesa
2025-05-07,CLI0063,PRD0008,V026,CC10,,DOC105035,19158.67,Receita
2026-07-14,CLI0157,PRD0194,V018,CC03,,DOC105036,15948.47,Receita
2025-10-23,CLI0082,PRD0173,V026,CC07,,DOC105037,15050.92,Receita
2025-11-23,CLI0186,PRD0083,V027,CC04,,DOC105038,3761.3,Receita
2025-05-08,CLI0055,PRD0047,V018,CC03,FOR0035,DOC105039,13026.06,Despesa
2026-09-26,CLI0105,PRD0105,V008,CC02,FOR0031,DOC105040,29087.88,Despesa
2025-10-15,CLI0001,PRD0113,V012,CC02,FOR0092,DOC105041,10213.82,Despesa
2025-03-20,CLI0120,PRD0121,V016,CC02,FOR0039,DOC105042,20682.27,Despesa
2026-08-25,CLI0161,PRD0066,V022,CC09,,DOC105043,1061.84,Receita
2026-05-17,CLI0248,PRD0015,V006,CC08,,DOC105044,8259.77,Receita
2024-06-29,CLI0136,PRD0187,V009,CC04,,DOC105045,22740.53,Receita
2024-07-30,CLI0245,PRD0169,V028,CC09,,DOC105046,10119.11,Receita
2026-06-22,CLI0182,PRD0126,V007,CC08,FOR0022,DOC105047,6834.56,Despesa
2025-01-12,CLI0199,PRD0091,V017,CC08,,DOC105048,21296.57,Receita
2026-09-06,CLI0184,PRD0191,V020,CC05,FOR0097,DOC105049,21868.34,Despesa
2026-02-08,CLI0013,PRD0024,V014,CC10,FOR0002,DOC105050,14037.97,Despesa
2026-08-06,CLI0222,PRD0106,V028,CC04,,DOC105051,17247.14,Receita
2023-05-07,CLI0219,PRD0006,V001,CC05,FOR0078,DOC105052,7065.86,Despesa
2023-09-15,CLI0234,PRD0200,V005,CC09,,DOC105053,3475.98,Receita
2024-08-04,CLI0124,PRD0073,V009,CC03,,DOC105054,1605.65,Receita
2025-07-16,CLI0057,PRD0042,V027,CC03,,DOC105055,949.96,Receita
2023-10-05,CLI0120,PRD0025,V021,CC02,,DOC105056,27128.87,Receita
2024-01-09,CLI0167,PRD0157,V012,CC04,FOR0033,DOC105057,22859.66,Despesa
2024-09-29,CLI0102,PRD0196,V024,CC06,,DOC105058,347.08,Receita
2025-02-16,CLI0248,PRD0192,V025,CC03,FOR0003,DOC105059,1756.37,Despesa
2025-01-08,CLI0065,PRD0074,V020,CC06,FOR0077,DOC105060,15263.67,Despesa
2025-05-22,CLI0214,PRD0147,V030,CC04,FOR0003,DOC105061,5941.76,Despesa
2025-06-17,CLI0206,PRD0017,V027,CC01,FOR0057,DOC105062,1454.81,Despesa
2025-06-01,CLI0114,PRD0124,V029,CC10,FOR0027,DOC105063,15902.81,Despesa
2026-09-29,CLI0286,PRD0024,V018,CC04,FOR0069,DOC105064,15825.06,Despesa
2023-12-05,CLI0098,PRD0104,V016,CC08,,DOC105065,26207.93,Receita
2025-01-09,CLI0127,PRD0168,V007,CC08,,DOC105066,2011.01,Receita
2025-02-18,CLI0249,PRD0166,V008,CC02,FOR0006,DOC105067,596.98,Despesa
2024-04-20,CLI0076,PRD0126,V006,CC08,,DOC105068,27185.67,Receita
2024-07-19,CLI0220,PRD0058,V019,CC02,,DOC105069,7685.76,Receita
2023-02-01,CLI0030,PRD0016,V028,CC01,,DOC105070,27063.85,Receita
2025-03-19,CLI0219,PRD0168,V015,CC05,,DOC105071,29643.83,Receita
2024-05-08,CLI0057,PRD0087,V030,CC07,,DOC105072,29849.61,Receita
2025-02-21,CLI0222,PRD0158,V003,CC01,FOR0037,DOC105073,18478.76,Despesa
2026-02-12,CLI0288,PRD0169,V014,CC06,FOR0033,DOC105074,868.57,Despesa
2026-03-03,CLI0100,PRD0143,V010,CC04,,DOC105075,15347.97,Receita
2026-10-22,CLI0123,PRD0117,V027,CC08,FOR0092,DOC105076,28775.16,Despesa
2025-03-07,CLI0088,PRD0173,V022,CC03,FOR0035,DOC105077,20184.38,Despesa
2025-06-20,CLI0050,PRD0188,V011,CC03,,DOC105078,19303.8,Receita
2024-12-15,CLI0193,PRD0148,V026,CC08,,DOC105079,17262.79,Receita
2023-03-27,CLI0213,PRD0136,V013,CC01,FOR0079,DOC105080,2253.32,Despesa
2024-10-29,CLI0016,PRD0184,V012,CC05,FOR0038,DOC105081,26051.6,Despesa
2024-12-17,CLI0045,PRD0162,V017,CC01,FOR0086,DOC105082,19021.4,Despesa
2024-07-26,CLI0249,PRD0138,V013,CC07,,DOC105083,4075.65,Receita
2025-05-11,CLI0215,PRD0183,V021,CC04,FOR0095,DOC105084,18389.63,Despesa
2025-05-09,CLI0280,PRD0198,V019,CC09,FOR0034,DOC105085,8412.29,Despesa
2024-12-02,CLI0009,PRD0087,V008,CC06,,DOC105086,20068.46,Receita
2026-01-14,CLI0214,PRD0175,V008,CC06,FOR0059,DOC105087,4751.32,Despesa
2025-06-27,CLI0067,PRD0077,V022,CC08,,DOC105088,3910.17,Receita
2025-03-24,CLI0003,PRD0178,V011,CC07,FOR0080,DOC105089,9165.42,Despesa
2024-06-16,CLI0163,PRD0033,V026,CC04,,DOC105090,14800.82,Receita
2024-11-04,CLI0225,PRD0181,V023,CC07,FOR0037,DOC105091,27416.91,Despesa
2024-03-16,CLI0280,PRD0135,V022,CC06,,DOC105092,15964.95,Receita
2023-11-13,CLI0219,PRD0005,V008,CC06,,DOC105093,23501.63,Receita
2026-02-11,CLI0115,PRD0116,V026,CC08,FOR0055,DOC105094,15682.79,Despesa
2023-04-23,CLI0283,PRD0016,V011,CC05,,DOC105095,5091.16,Receita
2024-09-10,CLI0162,PRD0093,V017,CC06,,DOC105096,13698.91,Receita
2024-07-08,CLI0244,PRD0153,V009,CC09,FOR0020,DOC105097,13042.65,Despesa
2024-02-12,CLI0047,PRD0170,V013,CC04,,DOC105098,24403.31,Receita
2024-09-11,CLI0283,PRD0194,V022,CC09,FOR0048,DOC105099,29261.4,Despesa
2023-02-21,CLI0089,PRD0020,V022,CC09,FOR0063,DOC105100,15075.28,Despesa
2024-08-06,CLI0151,PRD0176,V007,CC04,FOR0043,DOC105101,23406.84,Despesa
2025-12-16,CLI0095,PRD0021,V013,CC02,FOR0036,DOC105102,12000.73,Despesa
2023-11-05,CLI0015,PRD0110,V002,CC01,,DOC105103,12336.57,Receita
2024-07-12,CLI0014,PRD0037,V012,CC08,FOR0021,DOC105104,8561.33,Despesa
2025-05-07,CLI0035,PRD0084,V007,CC08,FOR0088,DOC105105,9511.32,Despesa
2026-05-01,CLI0142,PRD0091,V018,CC01,FOR0019,DOC105106,29159.22,Despesa
2023-05-25,CLI0145,PRD0109,V025,CC07,,DOC105107,14683.98,Receita
2024-12-09,CLI0113,PRD0102,V010,CC05,FOR0010,DOC105108,13606.27,Despesa
2024-05-22,CLI0221,PRD0192,V025,CC03,,DOC105109,3218.52,Receita
2024-09-13,CLI0142,PRD0177,V018,CC09,,DOC105110,938.32,Receita
2023-07-16,CLI0200,PRD0026,V010,CC08,,DOC105111,16450.08,Receita
2024-10-23,CLI0278,PRD0172,V030,CC07,FOR0080,DOC105112,22174.09,Despesa
2026-07-04,CLI0137,PRD0068,V010,CC03,FOR0095,DOC105113,27974.44,Despesa
2024-03-19,CLI0247,PRD0014,V027,CC01,FOR0032,DOC105114,6111.56,Despesa
2024-08-04,CLI0284,PRD0015,V024,CC05,FOR0063,DOC105115,9923.75,Despesa
2026-06-29,CLI0166,PRD0066,V027,CC07,FOR0057,DOC105116,16215.79,Despesa
2023-02-24,CLI0014,PRD0054,V017,CC06,FOR0001,DOC105117,18432.68,Despesa
2023-08-09,CLI0213,PRD0182,V011,CC02,FOR0079,DOC105118,26145.97,Despesa
2026-08-29,CLI0284,PRD0104,V026,CC04,,DOC105119,6957.59,Receita
2023-12-18,CLI0009,PRD0146,V028,CC08,,DOC105120,13967.17,Receita
2026-09-20,CLI0280,PRD0200,V024,CC07,FOR0066,DOC105121,15871.59,Despesa
2023-10-01,CLI0171,PRD0188,V014,CC06,FOR0042,DOC105122,23020.64,Despesa
2026-01-07,CLI0215,PRD0009,V025,CC08,,DOC105123,17331.96,Receita
2025-04-29,CLI0097,PRD0145,V004,CC08,FOR0076,DOC105124,13888.42,Despesa
2026-06-12,CLI0094,PRD0098,V002,CC03,,DOC105125,3271.65,Receita
2024-09-21,CLI0245,PRD0070,V020,CC05,FOR0037,DOC105126,23086.01,Despesa
2024-04-28,CLI0137,PRD0004,V020,CC10,,DOC105127,15555.33,Receita
2026-03-01,CLI0237,PRD0127,V025,CC01,FOR0047,DOC105128,22990.39,Despesa
2026-06-30,CLI0164,PRD0019,V006,CC03,FOR0047,DOC105129,27155.1,Despesa
2026-12-26,CLI0053,PRD0088,V023,CC06,FOR0024,DOC105130,18417.68,Despesa
2023-07-16,CLI0236,PRD0142,V002,CC05,FOR0062,DOC105131,8693.05,Despesa
2025-03-31,CLI0273,PRD0044,V008,CC08,,DOC105132,24005.67,Receita
2025-03-28,CLI0164,PRD0089,V009,CC08,FOR0059,DOC105133,25093.76,Despesa
2024-03-21,CLI0075,PRD0100,V005,CC06,FOR0007,DOC105134,8233.0,Despesa
2026-08-05,CLI0065,PRD0057,V007,CC07,FOR0012,DOC105135,19591.68,Despesa
2024-01-13,CLI0119,PRD0010,V023,CC06,,DOC105136,26955.96,Receita
2026-06-24,CLI0191,PRD0142,V020,CC09,FOR0012,DOC105137,21183.56,Despesa
2024-11-25,CLI0035,PRD0130,V015,CC01,FOR0084,DOC105138,21143.98,Despesa
2024-11-13,CLI0116,PRD0100,V011,CC07,FOR0071,DOC105139,28544.23,Despesa
2025-09-14,CLI0091,PRD0006,V002,CC05,FOR0026,DOC105140,17151.34,Despesa
2026-02-04,CLI0008,PRD0040,V006,CC04,,DOC105141,25322.51,Receita
2025-08-28,CLI0263,PRD0067,V008,CC07,,DOC105142,16724.05,Receita
2026-07-23,CLI0209,PRD0174,V002,CC04,FOR0006,DOC105143,22598.07,Despesa
2026-01-31,CLI0134,PRD0100,V026,CC02,,DOC105144,19408.87,Receita
2023-08-10,CLI0192,PRD0036,V023,CC02,,DOC105145,19144.06,Receita
2025-12-14,CLI0175,PRD0152,V017,CC09,FOR0068,DOC105146,23245.63,Despesa
2024-12-01,CLI0193,PRD0195,V001,CC01,,DOC105147,4846.39,Receita
2025-01-04,CLI0053,PRD0199,V012,CC10,,DOC105148,11011.91,Receita
2025-12-05,CLI0155,PRD0162,V020,CC03,FOR0008,DOC105149,18344.44,Despesa
2024-03-19,CLI0006,PRD0141,V015,CC09,,DOC105150,373.81,Receita
2025-01-14,CLI0082,PRD0101,V002,CC05,FOR0062,DOC105151,27012.47,Despesa
2023-09-22,CLI0020,PRD0134,V013,CC01,,DOC105152,4250.04,Receita
2025-10-08,CLI0120,PRD0164,V003,CC10,,DOC105153,29810.89,Receita
2026-10-04,CLI0259,PRD0039,V009,CC04,FOR0055,DOC105154,26841.0,Despesa
2023-08-05,CLI0058,PRD0181,V019,CC05,FOR0085,DOC105155,19486.33,Despesa
2026-12-15,CLI0011,PRD0195,V006,CC09,,DOC105156,3916.99,Receita
2026-09-29,CLI0240,PRD0080,V019,CC03,,DOC105157,4427.58,Receita
2026-09-16,CLI0118,PRD0054,V010,CC09,FOR0011,DOC105158,26877.8,Despesa
2024-08-19,CLI0066,PRD0105,V015,CC09,FOR0093,DOC105159,22189.98,Despesa
2026-09-14,CLI0243,PRD0034,V014,CC05,,DOC105160,8779.19,Receita
2026-04-05,CLI0079,PRD0179,V003,CC04,FOR0068,DOC105161,27459.85,Despesa
2026-05-01,CLI0035,PRD0178,V004,CC07,,DOC105162,10401.69,Receita
2024-06-08,CLI0126,PRD0101,V005,CC10,FOR0007,DOC105163,16765.97,Despesa
2024-03-01,CLI0112,PRD0182,V003,CC05,,DOC105164,2247.3,Receita
2025-02-28,CLI0028,PRD0086,V020,CC02,FOR0083,DOC105165,8631.56,Despesa
2023-03-01,CLI0232,PRD0178,V003,CC01,,DOC105166,3252.22,Receita
2025-06-18,CLI0234,PRD0011,V029,CC07,FOR0061,DOC105167,12588.08,Despesa
2026-09-17,CLI0201,PRD0053,V005,CC06,FOR0005,DOC105168,13175.6,Despesa
2023-12-14,CLI0291,PRD0004,V002,CC06,,DOC105169,28425.11,Receita
2023-11-07,CLI0125,PRD0051,V001,CC01,FOR0069,DOC105170,1573.26,Despesa
2026-05-06,CLI0099,PRD0176,V008,CC08,FOR0064,DOC105171,15678.6,Despesa
2024-10-10,CLI0118,PRD0055,V028,CC06,FOR0002,DOC105172,13541.61,Despesa
2023-06-28,CLI0096,PRD0190,V012,CC09,FOR0022,DOC105173,25177.46,Despesa
2023-06-27,CLI0113,PRD0049,V009,CC07,,DOC105174,28357.88,Receita
2024-06-29,CLI0174,PRD0127,V028,CC04,FOR0093,DOC105175,19179.17,Despesa
2026-10-30,CLI0145,PRD0037,V030,CC03,,DOC105176,980.42,Receita
2024-10-27,CLI0211,PRD0062,V022,CC07,FOR0099,DOC105177,11451.12,Despesa
2026-09-11,CLI0027,PRD0183,V023,CC05,FOR0091,DOC105178,16593.54,Despesa
2023-04-05,CLI0106,PRD0010,V008,CC09,FOR0079,DOC105179,6446.76,Despesa
2023-08-24,CLI0127,PRD0058,V017,CC04,FOR0005,DOC105180,14127.48,Despesa
2026-11-12,CLI0097,PRD0159,V006,CC09,FOR0048,DOC105181,4950.99,Despesa
2026-09-02,CLI0163,PRD0095,V020,CC10,FOR0072,DOC105182,26573.66,Despesa
2023-11-26,CLI0135,PRD0173,V025,CC02,FOR0074,DOC105183,5915.1,Despesa
2026-01-25,CLI0075,PRD0014,V011,CC06,FOR0096,DOC105184,15796.23,Despesa
2026-01-29,CLI0175,PRD0194,V019,CC07,FOR0087,DOC105185,18942.07,Despesa
2025-08-16,CLI0270,PRD0178,V006,CC02,FOR0087,DOC105186,7948.06,Despesa
2026-07-03,CLI0169,PRD0059,V011,CC03,,DOC105187,24488.09,Receita
2026-11-23,CLI0148,PRD0023,V013,CC07,,DOC105188,11190.07,Receita
2024-02-15,CLI0260,PRD0170,V012,CC07,FOR0030,DOC105189,6940.49,Despesa
2026-12-18,CLI0002,PRD0146,V030,CC02,FOR0071,DOC105190,28882.86,Despesa
2026-11-02,CLI0266,PRD0102,V005,CC06,,DOC105191,21222.64,Receita
2025-05-03,CLI0199,PRD0169,V026,CC09,FOR0055,DOC105192,23393.79,Despesa
2023-11-22,CLI0282,PRD0036,V019,CC02,FOR0065,DOC105193,6286.7,Despesa
2026-07-27,CLI0199,PRD0171,V007,CC10,FOR0033,DOC105194,29704.68,Despesa
2023-07-14,CLI0173,PRD0170,V022,CC04,FOR0085,DOC105195,10682.25,Despesa
2026-02-15,CLI0140,PRD0193,V009,CC09,,DOC105196,21995.41,Receita
2026-07-28,CLI0254,PRD0059,V027,CC08,,DOC105197,3456.76,Receita
2024-09-08,CLI0089,PRD0070,V030,CC05,,DOC105198,8058.74,Receita
2024-05-05,CLI0283,PRD0118,V028,CC07,FOR0067,DOC105199,28800.85,Despesa
2025-03-02,CLI0015,PRD0061,V020,CC02,FOR0048,DOC105200,15814.53,Despesa
2026-08-05,CLI0212,PRD0035,V029,CC02,FOR0034,DOC105201,9320.85,Despesa
2024-09-21,CLI0133,PRD0132,V009,CC01,,DOC105202,23791.86,Receita
2024-06-06,CLI0006,PRD0137,V021,CC10,FOR0045,DOC105203,17282.91,Despesa
2023-12-13,CLI0204,PRD0048,V025,CC03,,DOC105204,15894.52,Receita
2024-07-27,CLI0019,PRD0015,V015,CC06,FOR0046,DOC105205,11595.99,Despesa
2024-04-06,CLI0023,PRD0077,V014,CC05,,DOC105206,23076.58,Receita
2026-03-12,CLI0002,PRD0155,V025,CC03,FOR0020,DOC105207,18563.94,Despesa
2023-06-14,CLI0179,PRD0090,V012,CC01,,DOC105208,26926.61,Receita
2023-12-27,CLI0230,PRD0116,V026,CC03,FOR0051,DOC105209,9704.73,Despesa
2025-12-30,CLI0267,PRD0178,V014,CC09,,DOC105210,9182.68,Receita
2026-10-14,CLI0134,PRD0139,V029,CC09,,DOC105211,14402.57,Receita
2023-08-05,CLI0071,PRD0017,V008,CC10,FOR0015,DOC105212,24623.9,Despesa
2023-02-14,CLI0268,PRD0021,V006,CC09,FOR0023,DOC105213,23249.88,Despesa
2026-02-20,CLI0011,PRD0036,V028,CC05,FOR0058,DOC105214,27708.06,Despesa
2026-01-15,CLI0211,PRD0024,V001,CC09,,DOC105215,11975.22,Receita
2026-03-02,CLI0059,PRD0089,V022,CC10,FOR0022,DOC105216,21387.33,Despesa
2023-05-29,CLI0072,PRD0070,V027,CC09,,DOC105217,13636.91,Receita
2026-10-22,CLI0036,PRD0104,V009,CC03,FOR0002,DOC105218,22615.33,Despesa
2024-05-31,CLI0056,PRD0190,V014,CC03,FOR0035,DOC105219,2035.67,Despesa
2025-04-04,CLI0286,PRD0014,V011,CC02,,DOC105220,29373.51,Receita
2025-01-06,CLI0039,PRD0147,V029,CC04,,DOC105221,8792.12,Receita
2023-02-09,CLI0022,PRD0037,V014,CC06,FOR0016,DOC105222,1160.51,Despesa
2024-07-17,CLI0245,PRD0015,V015,CC09,FOR0002,DOC105223,29339.98,Despesa
2023-06-09,CLI0123,PRD0186,V018,CC10,FOR0017,DOC105224,6513.79,Despesa
2023-11-30,CLI0035,PRD0149,V004,CC03,,DOC105225,9581.47,Receita
2024-05-30,CLI0116,PRD0017,V016,CC07,FOR0058,DOC105226,25420.52,Despesa
2024-03-11,CLI0050,PRD0015,V027,CC02,,DOC105227,11773.8,Receita
2026-12-06,CLI0025,PRD0018,V018,CC09,FOR0028,DOC105228,3727.46,Despesa
2025-12-31,CLI0241,PRD0018,V018,CC07,,DOC105229,24017.48,Receita
2026-03-10,CLI0015,PRD0132,V026,CC07,,DOC105230,5912.53,Receita
2026-02-27,CLI0090,PRD0070,V004,CC04,FOR0084,DOC105231,782.35,Despesa
2026-10-29,CLI0007,PRD0154,V010,CC01,,DOC105232,17485.13,Receita
2024-05-20,CLI0249,PRD0015,V029,CC05,,DOC105233,1904.23,Receita
2025-07-14,CLI0139,PRD0091,V012,CC08,,DOC105234,29681.46,Receita
2024-09-19,CLI0111,PRD0031,V018,CC10,FOR0025,DOC105235,20427.48,Despesa
2024-03-04,CLI0100,PRD0046,V001,CC03,,DOC105236,19875.79,Receita
2026-04-01,CLI0089,PRD0043,V015,CC05,FOR0034,DOC105237,23638.56,Despesa
2026-10-19,CLI0283,PRD0033,V016,CC05,FOR0013,DOC105238,18511.54,Despesa
2026-05-26,CLI0052,PRD0041,V011,CC08,,DOC105239,27914.95,Receita
2024-11-26,CLI0254,PRD0009,V030,CC02,,DOC105240,13165.2,Receita
2026-10-11,CLI0256,PRD0135,V025,CC08,,DOC105241,18985.11,Receita
2023-06-14,CLI0046,PRD0091,V008,CC01,FOR0033,DOC105242,29199.65,Despesa
2024-06-19,CLI0049,PRD0191,V003,CC06,FOR0006,DOC105243,146.33,Despesa
2025-05-09,CLI0040,PRD0043,V027,CC08,FOR0079,DOC105244,25200.64,Despesa
2026-03-26,CLI0143,PRD0067,V006,CC10,FOR0025,DOC105245,23363.39,Despesa
2026-09-16,CLI0132,PRD0129,V022,CC07,FOR0083,DOC105246,14705.02,Despesa
2024-09-15,CLI0278,PRD0070,V026,CC01,,DOC105247,1350.7,Receita
2025-05-25,CLI0247,PRD0175,V018,CC03,FOR0047,DOC105248,13301.63,Despesa
2024-01-03,CLI0048,PRD0134,V004,CC01,FOR0050,DOC105249,7656.4,Despesa
2026-03-03,CLI0269,PRD0106,V020,CC09,FOR0027,DOC105250,3718.65,Despesa
2026-12-15,CLI0042,PRD0100,V002,CC08,FOR0028,DOC105251,8249.58,Despesa
2024-07-30,CLI0238,PRD0118,V022,CC01,FOR0058,DOC105252,21540.02,Despesa
2023-08-30,CLI0282,PRD0054,V014,CC06,,DOC105253,17681.34,Receita
2024-09-04,CLI0009,PRD0198,V026,CC07,FOR0046,DOC105254,29464.5,Despesa
2024-10-10,CLI0068,PRD0004,V001,CC02,,DOC105255,305.52,Receita
2024-09-06,CLI0114,PRD0130,V008,CC08,,DOC105256,8784.59,Receita
2025-07-18,CLI0113,PRD0162,V006,CC05,FOR0023,DOC105257,21571.35,Despesa
2023-11-29,CLI0267,PRD0013,V018,CC09,FOR0089,DOC105258,11576.29,Despesa
2026-06-05,CLI0179,PRD0103,V005,CC09,,DOC105259,11238.09,Receita
2026-08-23,CLI0076,PRD0175,V027,CC10,FOR0005,DOC105260,25978.3,Despesa
2025-05-30,CLI0215,PRD0171,V024,CC10,,DOC105261,12221.06,Receita
2025-03-17,CLI0065,PRD0129,V024,CC08,FOR0005,DOC105262,11062.24,Despesa
2025-07-08,CLI0300,PRD0167,V009,CC07,FOR0044,DOC105263,20457.49,Despesa
2026-12-19,CLI0020,PRD0100,V016,CC07,FOR0021,DOC105264,4836.73,Despesa
2024-05-05,CLI0255,PRD0178,V013,CC02,,DOC105265,20610.79,Receita
2024-09-16,CLI0153,PRD0175,V019,CC08,,DOC105266,27941.5,Receita
2025-04-10,CLI0067,PRD0198,V025,CC01,,DOC105267,8316.31,Receita
2025-02-25,CLI0030,PRD0101,V007,CC04,,DOC105268,20772.79,Receita
2025-02-21,CLI0283,PRD0018,V020,CC10,FOR0012,DOC105269,11134.04,Despesa
2024-03-13,CLI0229,PRD0199,V009,CC01,,DOC105270,15310.27,Receita
2025-11-29,CLI0230,PRD0036,V003,CC06,FOR0088,DOC105271,4244.89,Despesa
2024-06-07,CLI0053,PRD0048,V022,CC05,,DOC105272,27799.77,Receita
2023-09-18,CLI0232,PRD0010,V012,CC08,FOR0010,DOC105273,22655.39,Despesa
2024-11-26,CLI0137,PRD0196,V018,CC05,FOR0085,DOC105274,10686.06,Despesa
2024-06-04,CLI0101,PRD0022,V016,CC04,,DOC105275,25219.44,Receita
2023-03-30,CLI0047,PRD0079,V020,CC05,,DOC105276,6070.1,Receita
2023-04-01,CLI0072,PRD0017,V027,CC07,FOR0061,DOC105277,16274.79,Despesa
2025-10-02,CLI0194,PRD0043,V027,CC06,FOR0090,DOC105278,9829.4,Despesa
2026-09-06,CLI0153,PRD0046,V019,CC04,FOR0036,DOC105279,15544.84,Despesa
2023-03-13,CLI0251,PRD0147,V017,CC07,FOR0013,DOC105280,22183.05,Despesa
2024-09-08,CLI0181,PRD0060,V024,CC08,FOR0045,DOC105281,27326.94,Despesa
2023-10-06,CLI0053,PRD0148,V012,CC08,,DOC105282,28141.61,Receita
2025-04-26,CLI0142,PRD0034,V012,CC10,FOR0088,DOC105283,9413.71,Despesa
2024-09-18,CLI0278,PRD0014,V002,CC01,FOR0069,DOC105284,26224.37,Despesa
2024-07-05,CLI0159,PRD0027,V023,CC05,,DOC105285,8958.65,Receita
2026-11-10,CLI0211,PRD0128,V026,CC03,FOR0044,DOC105286,20641.15,Despesa
2023-07-23,CLI0141,PRD0058,V002,CC10,FOR0092,DOC105287,14596.18,Despesa
2024-09-09,CLI0029,PRD0017,V022,CC05,FOR0079,DOC105288,4575.29,Despesa
2023-06-16,CLI0083,PRD0124,V023,CC02,,DOC105289,26854.75,Receita
2025-07-18,CLI0241,PRD0025,V024,CC09,,DOC105290,24818.53,Receita
2023-02-12,CLI0100,PRD0034,V005,CC04,,DOC105291,28340.9,Receita
2025-10-28,CLI0052,PRD0139,V028,CC01,FOR0046,DOC105292,7710.33,Despesa
2024-01-23,CLI0263,PRD0021,V007,CC01,FOR0076,DOC105293,14968.52,Despesa
2026-10-17,CLI0235,PRD0038,V030,CC10,,DOC105294,5922.14,Receita
2026-06-12,CLI0137,PRD0087,V030,CC06,FOR0036,DOC105295,7988.14,Despesa
2024-09-22,CLI0106,PRD0064,V020,CC06,,DOC105296,6309.94,Receita
2023-05-08,CLI0237,PRD0054,V024,CC05,,DOC105297,9010.04,Receita
2024-11-30,CLI0169,PRD0038,V010,CC04,FOR0038,DOC105298,23008.96,Despesa
2024-11-01,CLI0112,PRD0005,V003,CC05,FOR0052,DOC105299,22125.99,Despesa
2023-10-04,CLI0070,PRD0085,V004,CC10,,DOC105300,28665.05,Receita
2026-09-01,CLI0044,PRD0063,V007,CC02,FOR0048,DOC105301,9241.72,Despesa
2024-08-29,CLI0199,PRD0185,V005,CC06,FOR0047,DOC105302,26264.38,Despesa
2025-04-07,CLI0026,PRD0164,V016,CC02,FOR0055,DOC105303,2886.77,Despesa
2026-06-18,CLI0252,PRD0149,V003,CC03,,DOC105304,20166.59,Receita
2025-05-21,CLI0295,PRD0108,V001,CC01,FOR0023,DOC105305,23215.75,Despesa
2025-05-22,CLI0097,PRD0165,V012,CC09,FOR0008,DOC105306,27191.31,Despesa
2023-06-06,CLI0271,PRD0021,V030,CC03,,DOC105307,7794.49,Receita
2025-01-15,CLI0197,PRD0146,V015,CC06,FOR0045,DOC105308,28364.06,Despesa
2023-10-18,CLI0280,PRD0129,V005,CC05,FOR0070,DOC105309,10457.86,Despesa
2024-05-01,CLI0272,PRD0136,V004,CC08,FOR0017,DOC105310,435.35,Despesa
2026-01-15,CLI0194,PRD0080,V019,CC05,FOR0039,DOC105311,14289.01,Despesa
2025-04-07,CLI0234,PRD0022,V006,CC05,FOR0054,DOC105312,22993.23,Despesa
2024-05-22,CLI0104,PRD0052,V011,CC03,FOR0017,DOC105313,1867.61,Despesa
2025-08-11,CLI0027,PRD0083,V004,CC08,,DOC105314,24355.78,Receita
2026-05-13,CLI0098,PRD0030,V029,CC10,FOR0025,DOC105315,2646.05,Despesa
2026-01-26,CLI0242,PRD0063,V014,CC02,FOR0023,DOC105316,17293.37,Despesa
2025-10-21,CLI0036,PRD0064,V017,CC07,FOR0075,DOC105317,3923.67,Despesa
2025-07-08,CLI0204,PRD0037,V013,CC03,,DOC105318,12844.23,Receita
2024-11-26,CLI0300,PRD0018,V029,CC04,FOR0035,DOC105319,29847.12,Despesa
2025-10-28,CLI0017,PRD0077,V022,CC05,FOR0007,DOC105320,10523.34,Despesa
2026-05-28,CLI0256,PRD0053,V004,CC05,,DOC105321,448.73,Receita
2026-10-19,CLI0293,PRD0128,V001,CC01,,DOC105322,22297.91,Receita
2024-09-26,CLI0249,PRD0100,V006,CC02,FOR0031,DOC105323,9361.31,Despesa
2025-11-22,CLI0225,PRD0066,V021,CC02,FOR0012,DOC105324,26951.22,Despesa
2026-07-25,CLI0066,PRD0155,V025,CC07,,DOC105325,8418.43,Receita
2024-12-13,CLI0230,PRD0135,V025,CC03,,DOC105326,1575.56,Receita
2024-04-20,CLI0031,PRD0088,V022,CC03,FOR0045,DOC105327,22592.3,Despesa
2024-11-19,CLI0229,PRD0128,V026,CC04,FOR0100,DOC105328,1556.71,Despesa
2026-08-11,CLI0264,PRD0174,V026,CC02,,DOC105329,15561.33,Receita
2025-03-04,CLI0047,PRD0103,V024,CC10,,DOC105330,10865.28,Receita
2023-08-22,CLI0262,PRD0198,V013,CC06,FOR0088,DOC105331,9849.99,Despesa
2024-10-07,CLI0135,PRD0007,V004,CC08,,DOC105332,16658.55,Receita
2025-03-23,CLI0078,PRD0105,V016,CC02,FOR0040,DOC105333,2329.46,Despesa
2023-08-21,CLI0184,PRD0031,V024,CC04,FOR0064,DOC105334,14769.17,Despesa
2026-12-06,CLI0097,PRD0170,V027,CC10,FOR0082,DOC105335,25558.2,Despesa
2023-02-23,CLI0121,PRD0062,V020,CC02,,DOC105336,10010.02,Receita
2025-04-18,CLI0217,PRD0066,V002,CC08,,DOC105337,7715.13,Receita
2025-10-04,CLI0078,PRD0081,V021,CC03,,DOC105338,29571.1,Receita
2023-12-29,CLI0063,PRD0189,V022,CC06,,DOC105339,16020.18,Receita
2024-01-30,CLI0233,PRD0117,V012,CC09,FOR0029,DOC105340,2612.97,Despesa
2024-02-16,CLI0101,PRD0143,V011,CC02,FOR0051,DOC105341,18387.07,Despesa
2023-11-10,CLI0272,PRD0135,V024,CC02,FOR0038,DOC105342,22217.36,Despesa
2025-03-07,CLI0204,PRD0097,V001,CC03,FOR0088,DOC105343,23332.08,Despesa
2026-04-10,CLI0147,PRD0144,V029,CC04,,DOC105344,8286.37,Receita
2025-03-13,CLI0055,PRD0195,V018,CC03,FOR0095,DOC105345,17685.73,Despesa
2023-12-23,CLI0009,PRD0096,V029,CC05,,DOC105346,24746.49,Receita
2023-05-07,CLI0284,PRD0054,V014,CC07,FOR0057,DOC105347,860.74,Despesa
2026-06-14,CLI0045,PRD0088,V009,CC07,,DOC105348,9767.74,Receita
2025-10-25,CLI0239,PRD0061,V008,CC05,,DOC105349,25556.41,Receita
2024-04-22,CLI0169,PRD0113,V004,CC06,,DOC105350,5733.91,Receita
2023-11-13,CLI0132,PRD0164,V007,CC05,,DOC105351,27490.74,Receita
2024-10-07,CLI0059,PRD0096,V019,CC03,FOR0030,DOC105352,13992.84,Despesa
2024-01-19,CLI0010,PRD0017,V020,CC01,FOR0013,DOC105353,24623.83,Despesa
2026-11-11,CLI0031,PRD0172,V028,CC10,FOR0016,DOC105354,10408.65,Despesa
2026-09-23,CLI0044,PRD0095,V016,CC04,FOR0045,DOC105355,24719.04,Despesa
2025-11-16,CLI0050,PRD0170,V013,CC05,FOR0094,DOC105356,22528.45,Despesa
2026-04-17,CLI0190,PRD0068,V004,CC07,,DOC105357,25379.41,Receita
2023-05-24,CLI0298,PRD0021,V025,CC10,,DOC105358,20402.62,Receita
2025-01-05,CLI0207,PRD0093,V004,CC09,,DOC105359,1964.23,Receita
2025-06-11,CLI0292,PRD0114,V013,CC08,FOR0053,DOC105360,26100.53,Despesa
2026-12-08,CLI0180,PRD0089,V006,CC10,,DOC105361,5155.86,Receita
2024-01-25,CLI0118,PRD0092,V018,CC10,FOR0028,DOC105362,16516.42,Despesa
2025-07-15,CLI0292,PRD0118,V029,CC10,FOR0006,DOC105363,3707.65,Despesa
2024-07-13,CLI0187,PRD0177,V028,CC10,FOR0028,DOC105364,23391.32,Despesa
2026-12-18,CLI0144,PRD0054,V015,CC09,FOR0050,DOC105365,16508.26,Despesa
2023-02-12,CLI0268,PRD0147,V019,CC10,FOR0021,DOC105366,21477.05,Despesa
2023-08-17,CLI0105,PRD0059,V028,CC08,FOR0091,DOC105367,537.49,Despesa
2025-10-23,CLI0188,PRD0018,V004,CC10,,DOC105368,24013.07,Receita
2026-09-23,CLI0042,PRD0039,V026,CC01,FOR0083,DOC105369,15864.58,Despesa
2024-08-24,CLI0099,PRD0012,V023,CC05,FOR0049,DOC105370,25308.46,Despesa
2023-03-06,CLI0187,PRD0065,V021,CC01,,DOC105371,9467.33,Receita
2024-12-03,CLI0100,PRD0104,V013,CC01,,DOC105372,11910.42,Receita
2026-03-25,CLI0271,PRD0095,V014,CC02,FOR0041,DOC105373,16642.21,Despesa
2023-07-01,CLI0138,PRD0006,V027,CC07,,DOC105374,29642.93,Receita
2024-05-25,CLI0119,PRD0158,V019,CC06,,DOC105375,26368.02,Receita
2025-02-23,CLI0247,PRD0163,V023,CC08,FOR0082,DOC105376,24633.64,Despesa
2025-10-20,CLI0176,PRD0011,V020,CC07,FOR0047,DOC105377,3882.22,Despesa
2026-06-27,CLI0056,PRD0011,V022,CC09,,DOC105378,12185.33,Receita
2023-10-23,CLI0209,PRD0018,V002,CC05,,DOC105379,1997.27,Receita
2025-11-12,CLI0071,PRD0168,V024,CC03,FOR0059,DOC105380,3236.96,Despesa
2023-06-28,CLI0153,PRD0090,V018,CC03,,DOC105381,1617.06,Receita
2023-11-25,CLI0049,PRD0172,V007,CC10,,DOC105382,26919.08,Receita
2025-02-19,CLI0141,PRD0155,V021,CC04,FOR0075,DOC105383,17541.14,Despesa
2025-02-17,CLI0089,PRD0082,V005,CC02,FOR0081,DOC105384,24137.78,Despesa
2024-02-13,CLI0015,PRD0141,V027,CC04,FOR0085,DOC105385,15973.79,Despesa
2026-08-15,CLI0199,PRD0004,V011,CC10,FOR0071,DOC105386,25266.59,Despesa
2026-01-17,CLI0226,PRD0136,V021,CC10,,DOC105387,3109.09,Receita
2025-04-22,CLI0058,PRD0017,V002,CC07,,DOC105388,18705.73,Receita
2023-06-26,CLI0049,PRD0113,V023,CC04,,DOC105389,12493.56,Receita
2024-05-23,CLI0004,PRD0087,V030,CC02,FOR0027,DOC105390,12562.61,Despesa
2023-04-16,CLI0294,PRD0173,V009,CC06,FOR0099,DOC105391,17545.8,Despesa
2026-06-23,CLI0096,PRD0100,V026,CC02,FOR0064,DOC105392,8208.69,Despesa
2024-09-14,CLI0203,PRD0179,V004,CC02,FOR0011,DOC105393,2552.36,Despesa
2023-05-29,CLI0229,PRD0105,V022,CC06,,DOC105394,15200.29,Receita
2024-10-04,CLI0078,PRD0145,V023,CC03,FOR0085,DOC105395,17054.2,Despesa
2024-02-20,CLI0093,PRD0098,V019,CC06,FOR0007,DOC105396,14077.4,Despesa
2025-05-20,CLI0093,PRD0115,V007,CC02,,DOC105397,22883.3,Receita
2024-10-31,CLI0269,PRD0055,V017,CC01,,DOC105398,6492.08,Receita
2026-05-29,CLI0091,PRD0048,V010,CC03,FOR0071,DOC105399,27286.53,Despesa
2024-11-30,CLI0207,PRD0103,V011,CC08,,DOC105400,27023.38,Receita
2026-01-12,CLI0091,PRD0057,V025,CC07,,DOC105401,9006.43,Receita
2025-06-26,CLI0176,PRD0071,V004,CC10,FOR0071,DOC105402,7855.78,Despesa
2024-08-17,CLI0095,PRD0128,V030,CC04,,DOC105403,17885.91,Receita
2023-10-31,CLI0040,PRD0136,V002,CC09,,DOC105404,21787.09,Receita
2023-04-22,CLI0272,PRD0168,V029,CC06,,DOC105405,25548.24,Receita
2025-10-14,CLI0202,PRD0182,V018,CC04,FOR0075,DOC105406,5655.4,Despesa
2026-03-13,CLI0287,PRD0056,V013,CC03,,DOC105407,16059.94,Receita
2026-03-19,CLI0266,PRD0084,V024,CC01,FOR0081,DOC105408,10082.52,Despesa
2026-07-28,CLI0279,PRD0127,V012,CC10,FOR0005,DOC105409,21793.82,Despesa
2024-06-30,CLI0098,PRD0078,V025,CC01,FOR0082,DOC105410,19247.44,Despesa
2023-01-02,CLI0018,PRD0062,V014,CC06,FOR0058,DOC105411,14065.86,Despesa
2023-09-26,CLI0252,PRD0047,V016,CC01,,DOC105412,14172.96,Receita
2025-10-12,CLI0066,PRD0184,V001,CC10,FOR0063,DOC105413,19554.95,Despesa
2024-08-15,CLI0158,PRD0100,V008,CC01,,DOC105414,5397.67,Receita
2024-03-31,CLI0205,PRD0108,V016,CC03,,DOC105415,11711.57,Receita
2024-08-08,CLI0266,PRD0096,V022,CC06,FOR0056,DOC105416,16387.76,Despesa
2023-09-17,CLI0180,PRD0096,V003,CC07,FOR0011,DOC105417,25417.07,Despesa
2023-12-16,CLI0089,PRD0121,V023,CC01,,DOC105418,24560.4,Receita
2024-03-23,CLI0198,PRD0084,V027,CC06,FOR0054,DOC105419,9215.0,Despesa
2024-11-23,CLI0229,PRD0080,V013,CC06,,DOC105420,5165.31,Receita
2025-09-26,CLI0063,PRD0126,V003,CC03,FOR0006,DOC105421,890.46,Despesa
2026-10-04,CLI0227,PRD0141,V004,CC10,FOR0081,DOC105422,21619.57,Despesa
2024-03-06,CLI0194,PRD0111,V012,CC08,FOR0025,DOC105423,22224.79,Despesa
2023-06-15,CLI0178,PRD0084,V017,CC02,FOR0083,DOC105424,18160.76,Despesa
2024-05-03,CLI0263,PRD0131,V018,CC07,FOR0039,DOC105425,23571.53,Despesa
2025-03-08,CLI0122,PRD0164,V024,CC04,FOR0009,DOC105426,22421.01,Despesa
2025-05-05,CLI0034,PRD0131,V004,CC10,FOR0093,DOC105427,11111.43,Despesa
2025-05-29,CLI0280,PRD0070,V023,CC03,FOR0085,DOC105428,10450.23,Despesa
2025-09-03,CLI0210,PRD0154,V009,CC08,FOR0022,DOC105429,1054.48,Despesa
2025-10-12,CLI0162,PRD0131,V005,CC10,,DOC105430,7595.56,Receita
2024-07-14,CLI0213,PRD0058,V018,CC09,,DOC105431,18770.41,Receita
2025-10-09,CLI0063,PRD0197,V024,CC08,FOR0075,DOC105432,3166.08,Despesa
2026-09-14,CLI0106,PRD0028,V013,CC01,FOR0086,DOC105433,6780.13,Despesa
2024-07-31,CLI0105,PRD0091,V015,CC03,FOR0046,DOC105434,13990.79,Despesa
2024-11-06,CLI0055,PRD0188,V027,CC05,FOR0083,DOC105435,24588.09,Despesa
2024-05-10,CLI0186,PRD0098,V014,CC09,FOR0077,DOC105436,13534.27,Despesa
2023-02-28,CLI0227,PRD0068,V019,CC10,,DOC105437,5728.65,Receita
2023-08-03,CLI0280,PRD0179,V018,CC03,,DOC105438,26784.07,Receita
2023-08-01,CLI0294,PRD0161,V014,CC03,FOR0075,DOC105439,1180.83,Despesa
2023-05-20,CLI0178,PRD0136,V017,CC01,,DOC105440,11624.97,Receita
2024-05-21,CLI0249,PRD0045,V022,CC02,FOR0050,DOC105441,24395.29,Despesa
2026-08-14,CLI0203,PRD0079,V013,CC04,FOR0069,DOC105442,6165.8,Despesa
2024-07-04,CLI0043,PRD0161,V001,CC10,,DOC105443,21156.47,Receita
2023-12-08,CLI0276,PRD0120,V021,CC08,FOR0091,DOC105444,29718.75,Despesa
2023-03-03,CLI0280,PRD0046,V018,CC06,FOR0079,DOC105445,9813.22,Despesa
2026-03-24,CLI0185,PRD0139,V016,CC06,,DOC105446,3548.46,Receita
2023-03-16,CLI0218,PRD0197,V023,CC09,,DOC105447,10721.1,Receita
2024-04-10,CLI0221,PRD0137,V028,CC08,FOR0087,DOC105448,8264.06,Despesa
2025-08-07,CLI0083,PRD0057,V016,CC08,FOR0018,DOC105449,7215.91,Despesa
2024-12-04,CLI0162,PRD0042,V009,CC10,FOR0032,DOC105450,19984.06,Despesa
2026-10-01,CLI0153,PRD0092,V010,CC04,,DOC105451,22372.85,Receita
2026-10-10,CLI0156,PRD0037,V020,CC03,,DOC105452,331.03,Receita
2023-04-13,CLI0154,PRD0191,V016,CC10,FOR0019,DOC105453,9312.97,Despesa
2024-11-05,CLI0060,PRD0001,V003,CC02,FOR0033,DOC105454,12516.3,Despesa
2024-05-02,CLI0189,PRD0190,V006,CC04,FOR0038,DOC105455,11381.79,Despesa
2023-03-01,CLI0012,PRD0131,V008,CC09,FOR0038,DOC105456,23363.23,Despesa
2023-05-26,CLI0271,PRD0073,V026,CC08,,DOC105457,11293.36,Receita
2025-05-05,CLI0294,PRD0089,V010,CC05,,DOC105458,5143.92,Receita
2023-07-18,CLI0275,PRD0167,V012,CC08,FOR0037,DOC105459,24688.04,Despesa
2023-10-27,CLI0132,PRD0087,V007,CC09,,DOC105460,23452.35,Receita
2025-02-08,CLI0246,PRD0190,V002,CC04,,DOC105461,10109.33,Receita
2026-06-02,CLI0206,PRD0054,V018,CC03,FOR0003,DOC105462,25074.65,Despesa
2023-12-31,CLI0277,PRD0199,V009,CC06,,DOC105463,26440.45,Receita
2025-02-19,CLI0050,PRD0096,V024,CC06,,DOC105464,17809.68,Receita
2025-03-22,CLI0231,PRD0136,V024,CC06,FOR0010,DOC105465,937.37,Despesa
2026-01-06,CLI0176,PRD0087,V009,CC06,,DOC105466,27772.45,Receita
2023-10-18,CLI0188,PRD0161,V011,CC07,,DOC105467,16031.88,Receita
2025-09-08,CLI0175,PRD0174,V022,CC05,,DOC105468,27665.89,Receita
2024-08-27,CLI0190,PRD0128,V007,CC07,FOR0033,DOC105469,10860.59,Despesa
2024-02-10,CLI0127,PRD0176,V030,CC03,,DOC105470,12105.58,Receita
2023-05-26,CLI0284,PRD0125,V003,CC01,,DOC105471,4346.95,Receita
2025-09-06,CLI0284,PRD0174,V018,CC09,,DOC105472,19255.12,Receita
2025-04-03,CLI0097,PRD0008,V002,CC07,,DOC105473,22318.08,Receita
2026-01-01,CLI0076,PRD0158,V009,CC03,,DOC105474,13142.84,Receita
2026-11-25,CLI0218,PRD0033,V021,CC04,FOR0043,DOC105475,5469.68,Despesa
2024-10-13,CLI0014,PRD0158,V003,CC01,FOR0040,DOC105476,14357.52,Despesa
2024-08-11,CLI0202,PRD0164,V015,CC06,,DOC105477,1409.26,Receita
2026-10-24,CLI0220,PRD0074,V024,CC10,,DOC105478,13985.05,Receita
2026-07-11,CLI0008,PRD0108,V021,CC04,,DOC105479,14579.85,Receita
2024-01-08,CLI0176,PRD0024,V023,CC03,FOR0075,DOC105480,3901.47,Despesa
2025-08-12,CLI0011,PRD0172,V021,CC07,FOR0080,DOC105481,20690.82,Despesa
2024-06-16,CLI0278,PRD0155,V006,CC09,,DOC105482,6967.87,Receita
2024-04-21,CLI0174,PRD0171,V006,CC02,FOR0091,DOC105483,23355.24,Despesa
2026-03-03,CLI0192,PRD0044,V007,CC04,,DOC105484,1521.13,Receita
2024-02-12,CLI0024,PRD0055,V023,CC07,,DOC105485,17120.5,Receita
2024-02-22,CLI0085,PRD0012,V022,CC04,FOR0018,DOC105486,28618.14,Despesa
2026-04-04,CLI0023,PRD0056,V003,CC05,FOR0067,DOC105487,8787.54,Despesa
2024-10-10,CLI0172,PRD0062,V021,CC09,FOR0004,DOC105488,27470.99,Despesa
2024-04-10,CLI0036,PRD0046,V027,CC01,FOR0099,DOC105489,28536.37,Despesa
2023-06-04,CLI0093,PRD0127,V009,CC07,,DOC105490,27230.94,Receita
2025-05-24,CLI0265,PRD0142,V029,CC03,FOR0055,DOC105491,23416.2,Despesa
2024-04-21,CLI0029,PRD0046,V012,CC02,,DOC105492,13995.4,Receita
2024-06-30,CLI0046,PRD0086,V005,CC05,FOR0095,DOC105493,1401.39,Despesa
2026-12-22,CLI0215,PRD0124,V013,CC05,FOR0013,DOC105494,21224.99,Despesa
2025-08-12,CLI0120,PRD0108,V021,CC07,FOR0027,DOC105495,26436.2,Despesa
2024-12-31,CLI0082,PRD0169,V030,CC09,FOR0061,DOC105496,971.68,Despesa
2026-02-15,CLI0098,PRD0011,V004,CC05,FOR0086,DOC105497,13728.76,Despesa
2023-07-04,CLI0255,PRD0071,V023,CC09,,DOC105498,26866.96,Receita
2025-03-18,CLI0115,PRD0129,V010,CC08,,DOC105499,4659.67,Receita
2024-04-04,CLI0201,PRD0086,V028,CC01,FOR0075,DOC105500,20090.18,Despesa
2025-05-17,CLI0112,PRD0162,V021,CC01,FOR0016,DOC105501,19166.45,Despesa
2026-10-16,CLI0285,PRD0057,V017,CC09,FOR0095,DOC105502,1966.5,Despesa
2026-10-11,CLI0011,PRD0060,V014,CC01,FOR0006,DOC105503,19162.79,Despesa
2025-06-26,CLI0238,PRD0087,V004,CC03,FOR0058,DOC105504,16038.95,Despesa
2024-07-18,CLI0004,PRD0080,V004,CC02,,DOC105505,1689.21,Receita
2024-06-06,CLI0114,PRD0172,V028,CC06,FOR0053,DOC105506,26636.55,Despesa
2023-05-08,CLI0107,PRD0011,V021,CC02,FOR0081,DOC105507,26812.57,Despesa
2025-02-03,CLI0048,PRD0146,V030,CC05,FOR0045,DOC105508,17328.57,Despesa
2025-03-26,CLI0153,PRD0124,V019,CC07,FOR0057,DOC105509,9786.39,Despesa
2024-11-21,CLI0160,PRD0178,V020,CC01,FOR0063,DOC105510,22323.03,Despesa
2023-08-19,CLI0122,PRD0017,V017,CC06,FOR0094,DOC105511,19445.27,Despesa
2023-02-28,CLI0184,PRD0145,V006,CC05,,DOC105512,12049.64,Receita
2023-08-25,CLI0183,PRD0113,V030,CC01,,DOC105513,15137.46,Receita
2026-03-07,CLI0049,PRD0029,V009,CC08,FOR0086,DOC105514,19434.21,Despesa
2024-12-07,CLI0084,PRD0179,V008,CC09,,DOC105515,28039.09,Receita
2026-04-30,CLI0071,PRD0085,V009,CC02,FOR0058,DOC105516,13794.75,Despesa
2023-10-06,CLI0026,PRD0106,V004,CC06,FOR0027,DOC105517,29854.4,Despesa
2026-04-05,CLI0006,PRD0107,V004,CC08,FOR0086,DOC105518,19308.19,Despesa
2026-06-10,CLI0260,PRD0046,V023,CC04,FOR0083,DOC105519,1075.27,Despesa
2024-12-24,CLI0022,PRD0071,V029,CC05,,DOC105520,8237.1,Receita
2025-03-19,CLI0225,PRD0183,V015,CC04,,DOC105521,25808.53,Receita
2024-07-23,CLI0153,PRD0110,V013,CC09,,DOC105522,22667.11,Receita
2025-01-01,CLI0244,PRD0147,V030,CC08,FOR0003,DOC105523,17301.98,Despesa
2025-06-01,CLI0179,PRD0130,V017,CC03,FOR0099,DOC105524,25397.99,Despesa
2024-11-07,CLI0218,PRD0035,V002,CC08,FOR0091,DOC105525,16376.49,Despesa
2023-05-22,CLI0136,PRD0050,V012,CC02,,DOC105526,6502.95,Receita
2026-09-03,CLI0259,PRD0156,V015,CC07,,DOC105527,6045.48,Receita
2023-08-12,CLI0249,PRD0133,V005,CC07,FOR0014,DOC105528,28167.59,Despesa
2025-04-07,CLI0100,PRD0043,V007,CC07,,DOC105529,23417.0,Receita
2023-04-15,CLI0034,PRD0054,V013,CC01,,DOC105530,28003.36,Receita
2026-11-25,CLI0209,PRD0026,V002,CC03,,DOC105531,7502.17,Receita
2025-04-09,CLI0262,PRD0181,V029,CC05,FOR0006,DOC105532,23211.28,Despesa
2025-07-12,CLI0044,PRD0087,V006,CC05,,DOC105533,28916.06,Receita
2026-05-15,CLI0033,PRD0195,V025,CC09,FOR0051,DOC105534,18098.51,Despesa
2025-03-11,CLI0073,PRD0016,V007,CC01,FOR0085,DOC105535,27502.62,Despesa
2025-03-11,CLI0189,PRD0161,V006,CC01,FOR0057,DOC105536,28998.77,Despesa
2023-06-29,CLI0281,PRD0184,V004,CC03,FOR0082,DOC105537,125.59,Despesa
2026-01-16,CLI0136,PRD0105,V013,CC03,FOR0044,DOC105538,2865.82,Despesa
2026-07-08,CLI0262,PRD0193,V002,CC02,,DOC105539,245.16,Receita
2025-01-06,CLI0215,PRD0065,V002,CC08,FOR0040,DOC105540,15513.39,Despesa
2026-01-26,CLI0278,PRD0125,V021,CC07,FOR0099,DOC105541,16055.71,Despesa
2025-04-29,CLI0113,PRD0071,V005,CC07,,DOC105542,16747.0,Receita
2023-11-03,CLI0114,PRD0026,V003,CC08,,DOC105543,22486.51,Receita
2026-09-09,CLI0065,PRD0021,V027,CC09,FOR0098,DOC105544,10902.75,Despesa
2023-06-27,CLI0178,PRD0046,V028,CC10,FOR0020,DOC105545,27691.14,Despesa
2025-10-09,CLI0096,PRD0179,V007,CC05,FOR0040,DOC105546,3624.15,Despesa
2026-06-29,CLI0136,PRD0149,V015,CC09,,DOC105547,16411.17,Receita
2026-06-03,CLI0039,PRD0199,V030,CC01,FOR0054,DOC105548,29653.36,Despesa
2025-09-09,CLI0031,PRD0065,V026,CC04,,DOC105549,25918.29,Receita
2026-12-24,CLI0171,PRD0106,V012,CC01,FOR0001,DOC105550,1837.97,Despesa
2026-07-03,CLI0276,PRD0182,V018,CC02,FOR0074,DOC105551,1002.52,Despesa
2024-03-23,CLI0026,PRD0163,V012,CC07,,DOC105552,16822.37,Receita
2026-03-03,CLI0259,PRD0030,V017,CC02,,DOC105553,7329.2,Receita
2025-04-14,CLI0218,PRD0169,V022,CC02,FOR0020,DOC105554,20729.75,Despesa
2026-06-20,CLI0221,PRD0026,V025,CC04,FOR0061,DOC105555,16198.22,Despesa
2024-03-15,CLI0149,PRD0019,V021,CC01,FOR0036,DOC105556,12099.73,Despesa
2023-04-05,CLI0230,PRD0192,V013,CC09,,DOC105557,22864.96,Receita
2025-08-29,CLI0280,PRD0017,V024,CC10,,DOC105558,10728.92,Receita
2023-06-25,CLI0006,PRD0147,V027,CC09,,DOC105559,28824.67,Receita
2026-04-09,CLI0192,PRD0188,V022,CC07,,DOC105560,12016.48,Receita
2024-07-27,CLI0017,PRD0021,V009,CC05,FOR0032,DOC105561,5168.81,Despesa
2023-12-08,CLI0050,PRD0039,V018,CC06,FOR0027,DOC105562,26399.61,Despesa
2024-09-25,CLI0025,PRD0140,V010,CC06,FOR0014,DOC105563,20283.51,Despesa
2024-06-17,CLI0019,PRD0027,V026,CC06,FOR0065,DOC105564,8769.26,Despesa
2024-05-21,CLI0148,PRD0090,V006,CC08,,DOC105565,506.17,Receita
2023-12-28,CLI0222,PRD0006,V002,CC01,,DOC105566,23988.23,Receita
2026-01-25,CLI0243,PRD0125,V010,CC04,FOR0095,DOC105567,26847.61,Despesa
2025-09-07,CLI0190,PRD0170,V006,CC10,,DOC105568,19119.83,Receita
2023-08-12,CLI0200,PRD0173,V020,CC03,FOR0097,DOC105569,19579.39,Despesa
2023-12-14,CLI0034,PRD0019,V020,CC02,,DOC105570,18140.44,Receita
2024-09-29,CLI0213,PRD0033,V026,CC09,,DOC105571,523.98,Receita
2023-02-27,CLI0148,PRD0016,V020,CC05,FOR0021,DOC105572,28170.26,Despesa
2025-10-05,CLI0195,PRD0096,V029,CC08,FOR0064,DOC105573,19146.26,Despesa
2026-05-15,CLI0179,PRD0175,V026,CC02,FOR0098,DOC105574,234.77,Despesa
2024-10-08,CLI0274,PRD0120,V008,CC01,FOR0051,DOC105575,2544.72,Despesa
2023-04-24,CLI0154,PRD0050,V030,CC02,FOR0042,DOC105576,7680.08,Despesa
2023-12-25,CLI0060,PRD0162,V029,CC07,,DOC105577,28943.26,Receita
2025-01-25,CLI0265,PRD0032,V010,CC10,,DOC105578,28842.92,Receita
2026-11-05,CLI0165,PRD0042,V010,CC01,FOR0084,DOC105579,14802.42,Despesa
2024-06-06,CLI0281,PRD0032,V016,CC10,FOR0053,DOC105580,23894.98,Despesa
2026-08-20,CLI0049,PRD0082,V005,CC01,,DOC105581,15134.92,Receita
2023-06-10,CLI0154,PRD0074,V012,CC01,FOR0016,DOC105582,3857.52,Despesa
2024-12-08,CLI0220,PRD0006,V021,CC05,,DOC105583,6253.78,Receita
2026-04-22,CLI0251,PRD0018,V018,CC06,,DOC105584,10316.4,Receita
2026-09-27,CLI0020,PRD0192,V023,CC02,,DOC105585,29733.11,Receita
2024-12-16,CLI0067,PRD0050,V002,CC07,FOR0007,DOC105586,12021.54,Despesa
2023-07-24,CLI0182,PRD0113,V008,CC10,FOR0062,DOC105587,4285.71,Despesa
2025-05-25,CLI0213,PRD0033,V022,CC02,,DOC105588,15194.57,Receita
2024-05-09,CLI0111,PRD0159,V027,CC10,FOR0024,DOC105589,3197.12,Despesa
2025-06-05,CLI0268,PRD0069,V025,CC09,FOR0070,DOC105590,11260.02,Despesa
2023-03-25,CLI0088,PRD0027,V011,CC01,FOR0059,DOC105591,13652.89,Despesa
2023-07-14,CLI0149,PRD0162,V010,CC06,FOR0030,DOC105592,10961.18,Despesa
2026-04-01,CLI0087,PRD0081,V023,CC01,,DOC105593,21662.47,Receita
2024-06-04,CLI0260,PRD0112,V023,CC05,FOR0010,DOC105594,24609.97,Despesa
2023-09-28,CLI0172,PRD0069,V011,CC07,FOR0059,DOC105595,23448.47,Despesa
2026-01-04,CLI0173,PRD0024,V014,CC05,FOR0021,DOC105596,6515.59,Despesa
2025-09-23,CLI0046,PRD0090,V025,CC01,FOR0076,DOC105597,22554.01,Despesa
2023-04-01,CLI0084,PRD0101,V007,CC08,FOR0046,DOC105598,13290.99,Despesa
2024-06-20,CLI0147,PRD0127,V012,CC05,FOR0042,DOC105599,29941.37,Despesa
2026-12-17,CLI0285,PRD0046,V020,CC09,FOR0089,DOC105600,25281.55,Despesa
2024-05-10,CLI0296,PRD0099,V012,CC10,,DOC105601,4796.54,Receita
2024-05-06,CLI0044,PRD0092,V020,CC01,FOR0045,DOC105602,18630.61,Despesa
2025-04-02,CLI0113,PRD0162,V030,CC08,,DOC105603,2149.44,Receita
2026-02-06,CLI0133,PRD0037,V030,CC09,FOR0043,DOC105604,21522.13,Despesa
2023-07-29,CLI0299,PRD0132,V017,CC02,FOR0097,DOC105605,21609.68,Despesa
2026-06-04,CLI0121,PRD0133,V014,CC09,,DOC105606,5425.21,Receita
2023-01-11,CLI0183,PRD0194,V030,CC03,FOR0098,DOC105607,11039.66,Despesa
2025-02-08,CLI0053,PRD0096,V017,CC10,FOR0025,DOC105608,24432.56,Despesa
2024-06-26,CLI0281,PRD0166,V013,CC09,,DOC105609,22217.9,Receita
2024-05-13,CLI0130,PRD0047,V026,CC05,FOR0030,DOC105610,28402.97,Despesa
2023-10-28,CLI0246,PRD0172,V007,CC02,FOR0093,DOC105611,2407.3,Despesa
2023-05-17,CLI0065,PRD0030,V028,CC07,FOR0049,DOC105612,20021.31,Despesa
2023-02-06,CLI0107,PRD0021,V006,CC06,FOR0084,DOC105613,24654.2,Despesa
2025-01-28,CLI0173,PRD0017,V015,CC05,FOR0030,DOC105614,16221.17,Despesa
2024-02-14,CLI0065,PRD0145,V009,CC02,,DOC105615,16450.97,Receita
2026-05-11,CLI0289,PRD0112,V005,CC02,,DOC105616,21344.96,Receita
2023-04-27,CLI0220,PRD0108,V017,CC03,,DOC105617,25700.31,Receita
2023-07-10,CLI0233,PRD0081,V020,CC06,FOR0030,DOC105618,4274.85,Despesa
2024-05-01,CLI0260,PRD0186,V014,CC07,,DOC105619,23917.47,Receita
2024-06-18,CLI0226,PRD0100,V012,CC10,FOR0097,DOC105620,6818.98,Despesa
2023-12-29,CLI0027,PRD0136,V008,CC03,FOR0037,DOC105621,4453.32,Despesa
2024-10-18,CLI0176,PRD0157,V026,CC01,,DOC105622,24071.27,Receita
2023-03-27,CLI0049,PRD0001,V024,CC03,FOR0098,DOC105623,120.33,Despesa
2025-07-08,CLI0104,PRD0178,V017,CC10,FOR0004,DOC105624,3398.85,Despesa
2024-11-10,CLI0181,PRD0044,V003,CC09,FOR0095,DOC105625,17628.15,Despesa
2023-08-14,CLI0142,PRD0066,V006,CC06,FOR0068,DOC105626,17057.4,Despesa
2025-10-26,CLI0106,PRD0199,V024,CC10,,DOC105627,1752.62,Receita
2023-02-22,CLI0104,PRD0060,V028,CC04,,DOC105628,26732.05,Receita
2025-06-13,CLI0158,PRD0155,V025,CC10,,DOC105629,17792.46,Receita
2025-10-29,CLI0007,PRD0189,V023,CC08,FOR0024,DOC105630,29467.23,Despesa
2025-05-19,CLI0267,PRD0021,V024,CC07,,DOC105631,28669.28,Receita
2026-04-26,CLI0121,PRD0087,V011,CC01,,DOC105632,20474.86,Receita
2024-12-10,CLI0022,PRD0170,V010,CC06,,DOC105633,19981.57,Receita
2024-08-12,CLI0083,PRD0137,V019,CC05,FOR0085,DOC105634,21815.71,Despesa
2026-08-28,CLI0202,PRD0071,V022,CC03,,DOC105635,5436.47,Receita
2025-10-09,CLI0168,PRD0152,V009,CC04,,DOC105636,24422.34,Receita
2024-05-22,CLI0138,PRD0063,V012,CC09,FOR0021,DOC105637,25803.75,Despesa
2023-03-11,CLI0058,PRD0133,V004,CC04,FOR0042,DOC105638,11101.84,Despesa
2023-06-03,CLI0097,PRD0138,V013,CC02,FOR0064,DOC105639,14009.18,Despesa
2024-09-29,CLI0042,PRD0070,V017,CC07,,DOC105640,10768.83,Receita
2023-02-28,CLI0218,PRD0148,V015,CC06,,DOC105641,2785.4,Receita
2023-05-14,CLI0104,PRD0110,V020,CC02,FOR0022,DOC105642,18608.52,Despesa
2023-01-03,CLI0115,PRD0198,V018,CC08,,DOC105643,26807.59,Receita
2025-04-29,CLI0065,PRD0022,V002,CC05,,DOC105644,5823.3,Receita
2026-01-16,CLI0163,PRD0065,V001,CC04,,DOC105645,28775.49,Receita
2023-04-12,CLI0008,PRD0011,V023,CC08,,DOC105646,15735.13,Receita
2024-08-21,CLI0210,PRD0124,V008,CC06,,DOC105647,2747.19,Receita
2025-05-17,CLI0170,PRD0127,V021,CC07,FOR0045,DOC105648,879.98,Despesa
2024-10-18,CLI0252,PRD0167,V023,CC06,,DOC105649,14098.23,Receita
2023-05-14,CLI0030,PRD0177,V023,CC07,,DOC105650,9971.01,Receita
2025-03-13,CLI0172,PRD0008,V004,CC05,FOR0060,DOC105651,11617.56,Despesa
2023-06-27,CLI0111,PRD0062,V011,CC04,,DOC105652,22680.1,Receita
2026-07-14,CLI0193,PRD0137,V009,CC02,FOR0094,DOC105653,537.62,Despesa
2024-08-08,CLI0255,PRD0111,V001,CC04,FOR0046,DOC105654,17970.95,Despesa
2023-03-31,CLI0004,PRD0104,V013,CC10,,DOC105655,18155.41,Receita
2024-04-21,CLI0013,PRD0130,V016,CC08,,DOC105656,9177.41,Receita
2025-01-26,CLI0289,PRD0137,V009,CC02,,DOC105657,21518.57,Receita
2026-01-11,CLI0032,PRD0056,V005,CC08,FOR0083,DOC105658,1690.47,Despesa
2026-09-09,CLI0114,PRD0199,V019,CC04,FOR0070,DOC105659,18617.08,Despesa
2023-04-20,CLI0232,PRD0047,V030,CC08,FOR0016,DOC105660,14980.01,Despesa
2024-10-02,CLI0066,PRD0185,V010,CC06,,DOC105661,2435.89,Receita
2025-06-06,CLI0217,PRD0149,V023,CC05,FOR0039,DOC105662,5075.01,Despesa
2024-10-08,CLI0182,PRD0044,V002,CC02,FOR0059,DOC105663,862.56,Despesa
2023-05-22,CLI0244,PRD0028,V029,CC05,,DOC105664,28594.53,Receita
2026-10-11,CLI0177,PRD0193,V002,CC04,FOR0019,DOC105665,9628.08,Despesa
2023-01-25,CLI0154,PRD0003,V015,CC06,FOR0062,DOC105666,22029.02,Despesa
2026-01-31,CLI0105,PRD0125,V024,CC06,,DOC105667,17788.85,Receita
2024-07-11,CLI0275,PRD0077,V020,CC08,,DOC105668,22449.51,Receita
2023-01-31,CLI0261,PRD0154,V027,CC06,FOR0042,DOC105669,6404.67,Despesa
2024-05-06,CLI0154,PRD0033,V009,CC09,FOR0065,DOC105670,1836.3,Despesa
2025-11-01,CLI0232,PRD0041,V019,CC05,FOR0086,DOC105671,6433.45,Despesa
2023-05-23,CLI0007,PRD0174,V027,CC09,,DOC105672,17328.47,Receita
2024-05-10,CLI0107,PRD0055,V012,CC02,FOR0080,DOC105673,16292.39,Despesa
2023-08-11,CLI0039,PRD0180,V008,CC03,FOR0049,DOC105674,19679.73,Despesa
2026-03-07,CLI0149,PRD0015,V015,CC07,FOR0087,DOC105675,511.65,Despesa
2026-09-25,CLI0214,PRD0007,V019,CC05,FOR0049,DOC105676,20861.08,Despesa
2025-09-05,CLI0075,PRD0122,V018,CC08,FOR0055,DOC105677,21866.51,Despesa
2025-06-22,CLI0247,PRD0162,V019,CC09,,DOC105678,26206.29,Receita
2026-12-02,CLI0176,PRD0157,V023,CC04,,DOC105679,24499.57,Receita
2023-10-28,CLI0095,PRD0018,V002,CC09,,DOC105680,13248.99,Receita
2024-07-31,CLI0146,PRD0146,V009,CC08,FOR0007,DOC105681,29068.7,Despesa
2026-01-09,CLI0166,PRD0130,V003,CC01,,DOC105682,6091.39,Receita
2026-10-03,CLI0030,PRD0092,V008,CC06,FOR0048,DOC105683,26164.99,Despesa
2026-10-26,CLI0199,PRD0038,V003,CC07,FOR0008,DOC105684,9160.18,Despesa
2023-03-05,CLI0028,PRD0045,V008,CC07,FOR0014,DOC105685,29752.54,Despesa
2024-01-31,CLI0030,PRD0148,V026,CC05,,DOC105686,26220.9,Receita
2024-01-08,CLI0104,PRD0163,V023,CC09,,DOC105687,21286.36,Receita
2023-10-11,CLI0215,PRD0033,V015,CC08,FOR0006,DOC105688,20002.33,Despesa
2026-06-30,CLI0035,PRD0003,V007,CC06,,DOC105689,20087.19,Receita
2023-03-13,CLI0081,PRD0199,V013,CC08,,DOC105690,28259.71,Receita
2023-10-08,CLI0265,PRD0018,V001,CC04,FOR0004,DOC105691,6482.95,Despesa
2026-09-23,CLI0200,PRD0056,V023,CC02,FOR0009,DOC105692,20337.36,Despesa
2024-09-09,CLI0206,PRD0038,V027,CC03,,DOC105693,29357.36,Receita
2024-12-11,CLI0288,PRD0113,V016,CC01,FOR0029,DOC105694,21317.02,Despesa
2024-04-15,CLI0117,PRD0119,V013,CC02,FOR0046,DOC105695,27844.87,Despesa
2024-11-13,CLI0009,PRD0051,V001,CC04,FOR0045,DOC105696,25714.34,Despesa
2024-08-05,CLI0150,PRD0091,V007,CC01,FOR0041,DOC105697,27183.68,Despesa
2024-03-31,CLI0293,PRD0182,V022,CC04,FOR0071,DOC105698,3149.57,Despesa
2023-05-27,CLI0086,PRD0125,V026,CC06,FOR0058,DOC105699,6294.92,Despesa
2026-09-17,CLI0211,PRD0105,V022,CC05,FOR0065,DOC105700,4215.65,Despesa
2026-09-04,CLI0183,PRD0082,V017,CC03,FOR0086,DOC105701,24200.79,Despesa
2026-05-15,CLI0034,PRD0168,V030,CC06,,DOC105702,20343.56,Receita
2023-09-22,CLI0095,PRD0199,V022,CC05,,DOC105703,21614.26,Receita
2024-04-20,CLI0093,PRD0072,V018,CC08,,DOC105704,20927.63,Receita
2024-01-01,CLI0167,PRD0106,V005,CC09,,DOC105705,16237.4,Receita
2023-12-20,CLI0043,PRD0186,V024,CC05,,DOC105706,18412.77,Receita
2023-05-13,CLI0243,PRD0080,V010,CC10,FOR0041,DOC105707,29803.73,Despesa
2024-09-24,CLI0152,PRD0060,V018,CC01,,DOC105708,2490.28,Receita
2024-08-04,CLI0092,PRD0109,V023,CC06,,DOC105709,8370.96,Receita
2023-12-06,CLI0057,PRD0164,V010,CC01,,DOC105710,5981.57,Receita
2026-07-31,CLI0112,PRD0130,V027,CC10,FOR0021,DOC105711,6238.78,Despesa
2025-08-25,CLI0157,PRD0139,V002,CC08,FOR0013,DOC105712,14080.2,Despesa
2024-07-14,CLI0202,PRD0102,V030,CC06,,DOC105713,2145.58,Receita
2023-05-21,CLI0208,PRD0134,V012,CC07,FOR0021,DOC105714,27690.54,Despesa
2025-04-11,CLI0029,PRD0119,V001,CC07,,DOC105715,19508.81,Receita
2025-04-07,CLI0054,PRD0075,V003,CC02,,DOC105716,16400.3,Receita
2026-07-22,CLI0271,PRD0085,V016,CC07,,DOC105717,1479.05,Receita
2023-07-30,CLI0075,PRD0196,V026,CC03,,DOC105718,9326.55,Receita
2023-05-06,CLI0184,PRD0075,V013,CC03,,DOC105719,222.64,Receita
2024-11-04,CLI0041,PRD0105,V009,CC09,FOR0023,DOC105720,15295.65,Despesa
2024-07-25,CLI0250,PRD0152,V029,CC05,,DOC105721,21684.66,Receita
2024-03-13,CLI0289,PRD0199,V012,CC09,,DOC105722,21097.76,Receita
2024-06-08,CLI0023,PRD0142,V014,CC10,FOR0059,DOC105723,20150.75,Despesa
2024-12-10,CLI0056,PRD0006,V005,CC07,FOR0017,DOC105724,22458.01,Despesa
2026-12-17,CLI0275,PRD0133,V001,CC09,,DOC105725,11194.06,Receita
2026-10-17,CLI0224,PRD0168,V001,CC10,,DOC105726,12439.23,Receita
2024-06-11,CLI0057,PRD0161,V029,CC05,,DOC105727,14108.48,Receita
2024-01-21,CLI0142,PRD0147,V023,CC04,FOR0044,DOC105728,10486.74,Despesa
2023-10-02,CLI0281,PRD0030,V028,CC06,FOR0084,DOC105729,16794.52,Despesa
2026-05-14,CLI0257,PRD0104,V024,CC10,FOR0025,DOC105730,7843.04,Despesa
2026-06-29,CLI0063,PRD0198,V013,CC07,,DOC105731,22414.39,Receita
2023-06-01,CLI0058,PRD0185,V015,CC09,,DOC105732,18558.83,Receita
2024-11-03,CLI0267,PRD0151,V029,CC10,FOR0043,DOC105733,20711.62,Despesa
2025-11-12,CLI0093,PRD0009,V026,CC09,,DOC105734,4449.2,Receita
2023-03-31,CLI0084,PRD0065,V027,CC03,FOR0030,DOC105735,16661.04,Despesa
2026-01-16,CLI0155,PRD0036,V008,CC06,,DOC105736,3495.44,Receita
2024-11-01,CLI0096,PRD0086,V017,CC04,FOR0025,DOC105737,19639.72,Despesa
2026-07-14,CLI0199,PRD0005,V006,CC08,,DOC105738,20246.23,Receita
2023-06-29,CLI0281,PRD0143,V021,CC09,FOR0071,DOC105739,12598.32,Despesa
2023-03-03,CLI0278,PRD0173,V008,CC02,,DOC105740,23660.2,Receita
2023-05-07,CLI0157,PRD0062,V003,CC09,,DOC105741,23719.31,Receita
2024-04-30,CLI0175,PRD0068,V020,CC02,,DOC105742,12913.52,Receita
2024-01-26,CLI0293,PRD0018,V029,CC08,,DOC105743,27536.83,Receita
2024-05-16,CLI0198,PRD0034,V013,CC06,,DOC105744,4812.14,Receita
2024-01-03,CLI0169,PRD0175,V016,CC06,,DOC105745,24013.52,Receita
2026-05-25,CLI0291,PRD0105,V004,CC06,FOR0078,DOC105746,13327.48,Despesa
2023-01-06,CLI0143,PRD0098,V027,CC09,FOR0029,DOC105747,24188.38,Despesa
2023-06-26,CLI0096,PRD0137,V002,CC05,FOR0004,DOC105748,22152.96,Despesa
2025-10-02,CLI0096,PRD0123,V029,CC03,,DOC105749,12165.98,Receita
2023-12-18,CLI0105,PRD0062,V020,CC03,FOR0060,DOC105750,18526.28,Despesa
2023-07-29,CLI0087,PRD0069,V013,CC07,FOR0067,DOC105751,8810.79,Despesa
2025-10-23,CLI0272,PRD0147,V004,CC06,FOR0053,DOC105752,22770.28,Despesa
2026-03-29,CLI0104,PRD0016,V002,CC07,FOR0004,DOC105753,15105.26,Despesa
2024-09-17,CLI0288,PRD0186,V002,CC05,FOR0027,DOC105754,27886.48,Despesa
2024-11-08,CLI0155,PRD0084,V028,CC03,FOR0074,DOC105755,968.8,Despesa
2023-11-24,CLI0291,PRD0161,V012,CC09,FOR0001,DOC105756,15157.14,Despesa
2026-11-27,CLI0122,PRD0045,V008,CC10,,DOC105757,9535.09,Receita
2026-06-07,CLI0083,PRD0183,V019,CC01,FOR0047,DOC105758,1769.78,Despesa
2023-01-10,CLI0081,PRD0149,V018,CC02,FOR0018,DOC105759,19566.09,Despesa
2023-10-15,CLI0134,PRD0108,V017,CC07,FOR0071,DOC105760,10947.16,Despesa
2024-07-22,CLI0217,PRD0165,V022,CC03,,DOC105761,15436.82,Receita
2025-05-13,CLI0019,PRD0187,V029,CC07,,DOC105762,23986.84,Receita
2026-10-30,CLI0011,PRD0155,V005,CC05,,DOC105763,23690.64,Receita
2025-02-09,CLI0156,PRD0047,V017,CC01,,DOC105764,14919.56,Receita
2024-10-27,CLI0064,PRD0037,V014,CC08,FOR0076,DOC105765,5494.24,Despesa
2023-02-11,CLI0295,PRD0130,V028,CC02,,DOC105766,7443.2,Receita
2025-09-18,CLI0240,PRD0107,V006,CC02,,DOC105767,4407.51,Receita
2023-08-05,CLI0118,PRD0189,V025,CC04,FOR0055,DOC105768,15089.29,Despesa
2025-07-14,CLI0276,PRD0131,V019,CC07,,DOC105769,9038.7,Receita
2023-06-29,CLI0095,PRD0116,V021,CC08,,DOC105770,20108.76,Receita
2026-07-21,CLI0138,PRD0056,V006,CC02,FOR0093,DOC105771,8563.35,Despesa
2023-06-08,CLI0119,PRD0055,V003,CC09,FOR0015,DOC105772,28877.05,Despesa
2024-04-27,CLI0111,PRD0039,V019,CC03,FOR0092,DOC105773,20118.46,Despesa
2023-12-08,CLI0230,PRD0053,V006,CC02,,DOC105774,26560.92,Receita
2023-09-17,CLI0087,PRD0185,V008,CC01,FOR0009,DOC105775,5974.67,Despesa
2025-01-16,CLI0267,PRD0123,V006,CC01,,DOC105776,27855.82,Receita
2025-08-21,CLI0030,PRD0009,V002,CC02,,DOC105777,15353.4,Receita
2025-06-08,CLI0177,PRD0144,V020,CC02,FOR0036,DOC105778,6607.8,Despesa
2024-03-09,CLI0269,PRD0024,V022,CC08,,DOC105779,5337.65,Receita
2023-08-22,CLI0095,PRD0061,V017,CC07,,DOC105780,4956.31,Receita
2023-09-04,CLI0125,PRD0095,V003,CC04,FOR0087,DOC105781,29953.28,Despesa
2025-08-03,CLI0058,PRD0062,V027,CC08,,DOC105782,23811.5,Receita
2026-04-19,CLI0298,PRD0038,V019,CC02,FOR0042,DOC105783,15194.3,Despesa
2023-09-29,CLI0039,PRD0011,V003,CC06,FOR0016,DOC105784,24070.26,Despesa
2024-11-01,CLI0107,PRD0182,V015,CC08,FOR0008,DOC105785,7177.6,Despesa
2025-02-06,CLI0066,PRD0052,V010,CC05,FOR0057,DOC105786,15302.74,Despesa
2026-04-22,CLI0245,PRD0074,V020,CC10,FOR0013,DOC105787,9185.27,Despesa
2025-12-07,CLI0052,PRD0196,V001,CC10,,DOC105788,25638.08,Receita
2026-06-01,CLI0049,PRD0084,V011,CC03,FOR0081,DOC105789,723.41,Despesa
2026-01-23,CLI0274,PRD0050,V024,CC08,FOR0090,DOC105790,8602.77,Despesa
2024-08-12,CLI0185,PRD0021,V001,CC08,,DOC105791,14878.72,Receita
2024-07-04,CLI0107,PRD0169,V020,CC03,FOR0017,DOC105792,29756.0,Despesa
2024-09-30,CLI0235,PRD0141,V025,CC05,FOR0047,DOC105793,21389.4,Despesa
2023-05-01,CLI0066,PRD0083,V024,CC10,FOR0082,DOC105794,23977.27,Despesa
2025-03-13,CLI0001,PRD0055,V014,CC06,,DOC105795,18666.29,Receita
2026-07-09,CLI0176,PRD0039,V026,CC08,FOR0001,DOC105796,25664.06,Despesa
2026-12-10,CLI0273,PRD0011,V019,CC09,FOR0100,DOC105797,11059.84,Despesa
2025-01-19,CLI0118,PRD0166,V030,CC01,FOR0052,DOC105798,26209.04,Despesa
2024-02-29,CLI0202,PRD0141,V020,CC08,,DOC105799,17031.75,Receita
2026-07-25,CLI0190,PRD0077,V030,CC07,FOR0001,DOC105800,19778.7,Despesa
2025-12-31,CLI0233,PRD0200,V027,CC10,FOR0035,DOC105801,27380.04,Despesa
2025-09-10,CLI0274,PRD0085,V020,CC07,,DOC105802,8096.37,Receita
2023-02-04,CLI0296,PRD0153,V005,CC05,FOR0067,DOC105803,2468.66,Despesa
2023-03-16,CLI0297,PRD0095,V023,CC06,,DOC105804,9124.25,Receita
2026-11-25,CLI0078,PRD0140,V025,CC03,FOR0003,DOC105805,23473.04,Despesa
2024-10-30,CLI0061,PRD0018,V028,CC07,FOR0021,DOC105806,21320.0,Despesa
2023-07-08,CLI0023,PRD0091,V022,CC08,FOR0066,DOC105807,12195.05,Despesa
2025-07-14,CLI0247,PRD0139,V002,CC03,FOR0090,DOC105808,14467.98,Despesa
2024-10-21,CLI0063,PRD0147,V024,CC01,,DOC105809,5292.2,Receita
2024-07-09,CLI0196,PRD0132,V028,CC10,FOR0005,DOC105810,24267.55,Despesa
2024-05-20,CLI0087,PRD0158,V022,CC02,FOR0087,DOC105811,7160.11,Despesa
2025-10-25,CLI0181,PRD0085,V019,CC06,FOR0028,DOC105812,9036.76,Despesa
2026-04-15,CLI0146,PRD0006,V029,CC04,FOR0053,DOC105813,5909.46,Despesa
2023-02-05,CLI0024,PRD0173,V014,CC06,,DOC105814,9385.1,Receita
2026-02-22,CLI0035,PRD0013,V022,CC07,,DOC105815,10153.95,Receita
2025-09-04,CLI0153,PRD0122,V008,CC04,,DOC105816,5601.76,Receita
2024-03-23,CLI0282,PRD0185,V019,CC08,FOR0001,DOC105817,24883.35,Despesa
2026-08-14,CLI0171,PRD0107,V013,CC06,,DOC105818,16638.35,Receita
2023-01-24,CLI0157,PRD0103,V017,CC05,,DOC105819,23713.63,Receita
2023-06-19,CLI0294,PRD0096,V013,CC04,FOR0047,DOC105820,16397.89,Despesa
2025-10-27,CLI0049,PRD0172,V002,CC07,,DOC105821,16154.74,Receita
2026-03-16,CLI0083,PRD0115,V007,CC01,,DOC105822,6063.33,Receita
2025-05-10,CLI0267,PRD0089,V012,CC03,FOR0092,DOC105823,17151.91,Despesa
2023-08-12,CLI0161,PRD0053,V007,CC03,FOR0082,DOC105824,23721.65,Despesa
2026-03-09,CLI0105,PRD0093,V006,CC06,FOR0099,DOC105825,14399.34,Despesa
2024-08-10,CLI0262,PRD0197,V019,CC06,,DOC105826,8790.2,Receita
2023-02-04,CLI0210,PRD0044,V024,CC02,,DOC105827,4870.77,Receita
2024-03-17,CLI0055,PRD0130,V024,CC04,FOR0076,DOC105828,28268.14,Despesa
2023-10-11,CLI0125,PRD0052,V016,CC05,,DOC105829,26054.72,Receita
2025-05-14,CLI0005,PRD0189,V019,CC02,,DOC105830,28314.23,Receita
2023-03-26,CLI0102,PRD0091,V002,CC05,,DOC105831,20687.88,Receita
2023-12-04,CLI0279,PRD0040,V002,CC09,FOR0072,DOC105832,8609.23,Despesa
2024-10-26,CLI0142,PRD0057,V011,CC08,,DOC105833,4125.54,Receita
2025-01-11,CLI0132,PRD0003,V025,CC01,,DOC105834,28260.71,Receita
2023-11-06,CLI0253,PRD0189,V009,CC10,,DOC105835,9214.23,Receita
2024-05-13,CLI0049,PRD0059,V021,CC07,,DOC105836,25761.95,Receita
2025-05-08,CLI0192,PRD0043,V007,CC09,,DOC105837,9834.7,Receita
2026-07-26,CLI0041,PRD0190,V002,CC06,FOR0065,DOC105838,16821.72,Despesa
2024-03-31,CLI0232,PRD0123,V023,CC08,FOR0021,DOC105839,15331.18,Despesa
2026-12-22,CLI0092,PRD0199,V016,CC02,FOR0012,DOC105840,18845.83,Despesa
2024-06-23,CLI0111,PRD0083,V001,CC02,FOR0023,DOC105841,9073.55,Despesa
2026-11-08,CLI0130,PRD0168,V002,CC01,FOR0031,DOC105842,12593.81,Despesa
2023-03-18,CLI0037,PRD0107,V001,CC06,FOR0070,DOC105843,20602.4,Despesa
2023-07-06,CLI0098,PRD0052,V014,CC04,,DOC105844,23423.75,Receita
2026-03-10,CLI0001,PRD0199,V025,CC04,,DOC105845,17378.07,Receita
2024-12-19,CLI0240,PRD0159,V029,CC03,FOR0066,DOC105846,12862.29,Despesa
2024-04-01,CLI0288,PRD0103,V021,CC08,,DOC105847,20932.83,Receita
2023-11-08,CLI0013,PRD0001,V016,CC02,FOR0043,DOC105848,24017.93,Despesa
2024-03-06,CLI0244,PRD0096,V026,CC03,,DOC105849,19984.69,Receita
2023-06-03,CLI0022,PRD0100,V022,CC05,FOR0059,DOC105850,22556.56,Despesa
2026-08-19,CLI0250,PRD0048,V009,CC01,FOR0012,DOC105851,10871.63,Despesa
2023-05-19,CLI0209,PRD0061,V011,CC03,FOR0058,DOC105852,17603.32,Despesa
2026-12-23,CLI0108,PRD0021,V016,CC04,FOR0003,DOC105853,27988.88,Despesa
2026-10-01,CLI0059,PRD0198,V027,CC10,,DOC105854,4031.08,Receita
2024-06-04,CLI0241,PRD0066,V018,CC09,,DOC105855,2587.05,Receita
2024-11-23,CLI0195,PRD0159,V003,CC06,FOR0017,DOC105856,12059.15,Despesa
2023-03-06,CLI0293,PRD0045,V025,CC05,,DOC105857,26464.44,Receita
2026-08-31,CLI0021,PRD0065,V007,CC09,FOR0053,DOC105858,3822.36,Despesa
2025-03-08,CLI0158,PRD0041,V021,CC08,,DOC105859,20469.76,Receita
2026-06-26,CLI0195,PRD0056,V010,CC03,FOR0021,DOC105860,22264.7,Despesa
2023-06-22,CLI0218,PRD0152,V027,CC10,,DOC105861,25280.73,Receita
2026-08-16,CLI0098,PRD0151,V028,CC05,FOR0062,DOC105862,13525.06,Despesa
2025-07-03,CLI0261,PRD0022,V015,CC03,,DOC105863,15898.31,Receita
2023-02-22,CLI0250,PRD0190,V016,CC04,FOR0051,DOC105864,13147.63,Despesa
2023-11-17,CLI0135,PRD0121,V003,CC07,FOR0040,DOC105865,25433.34,Despesa
2025-09-18,CLI0115,PRD0119,V021,CC10,,DOC105866,27987.59,Receita
2026-06-02,CLI0185,PRD0076,V025,CC05,,DOC105867,23906.73,Receita
2026-02-16,CLI0032,PRD0157,V015,CC07,,DOC105868,4646.49,Receita
2026-07-15,CLI0016,PRD0144,V007,CC02,,DOC105869,2742.59,Receita
2024-03-23,CLI0104,PRD0178,V029,CC01,FOR0002,DOC105870,2157.39,Despesa
2025-01-17,CLI0056,PRD0070,V025,CC10,,DOC105871,23105.95,Receita
2026-08-25,CLI0004,PRD0031,V015,CC10,,DOC105872,22197.11,Receita
2024-04-03,CLI0117,PRD0098,V011,CC03,,DOC105873,26705.08,Receita
2023-01-11,CLI0194,PRD0114,V023,CC10,FOR0091,DOC105874,24609.64,Despesa
2026-06-15,CLI0009,PRD0048,V019,CC06,,DOC105875,29477.49,Receita
2024-02-07,CLI0094,PRD0039,V008,CC09,FOR0053,DOC105876,17436.44,Despesa
2025-07-12,CLI0199,PRD0109,V016,CC01,,DOC105877,23311.83,Receita
2023-10-10,CLI0044,PRD0156,V007,CC09,FOR0006,DOC105878,3196.26,Despesa
2024-01-27,CLI0082,PRD0127,V004,CC07,FOR0083,DOC105879,19804.99,Despesa
2026-12-27,CLI0184,PRD0075,V005,CC01,FOR0017,DOC105880,28831.19,Despesa
2026-10-06,CLI0084,PRD0147,V030,CC08,,DOC105881,22972.7,Receita
2026-02-10,CLI0115,PRD0087,V002,CC03,FOR0060,DOC105882,15404.91,Despesa
2024-02-21,CLI0254,PRD0156,V023,CC09,FOR0055,DOC105883,6330.43,Despesa
2024-09-06,CLI0300,PRD0151,V003,CC03,,DOC105884,11167.2,Receita
2025-08-20,CLI0128,PRD0112,V008,CC01,,DOC105885,4986.01,Receita
2024-07-09,CLI0142,PRD0107,V009,CC02,FOR0066,DOC105886,15884.22,Despesa
2026-03-31,CLI0221,PRD0002,V022,CC03,,DOC105887,15326.94,Receita
2024-07-04,CLI0102,PRD0046,V018,CC06,FOR0092,DOC105888,12713.89,Despesa
2024-11-11,CLI0257,PRD0118,V016,CC06,FOR0007,DOC105889,25746.08,Despesa
2026-10-04,CLI0173,PRD0108,V018,CC05,,DOC105890,9391.21,Receita
2026-12-07,CLI0159,PRD0053,V009,CC06,,DOC105891,5648.41,Receita
2023-07-19,CLI0191,PRD0105,V016,CC04,,DOC105892,2792.55,Receita
2023-03-29,CLI0030,PRD0153,V015,CC06,FOR0056,DOC105893,23373.58,Despesa
2023-08-18,CLI0270,PRD0083,V013,CC05,FOR0045,DOC105894,14902.17,Despesa
2023-03-06,CLI0086,PRD0124,V007,CC03,FOR0052,DOC105895,20643.48,Despesa
2025-11-17,CLI0009,PRD0092,V001,CC04,FOR0081,DOC105896,732.09,Despesa
2024-09-08,CLI0132,PRD0014,V012,CC08,,DOC105897,21456.23,Receita
2026-02-04,CLI0285,PRD0032,V026,CC02,FOR0076,DOC105898,6830.49,Despesa
2026-03-29,CLI0117,PRD0114,V028,CC02,,DOC105899,12050.48,Receita
2025-12-18,CLI0288,PRD0145,V026,CC06,,DOC105900,4176.46,Receita
2025-02-24,CLI0066,PRD0075,V022,CC05,FOR0026,DOC105901,25269.93,Despesa
2024-04-10,CLI0215,PRD0071,V005,CC07,,DOC105902,8236.37,Receita
2024-05-06,CLI0150,PRD0056,V025,CC07,FOR0006,DOC105903,12087.63,Despesa
2026-01-02,CLI0267,PRD0173,V012,CC10,FOR0090,DOC105904,22451.85,Despesa
2026-10-30,CLI0091,PRD0015,V016,CC02,,DOC105905,15137.46,Receita
2023-07-31,CLI0022,PRD0088,V016,CC10,FOR0033,DOC105906,18359.76,Despesa
2023-09-08,CLI0044,PRD0028,V002,CC02,,DOC105907,5016.88,Receita
2025-10-13,CLI0253,PRD0001,V004,CC05,,DOC105908,10748.82,Receita
2026-08-05,CLI0165,PRD0107,V006,CC03,FOR0085,DOC105909,22413.82,Despesa
2025-08-29,CLI0043,PRD0030,V021,CC03,,DOC105910,27054.48,Receita
2025-07-22,CLI0109,PRD0120,V028,CC02,FOR0008,DOC105911,11866.04,Despesa
2026-03-21,CLI0224,PRD0151,V009,CC08,,DOC105912,22878.3,Receita
2024-04-22,CLI0178,PRD0066,V002,CC02,FOR0099,DOC105913,23475.38,Despesa
2025-05-13,CLI0015,PRD0037,V007,CC03,FOR0037,DOC105914,27964.67,Despesa
2023-08-06,CLI0101,PRD0013,V009,CC02,FOR0005,DOC105915,21824.46,Despesa
2023-06-23,CLI0056,PRD0084,V023,CC09,FOR0069,DOC105916,2431.65,Despesa
2026-04-22,CLI0082,PRD0148,V030,CC04,FOR0055,DOC105917,5070.79,Despesa
2026-10-31,CLI0136,PRD0156,V014,CC10,FOR0025,DOC105918,24217.32,Despesa
2024-08-25,CLI0063,PRD0024,V026,CC01,FOR0062,DOC105919,23507.77,Despesa
2023-11-19,CLI0208,PRD0067,V005,CC09,,DOC105920,135.84,Receita
2023-11-02,CLI0173,PRD0067,V015,CC04,FOR0045,DOC105921,11701.56,Despesa
2026-10-23,CLI0283,PRD0128,V023,CC08,,DOC105922,10682.4,Receita
2025-04-06,CLI0199,PRD0071,V014,CC03,FOR0085,DOC105923,17670.01,Despesa
2023-12-22,CLI0022,PRD0093,V005,CC08,FOR0064,DOC105924,6957.74,Despesa
2026-08-22,CLI0216,PRD0160,V018,CC08,,DOC105925,9253.65,Receita
2024-10-31,CLI0241,PRD0040,V030,CC09,FOR0010,DOC105926,15958.48,Despesa
2023-05-23,CLI0124,PRD0133,V027,CC08,FOR0028,DOC105927,26247.24,Despesa
2024-11-06,CLI0141,PRD0035,V026,CC07,,DOC105928,17651.54,Receita
2025-10-20,CLI0110,PRD0073,V028,CC09,,DOC105929,28209.24,Receita
2026-12-04,CLI0285,PRD0055,V018,CC10,,DOC105930,3334.17,Receita
2026-03-13,CLI0046,PRD0010,V017,CC08,FOR0095,DOC105931,9990.49,Despesa
2025-06-06,CLI0277,PRD0124,V012,CC03,FOR0085,DOC105932,5185.73,Despesa
2023-10-15,CLI0095,PRD0016,V007,CC05,FOR0050,DOC105933,26184.04,Despesa
2026-06-18,CLI0037,PRD0172,V026,CC10,,DOC105934,12388.18,Receita
2023-07-21,CLI0035,PRD0143,V008,CC09,FOR0094,DOC105935,7452.84,Despesa
2024-11-05,CLI0176,PRD0176,V001,CC08,,DOC105936,9868.92,Receita
2023-04-13,CLI0066,PRD0159,V023,CC05,FOR0068,DOC105937,20813.33,Despesa
2024-01-06,CLI0142,PRD0192,V015,CC05,,DOC105938,3145.83,Receita
2024-01-17,CLI0113,PRD0039,V030,CC02,,DOC105939,12348.73,Receita
2026-01-17,CLI0232,PRD0157,V014,CC02,FOR0031,DOC105940,20560.67,Despesa
2025-09-19,CLI0043,PRD0045,V009,CC05,FOR0002,DOC105941,4166.12,Despesa
2024-10-19,CLI0258,PRD0178,V013,CC02,FOR0046,DOC105942,16775.95,Despesa
2024-03-16,CLI0295,PRD0062,V029,CC08,FOR0095,DOC105943,26374.58,Despesa
2023-12-18,CLI0043,PRD0132,V027,CC07,,DOC105944,5414.54,Receita
2025-11-06,CLI0156,PRD0064,V023,CC03,,DOC105945,14734.0,Receita
2026-04-14,CLI0009,PRD0104,V016,CC08,FOR0055,DOC105946,9361.77,Despesa
2023-08-15,CLI0286,PRD0004,V008,CC07,,DOC105947,28801.04,Receita
2024-11-03,CLI0239,PRD0146,V027,CC10,FOR0098,DOC105948,23646.16,Despesa
2026-09-21,CLI0018,PRD0003,V016,CC04,,DOC105949,27144.64,Receita
2024-11-13,CLI0004,PRD0185,V023,CC02,,DOC105950,3738.58,Receita
2023-11-01,CLI0231,PRD0163,V027,CC03,,DOC105951,6978.6,Receita
2023-06-25,CLI0081,PRD0081,V006,CC09,FOR0024,DOC105952,27652.68,Despesa
2023-03-12,CLI0019,PRD0056,V006,CC02,,DOC105953,17652.01,Receita
2025-01-24,CLI0019,PRD0187,V007,CC02,,DOC105954,9232.71,Receita
2023-05-24,CLI0157,PRD0138,V022,CC09,,DOC105955,1570.39,Receita
2024-04-14,CLI0042,PRD0017,V009,CC05,FOR0099,DOC105956,15799.75,Despesa
2026-08-14,CLI0240,PRD0014,V002,CC05,FOR0015,DOC105957,3431.18,Despesa
2023-11-11,CLI0178,PRD0036,V012,CC06,FOR0090,DOC105958,17510.01,Despesa
2025-07-31,CLI0191,PRD0048,V013,CC03,,DOC105959,5649.62,Receita
2025-12-12,CLI0205,PRD0178,V010,CC09,FOR0040,DOC105960,5431.3,Despesa
2024-02-01,CLI0170,PRD0179,V030,CC08,,DOC105961,7749.72,Receita
2024-04-21,CLI0210,PRD0123,V024,CC01,,DOC105962,10880.9,Receita
2025-02-16,CLI0062,PRD0168,V017,CC06,FOR0011,DOC105963,10437.58,Despesa
2026-11-20,CLI0121,PRD0080,V010,CC04,,DOC105964,12652.62,Receita
2024-08-22,CLI0262,PRD0118,V024,CC02,,DOC105965,2349.9,Receita
2024-11-06,CLI0265,PRD0159,V030,CC08,FOR0030,DOC105966,3436.22,Despesa
2023-08-09,CLI0094,PRD0062,V011,CC01,FOR0011,DOC105967,11756.95,Despesa
2026-12-19,CLI0013,PRD0107,V024,CC01,,DOC105968,14929.56,Receita
2024-08-20,CLI0294,PRD0002,V011,CC08,,DOC105969,14502.58,Receita
2025-04-22,CLI0115,PRD0141,V028,CC10,FOR0039,DOC105970,2501.05,Despesa
2026-07-26,CLI0100,PRD0118,V026,CC03,FOR0019,DOC105971,25021.01,Despesa
2025-03-05,CLI0073,PRD0008,V008,CC06,,DOC105972,2701.24,Receita
2023-03-08,CLI0253,PRD0059,V005,CC03,,DOC105973,11696.04,Receita
2026-12-18,CLI0056,PRD0154,V018,CC06,FOR0060,DOC105974,14899.17,Despesa
2024-11-10,CLI0190,PRD0079,V011,CC10,FOR0082,DOC105975,19584.55,Despesa
2024-12-20,CLI0151,PRD0033,V001,CC04,FOR0080,DOC105976,29638.31,Despesa
2025-04-05,CLI0300,PRD0153,V018,CC01,,DOC105977,10647.46,Receita
2026-10-25,CLI0101,PRD0060,V001,CC10,,DOC105978,29674.87,Receita
2023-09-11,CLI0003,PRD0074,V027,CC01,,DOC105979,577.46,Receita
2024-04-14,CLI0116,PRD0164,V023,CC09,FOR0099,DOC105980,23434.35,Despesa
2026-12-12,CLI0122,PRD0056,V004,CC07,FOR0036,DOC105981,20168.33,Despesa
2024-01-21,CLI0068,PRD0117,V030,CC06,,DOC105982,24000.99,Receita
2026-03-08,CLI0214,PRD0101,V017,CC04,,DOC105983,20957.67,Receita
2025-01-20,CLI0060,PRD0103,V018,CC07,,DOC105984,27701.9,Receita
2026-09-29,CLI0271,PRD0012,V009,CC01,,DOC105985,2052.03,Receita
2024-03-23,CLI0079,PRD0174,V027,CC03,FOR0095,DOC105986,28507.51,Despesa
2023-05-04,CLI0260,PRD0045,V021,CC08,,DOC105987,22559.57,Receita
2026-02-07,CLI0139,PRD0115,V017,CC09,FOR0094,DOC105988,27470.36,Despesa
2025-01-08,CLI0195,PRD0200,V019,CC06,,DOC105989,10065.9,Receita
2024-05-08,CLI0120,PRD0115,V011,CC06,,DOC105990,13360.68,Receita
2025-01-31,CLI0124,PRD0173,V021,CC01,,DOC105991,5707.93,Receita
2025-08-07,CLI0024,PRD0077,V012,CC05,,DOC105992,7255.98,Receita
2026-01-17,CLI0205,PRD0153,V027,CC05,,DOC105993,19536.29,Receita
2024-07-28,CLI0088,PRD0078,V015,CC03,,DOC105994,11743.98,Receita
2026-12-23,CLI0001,PRD0067,V011,CC10,,DOC105995,2662.2,Receita
2025-04-07,CLI0247,PRD0146,V014,CC10,FOR0084,DOC105996,427.02,Despesa
2026-02-25,CLI0127,PRD0144,V008,CC05,,DOC105997,3212.37,Receita
2025-04-13,CLI0082,PRD0091,V009,CC04,FOR0059,DOC105998,19608.26,Despesa
2024-06-09,CLI0104,PRD0018,V013,CC10,,DOC105999,12260.61,Receita
2023-11-15,CLI0125,PRD0004,V014,CC10,,DOC106000,27268.7,Receita
2023-05-08,CLI0087,PRD0162,V014,CC09,FOR0032,DOC106001,27961.49,Despesa
2023-07-01,CLI0184,PRD0004,V016,CC10,,DOC106002,28673.45,Receita
2024-01-27,CLI0009,PRD0018,V029,CC06,FOR0005,DOC106003,25109.66,Despesa
2026-11-15,CLI0166,PRD0116,V008,CC05,FOR0070,DOC106004,24176.11,Despesa
2026-09-08,CLI0268,PRD0049,V019,CC05,FOR0024,DOC106005,20119.74,Despesa
2025-06-07,CLI0226,PRD0093,V006,CC02,FOR0061,DOC106006,9697.34,Despesa
2026-04-25,CLI0061,PRD0073,V026,CC02,FOR0025,DOC106007,22093.13,Despesa
2026-08-22,CLI0264,PRD0181,V002,CC04,,DOC106008,22331.26,Receita
2023-06-01,CLI0252,PRD0116,V029,CC05,,DOC106009,28879.68,Receita
2025-12-30,CLI0262,PRD0115,V011,CC10,FOR0073,DOC106010,14584.84,Despesa
2024-02-24,CLI0281,PRD0098,V020,CC06,,DOC106011,22553.54,Receita
2023-09-19,CLI0017,PRD0009,V002,CC10,,DOC106012,8858.97,Receita
2023-01-06,CLI0074,PRD0129,V016,CC04,,DOC106013,21596.58,Receita
2025-06-21,CLI0079,PRD0122,V020,CC05,,DOC106014,11087.45,Receita
2025-11-09,CLI0113,PRD0179,V023,CC01,,DOC106015,4555.16,Receita
2024-09-07,CLI0233,PRD0082,V014,CC04,,DOC106016,28832.71,Receita
2025-10-18,CLI0219,PRD0088,V025,CC05,FOR0040,DOC106017,7437.53,Despesa
2023-02-14,CLI0258,PRD0088,V007,CC06,,DOC106018,7612.85,Receita
2025-07-27,CLI0208,PRD0167,V020,CC05,FOR0023,DOC106019,28149.08,Despesa
2026-05-17,CLI0095,PRD0179,V015,CC08,,DOC106020,19319.79,Receita
2023-02-10,CLI0051,PRD0102,V002,CC09,,DOC106021,7587.97,Receita
2024-12-16,CLI0175,PRD0193,V021,CC10,FOR0079,DOC106022,590.2,Despesa
2026-08-16,CLI0160,PRD0153,V029,CC02,,DOC106023,21934.79,Receita
2026-06-05,CLI0178,PRD0031,V006,CC07,FOR0010,DOC106024,13086.98,Despesa
2026-03-16,CLI0203,PRD0131,V015,CC06,FOR0093,DOC106025,12112.18,Despesa
2026-02-12,CLI0019,PRD0054,V001,CC08,,DOC106026,4378.52,Receita
2024-02-11,CLI0190,PRD0089,V003,CC10,FOR0050,DOC106027,5389.08,Despesa
2024-04-17,CLI0151,PRD0099,V004,CC05,FOR0070,DOC106028,12240.78,Despesa
2023-05-15,CLI0274,PRD0179,V003,CC05,,DOC106029,23652.42,Receita
2024-11-28,CLI0224,PRD0077,V012,CC09,FOR0004,DOC106030,12647.29,Despesa
2024-07-31,CLI0069,PRD0048,V024,CC02,FOR0073,DOC106031,13334.16,Despesa
2024-04-04,CLI0202,PRD0199,V021,CC09,FOR0100,DOC106032,9243.89,Despesa
2024-02-16,CLI0263,PRD0184,V012,CC04,FOR0094,DOC106033,10897.31,Despesa
2023-06-19,CLI0217,PRD0130,V030,CC09,,DOC106034,16971.35,Receita
2023-04-22,CLI0075,PRD0003,V019,CC01,FOR0097,DOC106035,11826.27,Despesa
2024-10-07,CLI0014,PRD0014,V030,CC04,,DOC106036,5841.27,Receita
2025-02-08,CLI0045,PRD0103,V007,CC04,,DOC106037,26472.49,Receita
2023-07-12,CLI0215,PRD0031,V012,CC07,,DOC106038,29455.95,Receita
2025-03-09,CLI0116,PRD0064,V013,CC06,FOR0008,DOC106039,21984.96,Despesa
2024-09-09,CLI0023,PRD0054,V014,CC10,,DOC106040,15602.28,Receita
2025-03-07,CLI0140,PRD0143,V016,CC05,,DOC106041,12352.46,Receita
2023-06-13,CLI0225,PRD0025,V017,CC07,,DOC106042,22655.45,Receita
2023-12-12,CLI0285,PRD0176,V026,CC09,,DOC106043,5334.02,Receita
2023-12-03,CLI0069,PRD0105,V006,CC03,,DOC106044,21028.49,Receita
2026-05-07,CLI0135,PRD0173,V020,CC02,FOR0011,DOC106045,12318.14,Despesa
2025-03-04,CLI0251,PRD0188,V019,CC07,FOR0045,DOC106046,18611.77,Despesa
2026-02-07,CLI0126,PRD0049,V009,CC05,FOR0052,DOC106047,10756.03,Despesa
2024-02-29,CLI0003,PRD0043,V003,CC02,FOR0058,DOC106048,18103.87,Despesa
2024-01-02,CLI0279,PRD0002,V020,CC01,,DOC106049,7500.81,Receita
2025-06-22,CLI0260,PRD0196,V021,CC08,,DOC106050,28124.99,Receita
2023-04-21,CLI0081,PRD0160,V023,CC06,FOR0032,DOC106051,23880.24,Despesa
2023-12-10,CLI0252,PRD0135,V004,CC09,,DOC106052,8004.2,Receita
2025-08-20,CLI0211,PRD0020,V011,CC07,FOR0019,DOC106053,215.96,Despesa
2023-05-21,CLI0110,PRD0003,V002,CC08,,DOC106054,6782.41,Receita
2026-05-27,CLI0043,PRD0128,V019,CC10,FOR0079,DOC106055,11474.66,Despesa
2024-04-11,CLI0075,PRD0161,V015,CC05,,DOC106056,6312.8,Receita
2023-04-04,CLI0001,PRD0140,V004,CC07,,DOC106057,20700.49,Receita
2023-06-09,CLI0167,PRD0046,V006,CC10,FOR0084,DOC106058,24856.48,Despesa
2023-11-28,CLI0166,PRD0071,V004,CC01,FOR0056,DOC106059,13951.56,Despesa
2024-06-21,CLI0005,PRD0119,V014,CC01,FOR0048,DOC106060,24780.83,Despesa
2024-05-07,CLI0171,PRD0049,V004,CC08,FOR0031,DOC106061,26702.42,Despesa
2025-01-07,CLI0018,PRD0089,V025,CC06,,DOC106062,17437.0,Receita
2024-08-11,CLI0210,PRD0159,V028,CC02,FOR0078,DOC106063,7913.78,Despesa
2025-07-07,CLI0049,PRD0189,V007,CC03,FOR0013,DOC106064,19360.78,Despesa
2025-06-18,CLI0185,PRD0078,V015,CC04,,DOC106065,5323.97,Receita
2023-07-12,CLI0198,PRD0083,V030,CC09,,DOC106066,17585.06,Receita
2024-01-21,CLI0245,PRD0090,V027,CC06,FOR0053,DOC106067,20792.46,Despesa
2024-05-04,CLI0065,PRD0029,V001,CC06,FOR0063,DOC106068,27352.99,Despesa
2025-09-27,CLI0103,PRD0136,V012,CC10,FOR0067,DOC106069,16399.03,Despesa
2025-11-08,CLI0063,PRD0129,V024,CC07,,DOC106070,20904.63,Receita
2026-07-20,CLI0291,PRD0067,V004,CC04,FOR0053,DOC106071,22642.72,Despesa
2024-09-24,CLI0196,PRD0113,V005,CC07,FOR0033,DOC106072,20305.63,Despesa
2026-07-27,CLI0155,PRD0095,V013,CC10,,DOC106073,29071.21,Receita
2023-02-12,CLI0138,PRD0140,V030,CC10,,DOC106074,2193.53,Receita
2024-12-03,CLI0151,PRD0077,V011,CC09,,DOC106075,26358.8,Receita
2025-07-31,CLI0011,PRD0114,V025,CC01,,DOC106076,14671.08,Receita
2025-07-17,CLI0260,PRD0096,V014,CC03,,DOC106077,2113.37,Receita
2024-07-08,CLI0006,PRD0130,V002,CC03,,DOC106078,5106.73,Receita
2025-03-23,CLI0089,PRD0200,V026,CC02,FOR0075,DOC106079,5335.47,Despesa
2024-12-21,CLI0023,PRD0150,V016,CC08,FOR0068,DOC106080,19927.93,Despesa
2024-01-24,CLI0169,PRD0076,V028,CC03,FOR0064,DOC106081,20060.22,Despesa
2025-12-25,CLI0168,PRD0151,V006,CC04,FOR0030,DOC106082,21499.49,Despesa
2026-06-22,CLI0123,PRD0033,V003,CC09,,DOC106083,27137.33,Receita
2023-10-01,CLI0232,PRD0022,V010,CC05,FOR0076,DOC106084,25989.19,Despesa
2025-11-16,CLI0155,PRD0004,V012,CC04,FOR0083,DOC106085,24104.28,Despesa
2026-01-20,CLI0033,PRD0175,V006,CC01,FOR0071,DOC106086,1335.49,Despesa
2025-01-25,CLI0270,PRD0118,V004,CC09,FOR0082,DOC106087,21379.27,Despesa
2026-03-29,CLI0202,PRD0058,V023,CC07,FOR0010,DOC106088,5243.79,Despesa
2023-06-10,CLI0013,PRD0130,V028,CC04,,DOC106089,25454.76,Receita
2023-10-08,CLI0239,PRD0197,V020,CC09,,DOC106090,29361.12,Receita
2023-10-05,CLI0280,PRD0043,V026,CC06,FOR0080,DOC106091,24454.95,Despesa
2025-02-22,CLI0227,PRD0022,V016,CC10,FOR0064,DOC106092,8920.49,Despesa
2025-10-09,CLI0298,PRD0134,V015,CC03,FOR0097,DOC106093,16298.11,Despesa
2024-07-21,CLI0031,PRD0030,V028,CC06,,DOC106094,15332.68,Receita
2024-11-18,CLI0228,PRD0174,V004,CC09,,DOC106095,934.67,Receita
2023-01-07,CLI0002,PRD0009,V014,CC08,FOR0011,DOC106096,8195.65,Despesa
2024-07-19,CLI0036,PRD0070,V007,CC03,FOR0057,DOC106097,1440.7,Despesa
2023-05-29,CLI0268,PRD0200,V017,CC07,,DOC106098,15685.75,Receita
2024-04-24,CLI0062,PRD0078,V005,CC05,FOR0027,DOC106099,10157.1,Despesa
2025-07-04,CLI0145,PRD0141,V015,CC08,FOR0069,DOC106100,18273.16,Despesa
2024-10-27,CLI0272,PRD0153,V030,CC02,FOR0011,DOC106101,15154.26,Despesa
2023-07-19,CLI0084,PRD0066,V020,CC09,,DOC106102,17750.06,Receita
2023-12-02,CLI0228,PRD0172,V015,CC08,FOR0011,DOC106103,26759.26,Despesa
2025-10-27,CLI0215,PRD0196,V012,CC03,FOR0089,DOC106104,18731.39,Despesa
2025-06-04,CLI0226,PRD0035,V028,CC08,FOR0026,DOC106105,13472.02,Despesa
2023-12-22,CLI0153,PRD0101,V022,CC05,FOR0018,DOC106106,28023.64,Despesa
2025-11-30,CLI0187,PRD0060,V004,CC01,FOR0020,DOC106107,25186.37,Despesa
2026-11-16,CLI0099,PRD0160,V003,CC02,FOR0030,DOC106108,1803.11,Despesa
2024-10-07,CLI0094,PRD0116,V009,CC07,FOR0039,DOC106109,27199.43,Despesa
2023-04-26,CLI0102,PRD0184,V024,CC04,,DOC106110,12172.01,Receita
2025-08-02,CLI0101,PRD0074,V002,CC08,,DOC106111,14063.13,Receita
2024-06-27,CLI0026,PRD0115,V016,CC09,,DOC106112,8280.2,Receita
2025-02-11,CLI0246,PRD0139,V025,CC01,FOR0076,DOC106113,25364.03,Despesa
2023-03-05,CLI0143,PRD0146,V025,CC05,,DOC106114,28401.9,Receita
2024-09-08,CLI0024,PRD0079,V012,CC01,FOR0010,DOC106115,10679.0,Despesa
2026-04-02,CLI0297,PRD0187,V011,CC04,,DOC106116,20084.13,Receita
2026-07-15,CLI0130,PRD0143,V030,CC01,FOR0009,DOC106117,7945.61,Despesa
2026-02-11,CLI0221,PRD0104,V022,CC06,,DOC106118,14971.61,Receita
2024-09-04,CLI0111,PRD0175,V014,CC10,FOR0050,DOC106119,28967.35,Despesa
2024-01-01,CLI0185,PRD0187,V022,CC03,FOR0001,DOC106120,22227.5,Despesa
2026-11-05,CLI0244,PRD0159,V012,CC02,FOR0079,DOC106121,12644.29,Despesa
2026-07-12,CLI0197,PRD0190,V001,CC10,,DOC106122,6329.45,Receita
2024-04-30,CLI0129,PRD0171,V006,CC06,,DOC106123,11633.56,Receita
2025-10-11,CLI0111,PRD0016,V011,CC02,FOR0081,DOC106124,4415.36,Despesa
2025-08-19,CLI0129,PRD0114,V017,CC02,,DOC106125,11133.56,Receita
2023-11-16,CLI0279,PRD0148,V020,CC01,FOR0064,DOC106126,1725.2,Despesa
2025-11-29,CLI0017,PRD0143,V011,CC05,,DOC106127,18265.13,Receita
2026-02-07,CLI0073,PRD0031,V015,CC05,FOR0022,DOC106128,1245.86,Despesa
2026-06-26,CLI0266,PRD0109,V010,CC03,FOR0065,DOC106129,26494.11,Despesa
2026-06-02,CLI0083,PRD0143,V017,CC02,FOR0003,DOC106130,3034.9,Despesa
2026-08-24,CLI0175,PRD0060,V002,CC08,FOR0054,DOC106131,23535.46,Despesa
2024-02-20,CLI0223,PRD0177,V016,CC04,FOR0036,DOC106132,394.97,Despesa
2023-03-24,CLI0232,PRD0151,V004,CC06,,DOC106133,8932.2,Receita
2023-09-19,CLI0214,PRD0005,V017,CC04,,DOC106134,4363.88,Receita
2024-09-12,CLI0206,PRD0187,V001,CC09,FOR0059,DOC106135,17320.36,Despesa
2024-06-10,CLI0151,PRD0014,V022,CC06,FOR0003,DOC106136,20365.66,Despesa
2025-03-24,CLI0146,PRD0038,V010,CC04,FOR0097,DOC106137,2008.72,Despesa
2026-04-09,CLI0013,PRD0036,V016,CC09,,DOC106138,9872.87,Receita
2025-11-12,CLI0200,PRD0055,V014,CC10,,DOC106139,25150.83,Receita
2023-01-17,CLI0061,PRD0054,V009,CC09,FOR0099,DOC106140,179.36,Despesa
2026-09-02,CLI0114,PRD0048,V015,CC03,,DOC106141,25161.8,Receita
2023-05-11,CLI0178,PRD0143,V022,CC07,FOR0075,DOC106142,5466.71,Despesa
2023-11-09,CLI0114,PRD0072,V030,CC03,FOR0050,DOC106143,14969.45,Despesa
2025-05-05,CLI0277,PRD0001,V025,CC06,FOR0044,DOC106144,14412.9,Despesa
2023-05-08,CLI0231,PRD0037,V004,CC09,FOR0031,DOC106145,6699.4,Despesa
2025-08-29,CLI0198,PRD0003,V030,CC10,FOR0020,DOC106146,28862.36,Despesa
2025-06-16,CLI0243,PRD0134,V009,CC03,,DOC106147,23860.9,Receita
2025-04-01,CLI0021,PRD0002,V020,CC08,,DOC106148,28173.08,Receita
2023-11-28,CLI0191,PRD0054,V009,CC01,,DOC106149,4297.06,Receita
2025-05-05,CLI0074,PRD0152,V007,CC07,FOR0009,DOC106150,16430.73,Despesa
2024-09-23,CLI0044,PRD0070,V007,CC08,FOR0071,DOC106151,20922.53,Despesa
2026-12-08,CLI0177,PRD0071,V013,CC04,,DOC106152,6745.8,Receita
2026-02-13,CLI0034,PRD0107,V001,CC08,FOR0003,DOC106153,10614.27,Despesa
2024-09-30,CLI0099,PRD0182,V018,CC01,,DOC106154,15010.3,Receita
2023-02-18,CLI0243,PRD0090,V007,CC01,FOR0092,DOC106155,23323.79,Despesa
2024-01-19,CLI0055,PRD0116,V030,CC10,,DOC106156,24753.34,Receita
2026-10-18,CLI0189,PRD0159,V009,CC07,FOR0037,DOC106157,26881.65,Despesa
2026-05-03,CLI0238,PRD0021,V014,CC01,FOR0008,DOC106158,21502.58,Despesa
2023-03-03,CLI0204,PRD0023,V030,CC04,FOR0026,DOC106159,24172.94,Despesa
2026-07-13,CLI0054,PRD0101,V004,CC06,,DOC106160,28117.7,Receita
2025-06-29,CLI0190,PRD0093,V002,CC07,FOR0038,DOC106161,1657.86,Despesa
2024-01-03,CLI0167,PRD0040,V001,CC08,FOR0072,DOC106162,22977.31,Despesa
2025-04-12,CLI0215,PRD0098,V014,CC10,FOR0003,DOC106163,13911.12,Despesa
2026-08-13,CLI0236,PRD0017,V002,CC09,FOR0055,DOC106164,7810.5,Despesa
2023-07-06,CLI0276,PRD0186,V019,CC07,,DOC106165,15375.81,Receita
2024-12-30,CLI0088,PRD0047,V029,CC02,FOR0052,DOC106166,19504.71,Despesa
2025-04-24,CLI0111,PRD0150,V021,CC01,FOR0039,DOC106167,15033.2,Despesa
2023-04-02,CLI0074,PRD0185,V014,CC04,FOR0094,DOC106168,5128.36,Despesa
2026-03-04,CLI0208,PRD0052,V009,CC04,FOR0073,DOC106169,4636.28,Despesa
2024-04-03,CLI0275,PRD0102,V004,CC10,,DOC106170,25757.57,Receita
2024-10-06,CLI0153,PRD0136,V022,CC02,,DOC106171,21385.85,Receita
2026-11-02,CLI0273,PRD0150,V029,CC02,FOR0088,DOC106172,25606.27,Despesa
2024-12-18,CLI0233,PRD0104,V004,CC01,FOR0076,DOC106173,1756.15,Despesa
2023-10-07,CLI0237,PRD0111,V015,CC08,FOR0007,DOC106174,7916.78,Despesa
2026-09-11,CLI0026,PRD0160,V009,CC08,,DOC106175,11051.77,Receita
2025-09-19,CLI0219,PRD0198,V019,CC02,FOR0075,DOC106176,22903.17,Despesa
2026-12-27,CLI0217,PRD0106,V005,CC06,FOR0052,DOC106177,25028.41,Despesa
2026-01-10,CLI0070,PRD0045,V014,CC05,,DOC106178,5488.1,Receita
2025-01-12,CLI0276,PRD0056,V004,CC08,FOR0021,DOC106179,18913.09,Despesa
2023-09-20,CLI0236,PRD0111,V019,CC07,FOR0037,DOC106180,3257.56,Despesa
2026-07-01,CLI0100,PRD0012,V016,CC09,FOR0002,DOC106181,244.94,Despesa
2026-10-18,CLI0182,PRD0193,V006,CC05,FOR0021,DOC106182,18139.54,Despesa
2023-03-18,CLI0214,PRD0116,V021,CC09,,DOC106183,15694.15,Receita
2026-12-18,CLI0296,PRD0138,V020,CC03,FOR0088,DOC106184,19661.17,Despesa
2026-11-30,CLI0032,PRD0106,V002,CC07,,DOC106185,22759.96,Receita
2023-01-21,CLI0123,PRD0052,V005,CC07,,DOC106186,2725.84,Receita
2023-03-05,CLI0183,PRD0041,V011,CC10,FOR0092,DOC106187,20448.31,Despesa
2026-12-08,CLI0039,PRD0027,V020,CC06,FOR0073,DOC106188,14719.49,Despesa
2024-03-14,CLI0092,PRD0131,V019,CC04,FOR0018,DOC106189,24444.14,Despesa
2023-10-17,CLI0101,PRD0039,V009,CC06,FOR0100,DOC106190,17570.79,Despesa
2026-01-14,CLI0101,PRD0069,V007,CC01,,DOC106191,17142.82,Receita
2026-06-25,CLI0080,PRD0034,V028,CC09,,DOC106192,17410.44,Receita
2026-05-15,CLI0171,PRD0020,V023,CC05,,DOC106193,17008.29,Receita
2025-11-17,CLI0011,PRD0116,V001,CC03,FOR0028,DOC106194,28564.0,Despesa
2023-11-21,CLI0201,PRD0112,V022,CC02,FOR0100,DOC106195,10224.32,Despesa
2025-01-10,CLI0298,PRD0110,V026,CC09,FOR0094,DOC106196,23294.47,Despesa
2026-03-22,CLI0178,PRD0089,V010,CC09,,DOC106197,10290.69,Receita
2026-12-18,CLI0210,PRD0184,V026,CC06,FOR0071,DOC106198,3240.21,Despesa
2023-09-11,CLI0091,PRD0164,V015,CC10,,DOC106199,18434.81,Receita
2023-07-24,CLI0015,PRD0059,V008,CC06,,DOC106200,1873.9,Receita
2024-01-13,CLI0020,PRD0088,V028,CC03,,DOC106201,22015.04,Receita
2026-07-15,CLI0112,PRD0063,V023,CC03,FOR0085,DOC106202,27749.59,Despesa
2024-02-13,CLI0264,PRD0002,V011,CC02,FOR0026,DOC106203,199.09,Despesa
2025-07-01,CLI0072,PRD0020,V028,CC05,,DOC106204,23705.22,Receita
2023-10-16,CLI0160,PRD0019,V028,CC10,,DOC106205,12437.47,Receita
2025-01-28,CLI0182,PRD0182,V016,CC09,FOR0035,DOC106206,15718.6,Despesa
2025-03-18,CLI0176,PRD0053,V021,CC10,,DOC106207,13287.71,Receita
2025-11-28,CLI0130,PRD0131,V012,CC07,,DOC106208,18744.05,Receita
2025-12-10,CLI0103,PRD0151,V029,CC03,FOR0020,DOC106209,19624.98,Despesa
2026-08-20,CLI0057,PRD0018,V020,CC06,,DOC106210,8884.53,Receita
2023-04-23,CLI0195,PRD0081,V021,CC09,FOR0048,DOC106211,8498.66,Despesa
2025-02-23,CLI0058,PRD0083,V006,CC04,,DOC106212,24078.39,Receita
2025-09-26,CLI0214,PRD0127,V027,CC06,FOR0052,DOC106213,2188.85,Despesa
2023-10-21,CLI0144,PRD0189,V014,CC02,FOR0040,DOC106214,7677.39,Despesa
2026-07-04,CLI0188,PRD0028,V015,CC07,,DOC106215,1299.62,Receita
2023-05-05,CLI0147,PRD0170,V027,CC05,FOR0015,DOC106216,23398.98,Despesa
2023-06-25,CLI0115,PRD0051,V019,CC03,,DOC106217,23886.97,Receita
2025-12-04,CLI0041,PRD0171,V025,CC08,,DOC106218,1431.66,Receita
2023-12-04,CLI0166,PRD0011,V001,CC04,FOR0087,DOC106219,9865.21,Despesa
2026-07-23,CLI0104,PRD0110,V028,CC04,,DOC106220,16929.11,Receita
2026-02-25,CLI0044,PRD0140,V003,CC01,FOR0014,DOC106221,3690.6,Despesa
2024-10-15,CLI0238,PRD0186,V025,CC07,,DOC106222,3296.22,Receita
2026-09-15,CLI0197,PRD0135,V019,CC07,FOR0034,DOC106223,18041.44,Despesa
2023-12-30,CLI0036,PRD0085,V005,CC04,FOR0012,DOC106224,7138.26,Despesa
2023-05-01,CLI0003,PRD0081,V017,CC03,FOR0061,DOC106225,23042.99,Despesa
2026-11-26,CLI0122,PRD0086,V023,CC01,,DOC106226,4409.88,Receita
2024-02-04,CLI0200,PRD0048,V014,CC02,,DOC106227,5214.37,Receita
2024-05-11,CLI0171,PRD0120,V024,CC05,FOR0022,DOC106228,13011.48,Despesa
2026-10-26,CLI0248,PRD0180,V002,CC09,FOR0032,DOC106229,12718.38,Despesa
2024-12-12,CLI0261,PRD0182,V015,CC04,,DOC106230,6462.49,Receita
2023-02-15,CLI0137,PRD0174,V026,CC08,,DOC106231,23772.3,Receita
2025-02-24,CLI0084,PRD0148,V028,CC01,,DOC106232,11483.78,Receita
2025-12-20,CLI0093,PRD0020,V017,CC07,FOR0058,DOC106233,6382.51,Despesa
2026-09-09,CLI0054,PRD0102,V026,CC05,FOR0048,DOC106234,23999.73,Despesa
2024-11-04,CLI0108,PRD0058,V009,CC01,FOR0076,DOC106235,13656.31,Despesa
2025-11-27,CLI0071,PRD0018,V022,CC02,FOR0052,DOC106236,8580.45,Despesa
2023-08-05,CLI0009,PRD0022,V004,CC05,,DOC106237,4154.75,Receita
2025-08-19,CLI0058,PRD0037,V001,CC08,,DOC106238,23880.65,Receita
2026-04-03,CLI0108,PRD0104,V019,CC09,,DOC106239,12782.13,Receita
2023-03-01,CLI0256,PRD0117,V011,CC02,,DOC106240,1600.55,Receita
2023-05-10,CLI0060,PRD0153,V011,CC01,FOR0090,DOC106241,546.87,Despesa
2023-02-10,CLI0159,PRD0121,V020,CC04,,DOC106242,20539.27,Receita
2026-06-26,CLI0266,PRD0181,V019,CC09,,DOC106243,13333.88,Receita
2024-02-19,CLI0041,PRD0051,V021,CC06,,DOC106244,2709.74,Receita
2025-03-21,CLI0096,PRD0014,V018,CC09,,DOC106245,20392.83,Receita
2024-01-17,CLI0165,PRD0142,V006,CC06,,DOC106246,14853.3,Receita
2023-08-08,CLI0182,PRD0158,V009,CC01,FOR0093,DOC106247,5118.8,Despesa
2026-04-19,CLI0162,PRD0083,V008,CC01,,DOC106248,18035.76,Receita
2024-08-05,CLI0254,PRD0175,V003,CC01,FOR0051,DOC106249,26949.7,Despesa
2026-12-30,CLI0118,PRD0023,V007,CC07,FOR0002,DOC106250,2640.2,Despesa
2024-01-24,CLI0125,PRD0080,V001,CC03,,DOC106251,26525.99,Receita
2024-10-01,CLI0149,PRD0047,V018,CC03,FOR0038,DOC106252,11508.71,Despesa
2025-03-28,CLI0264,PRD0156,V002,CC01,,DOC106253,9777.77,Receita
2026-08-12,CLI0205,PRD0038,V013,CC08,FOR0045,DOC106254,20630.85,Despesa
2025-07-30,CLI0095,PRD0068,V009,CC08,FOR0006,DOC106255,19669.62,Despesa
2025-03-22,CLI0179,PRD0131,V016,CC05,,DOC106256,6753.81,Receita
2024-01-21,CLI0006,PRD0097,V024,CC08,,DOC106257,11747.21,Receita
2023-06-18,CLI0191,PRD0166,V026,CC10,,DOC106258,23331.58,Receita
2023-11-25,CLI0014,PRD0149,V016,CC07,FOR0092,DOC106259,16875.18,Despesa
2025-02-17,CLI0220,PRD0041,V030,CC02,FOR0037,DOC106260,27720.84,Despesa
2023-01-19,CLI0102,PRD0049,V017,CC04,,DOC106261,29511.25,Receita
2024-03-21,CLI0207,PRD0012,V008,CC10,,DOC106262,9424.18,Receita
2023-07-28,CLI0080,PRD0135,V004,CC09,FOR0084,DOC106263,6686.36,Despesa
2025-04-06,CLI0030,PRD0013,V013,CC09,FOR0020,DOC106264,16268.43,Despesa
2026-02-16,CLI0177,PRD0132,V006,CC08,FOR0062,DOC106265,22346.91,Despesa
2025-05-16,CLI0269,PRD0192,V028,CC08,FOR0038,DOC106266,19527.34,Despesa
2024-12-27,CLI0021,PRD0001,V002,CC09,,DOC106267,1373.57,Receita
2026-06-25,CLI0112,PRD0164,V025,CC09,FOR0048,DOC106268,13578.8,Despesa
2023-08-13,CLI0144,PRD0140,V021,CC08,,DOC106269,28764.15,Receita
2025-07-08,CLI0026,PRD0151,V001,CC06,FOR0066,DOC106270,17274.61,Despesa
2026-09-28,CLI0180,PRD0080,V027,CC02,FOR0095,DOC106271,12094.97,Despesa
2023-06-02,CLI0205,PRD0042,V015,CC05,FOR0079,DOC106272,26768.72,Despesa
2024-01-02,CLI0279,PRD0132,V012,CC10,,DOC106273,14489.38,Receita
2023-09-13,CLI0251,PRD0104,V004,CC09,,DOC106274,9289.84,Receita
2025-12-13,CLI0162,PRD0158,V021,CC07,,DOC106275,16271.63,Receita
2025-10-13,CLI0234,PRD0004,V018,CC06,,DOC106276,5266.27,Receita
2023-08-10,CLI0260,PRD0160,V030,CC09,,DOC106277,15212.18,Receita
2025-03-07,CLI0213,PRD0099,V017,CC03,FOR0026,DOC106278,9583.72,Despesa
2026-06-25,CLI0231,PRD0089,V030,CC08,FOR0038,DOC106279,1557.12,Despesa
2024-07-22,CLI0065,PRD0050,V009,CC08,FOR0079,DOC106280,20792.4,Despesa
2024-09-13,CLI0207,PRD0007,V013,CC01,,DOC106281,17092.99,Receita
2023-03-11,CLI0049,PRD0061,V028,CC06,FOR0031,DOC106282,17814.79,Despesa
2025-05-06,CLI0085,PRD0146,V006,CC08,,DOC106283,28493.29,Receita
2024-10-22,CLI0240,PRD0084,V009,CC08,,DOC106284,9128.53,Receita
2023-01-13,CLI0041,PRD0113,V021,CC02,,DOC106285,19552.69,Receita
2023-11-23,CLI0232,PRD0057,V013,CC01,FOR0028,DOC106286,12532.5,Despesa
2024-04-06,CLI0118,PRD0096,V014,CC01,FOR0073,DOC106287,7562.1,Despesa
2023-01-17,CLI0064,PRD0071,V004,CC10,,DOC106288,16686.57,Receita
2025-10-05,CLI0240,PRD0121,V004,CC07,FOR0096,DOC106289,21635.73,Despesa
2026-02-19,CLI0233,PRD0192,V029,CC04,FOR0023,DOC106290,11290.86,Despesa
2023-05-25,CLI0011,PRD0079,V015,CC05,,DOC106291,17051.47,Receita
2024-09-29,CLI0091,PRD0124,V019,CC08,,DOC106292,12965.72,Receita
2024-12-11,CLI0073,PRD0076,V027,CC04,FOR0078,DOC106293,19762.55,Despesa
2026-02-08,CLI0131,PRD0099,V021,CC06,FOR0050,DOC106294,22744.3,Despesa
2023-03-31,CLI0022,PRD0195,V008,CC06,,DOC106295,27158.56,Receita
2026-12-03,CLI0050,PRD0080,V006,CC08,,DOC106296,26779.36,Receita
2023-10-20,CLI0005,PRD0169,V015,CC06,FOR0002,DOC106297,28432.9,Despesa
2024-04-07,CLI0234,PRD0098,V028,CC02,FOR0076,DOC106298,11412.87,Despesa
2025-01-22,CLI0139,PRD0153,V010,CC08,FOR0010,DOC106299,4471.27,Despesa
2026-05-15,CLI0111,PRD0051,V026,CC05,FOR0076,DOC106300,3988.79,Despesa
2023-09-29,CLI0053,PRD0017,V001,CC07,,DOC106301,15094.13,Receita
2023-11-01,CLI0290,PRD0112,V007,CC02,,DOC106302,7295.74,Receita
2025-02-17,CLI0239,PRD0150,V010,CC09,,DOC106303,19131.82,Receita
2025-10-01,CLI0055,PRD0145,V007,CC04,FOR0005,DOC106304,10150.18,Despesa
2023-12-28,CLI0050,PRD0198,V006,CC07,FOR0027,DOC106305,17261.82,Despesa
2026-12-29,CLI0187,PRD0188,V029,CC07,,DOC106306,22126.67,Receita
2026-09-25,CLI0159,PRD0199,V013,CC03,,DOC106307,4105.96,Receita
2026-02-14,CLI0004,PRD0047,V029,CC06,FOR0059,DOC106308,3292.46,Despesa
2024-02-10,CLI0134,PRD0183,V019,CC05,FOR0065,DOC106309,11107.15,Despesa
2026-04-07,CLI0186,PRD0124,V003,CC09,FOR0093,DOC106310,15892.4,Despesa
2025-09-22,CLI0025,PRD0156,V002,CC09,FOR0073,DOC106311,13056.45,Despesa
2026-11-20,CLI0164,PRD0070,V019,CC09,,DOC106312,19404.9,Receita
2023-08-05,CLI0081,PRD0103,V003,CC05,,DOC106313,2218.21,Receita
2023-11-07,CLI0017,PRD0061,V007,CC08,FOR0052,DOC106314,19264.83,Despesa
2026-05-15,CLI0067,PRD0100,V015,CC05,FOR0016,DOC106315,2094.68,Despesa
2024-04-25,CLI0181,PRD0046,V003,CC05,,DOC106316,17718.46,Receita
2023-07-21,CLI0173,PRD0104,V019,CC05,,DOC106317,19530.28,Receita
2023-10-22,CLI0280,PRD0110,V013,CC05,,DOC106318,10250.06,Receita
2023-12-01,CLI0155,PRD0104,V010,CC05,,DOC106319,5088.13,Receita
2023-10-26,CLI0146,PRD0180,V017,CC06,FOR0069,DOC106320,3878.43,Despesa
2024-06-17,CLI0046,PRD0019,V012,CC02,,DOC106321,15427.02,Receita
2024-01-01,CLI0295,PRD0126,V007,CC03,,DOC106322,2108.61,Receita
2024-09-24,CLI0238,PRD0074,V020,CC05,FOR0067,DOC106323,19168.04,Despesa
2023-05-04,CLI0103,PRD0076,V003,CC08,FOR0056,DOC106324,13662.71,Despesa
2023-03-05,CLI0222,PRD0019,V006,CC02,,DOC106325,5914.69,Receita
2025-10-24,CLI0065,PRD0061,V010,CC08,,DOC106326,17238.81,Receita
2025-09-09,CLI0054,PRD0071,V016,CC07,,DOC106327,26861.05,Receita
2025-11-01,CLI0053,PRD0098,V006,CC09,FOR0014,DOC106328,8896.22,Despesa
2025-05-02,CLI0196,PRD0030,V003,CC04,,DOC106329,7784.91,Receita
2026-09-11,CLI0294,PRD0007,V029,CC01,FOR0003,DOC106330,5859.42,Despesa
2024-08-12,CLI0247,PRD0071,V024,CC08,FOR0087,DOC106331,22135.43,Despesa
2025-05-18,CLI0269,PRD0163,V014,CC04,,DOC106332,18909.96,Receita
2023-02-28,CLI0237,PRD0098,V003,CC04,,DOC106333,1301.17,Receita
2024-06-09,CLI0260,PRD0178,V027,CC03,,DOC106334,20917.13,Receita
2026-05-06,CLI0198,PRD0045,V010,CC05,FOR0082,DOC106335,27664.18,Despesa
2024-10-28,CLI0274,PRD0160,V009,CC01,FOR0100,DOC106336,14099.23,Despesa
2024-02-28,CLI0151,PRD0160,V009,CC06,,DOC106337,29694.64,Receita
2026-10-13,CLI0005,PRD0124,V016,CC02,FOR0074,DOC106338,8295.76,Despesa
2023-04-02,CLI0105,PRD0070,V017,CC10,FOR0009,DOC106339,6176.91,Despesa
2025-01-02,CLI0195,PRD0091,V019,CC03,,DOC106340,25612.91,Receita
2026-03-21,CLI0187,PRD0056,V019,CC07,FOR0099,DOC106341,12594.41,Despesa
2024-05-27,CLI0232,PRD0032,V003,CC03,,DOC106342,2044.55,Receita
2025-02-03,CLI0133,PRD0190,V025,CC04,FOR0087,DOC106343,509.22,Despesa
2026-10-06,CLI0186,PRD0156,V011,CC09,,DOC106344,1428.73,Receita
2025-01-05,CLI0196,PRD0136,V017,CC07,FOR0047,DOC106345,9965.59,Despesa
2024-01-17,CLI0020,PRD0008,V009,CC10,FOR0086,DOC106346,15024.82,Despesa
2026-07-19,CLI0174,PRD0066,V030,CC03,,DOC106347,21531.51,Receita
2023-02-08,CLI0226,PRD0171,V024,CC04,,DOC106348,2859.06,Receita
2026-08-03,CLI0261,PRD0057,V018,CC01,,DOC106349,14383.65,Receita
2024-05-14,CLI0229,PRD0106,V012,CC09,,DOC106350,24816.31,Receita
2023-07-17,CLI0183,PRD0159,V011,CC08,FOR0020,DOC106351,659.42,Despesa
2023-04-26,CLI0090,PRD0047,V023,CC10,FOR0092,DOC106352,5026.8,Despesa
2023-07-19,CLI0086,PRD0085,V029,CC03,FOR0098,DOC106353,1256.79,Despesa
2026-02-22,CLI0289,PRD0103,V019,CC06,FOR0041,DOC106354,25651.49,Despesa
2023-05-03,CLI0190,PRD0092,V022,CC09,FOR0036,DOC106355,27562.62,Despesa
2023-05-31,CLI0102,PRD0011,V008,CC06,,DOC106356,5542.65,Receita
2023-12-18,CLI0108,PRD0185,V006,CC02,FOR0052,DOC106357,20368.18,Despesa
2024-06-11,CLI0156,PRD0014,V019,CC06,FOR0090,DOC106358,18208.64,Despesa
2025-04-23,CLI0062,PRD0184,V018,CC06,FOR0088,DOC106359,1064.09,Despesa
2026-05-30,CLI0067,PRD0060,V018,CC04,,DOC106360,21378.1,Receita
2025-08-31,CLI0252,PRD0108,V020,CC06,FOR0046,DOC106361,21782.01,Despesa
2026-11-17,CLI0166,PRD0061,V019,CC03,,DOC106362,17389.19,Receita
2026-02-06,CLI0097,PRD0098,V014,CC05,FOR0013,DOC106363,25477.15,Despesa
2024-11-13,CLI0246,PRD0038,V004,CC07,FOR0018,DOC106364,19575.84,Despesa
2023-08-23,CLI0127,PRD0031,V018,CC03,,DOC106365,13652.18,Receita
2024-03-16,CLI0090,PRD0014,V019,CC08,FOR0041,DOC106366,29508.75,Despesa
2026-06-16,CLI0200,PRD0132,V006,CC10,FOR0060,DOC106367,27977.87,Despesa
2026-11-02,CLI0265,PRD0058,V018,CC05,,DOC106368,10511.74,Receita
2026-04-17,CLI0159,PRD0015,V023,CC07,FOR0040,DOC106369,9627.53,Despesa
2023-04-15,CLI0150,PRD0051,V024,CC09,,DOC106370,25397.79,Receita
2026-03-29,CLI0012,PRD0169,V012,CC08,,DOC106371,11002.86,Receita
2025-06-20,CLI0295,PRD0097,V008,CC10,,DOC106372,10325.46,Receita
2025-04-06,CLI0053,PRD0039,V022,CC05,,DOC106373,29120.32,Receita
2026-12-08,CLI0171,PRD0122,V028,CC03,FOR0040,DOC106374,2777.62,Despesa
2024-08-14,CLI0151,PRD0110,V005,CC04,,DOC106375,28316.9,Receita
2026-03-27,CLI0152,PRD0068,V024,CC07,FOR0091,DOC106376,27650.84,Despesa
2023-12-14,CLI0299,PRD0078,V024,CC05,,DOC106377,3424.82,Receita
2024-10-19,CLI0180,PRD0195,V025,CC07,FOR0085,DOC106378,17279.13,Despesa
2024-06-21,CLI0013,PRD0088,V017,CC04,,DOC106379,10748.36,Receita
2023-10-22,CLI0012,PRD0187,V028,CC09,FOR0033,DOC106380,23177.63,Despesa
2023-06-16,CLI0107,PRD0024,V008,CC06,FOR0042,DOC106381,4227.22,Despesa
2025-01-06,CLI0268,PRD0129,V016,CC09,FOR0012,DOC106382,20110.43,Despesa
2023-04-27,CLI0289,PRD0039,V014,CC03,,DOC106383,4838.61,Receita
2023-09-01,CLI0260,PRD0005,V024,CC09,FOR0011,DOC106384,4841.67,Despesa
2025-12-14,CLI0107,PRD0021,V008,CC08,FOR0078,DOC106385,27208.97,Despesa
2023-12-15,CLI0073,PRD0193,V022,CC03,,DOC106386,295.44,Receita
2026-02-18,CLI0020,PRD0049,V014,CC06,FOR0002,DOC106387,20739.45,Despesa
2025-03-07,CLI0245,PRD0012,V018,CC01,FOR0083,DOC106388,21266.48,Despesa
2026-12-03,CLI0276,PRD0023,V018,CC06,,DOC106389,25847.11,Receita
2024-11-28,CLI0158,PRD0134,V025,CC09,,DOC106390,1572.64,Receita
2024-06-11,CLI0057,PRD0080,V001,CC03,FOR0096,DOC106391,17877.74,Despesa
2023-08-31,CLI0205,PRD0114,V019,CC03,FOR0033,DOC106392,19844.8,Despesa
2023-02-11,CLI0096,PRD0123,V022,CC08,FOR0019,DOC106393,16413.21,Despesa
2026-03-22,CLI0282,PRD0109,V021,CC06,FOR0045,DOC106394,15059.59,Despesa
2026-10-14,CLI0163,PRD0014,V029,CC01,,DOC106395,23577.46,Receita
2024-04-26,CLI0117,PRD0102,V029,CC01,FOR0042,DOC106396,24616.6,Despesa
2026-02-06,CLI0134,PRD0102,V019,CC09,,DOC106397,15652.31,Receita
2025-10-29,CLI0196,PRD0098,V020,CC03,,DOC106398,21784.84,Receita
2026-03-12,CLI0076,PRD0128,V028,CC05,,DOC106399,19805.99,Receita
2023-11-29,CLI0172,PRD0105,V004,CC01,FOR0054,DOC106400,12651.29,Despesa
2025-03-02,CLI0188,PRD0138,V006,CC08,FOR0030,DOC106401,12103.23,Despesa
2024-02-26,CLI0003,PRD0177,V017,CC09,FOR0029,DOC106402,26784.91,Despesa
2024-10-19,CLI0222,PRD0025,V021,CC03,FOR0051,DOC106403,25460.46,Despesa
2023-12-17,CLI0167,PRD0071,V016,CC08,,DOC106404,15349.36,Receita
2024-03-21,CLI0268,PRD0105,V027,CC10,FOR0040,DOC106405,5918.76,Despesa
2026-01-31,CLI0072,PRD0133,V017,CC05,FOR0032,DOC106406,8517.28,Despesa
2023-10-14,CLI0273,PRD0073,V015,CC04,FOR0046,DOC106407,24139.33,Despesa
2026-02-12,CLI0205,PRD0017,V010,CC09,FOR0011,DOC106408,13900.07,Despesa
2025-12-18,CLI0226,PRD0107,V030,CC10,,DOC106409,8680.38,Receita
2024-03-19,CLI0035,PRD0121,V017,CC02,FOR0092,DOC106410,4622.37,Despesa
2026-08-25,CLI0071,PRD0043,V010,CC01,,DOC106411,6171.96,Receita
2025-06-17,CLI0270,PRD0079,V017,CC03,FOR0024,DOC106412,21260.42,Despesa
2023-10-16,CLI0071,PRD0045,V012,CC01,FOR0041,DOC106413,720.27,Despesa
2024-02-13,CLI0170,PRD0169,V011,CC04,,DOC106414,22987.42,Receita
2023-01-14,CLI0236,PRD0181,V012,CC05,FOR0005,DOC106415,24998.58,Despesa
2024-09-26,CLI0163,PRD0052,V006,CC07,FOR0041,DOC106416,12971.46,Despesa
2026-03-08,CLI0143,PRD0098,V009,CC10,,DOC106417,2699.5,Receita
2025-06-15,CLI0070,PRD0172,V015,CC02,FOR0052,DOC106418,9823.81,Despesa
2026-03-07,CLI0171,PRD0006,V029,CC01,FOR0068,DOC106419,21244.19,Despesa
2024-08-16,CLI0291,PRD0045,V020,CC10,,DOC106420,5854.44,Receita
2023-01-13,CLI0106,PRD0136,V029,CC02,,DOC106421,19871.5,Receita
2025-03-06,CLI0184,PRD0197,V013,CC10,FOR0024,DOC106422,10344.22,Despesa
2025-02-23,CLI0166,PRD0124,V012,CC03,FOR0013,DOC106423,16927.53,Despesa
2025-02-09,CLI0276,PRD0030,V011,CC02,FOR0083,DOC106424,20134.56,Despesa
2024-08-26,CLI0184,PRD0085,V016,CC09,FOR0058,DOC106425,9195.4,Despesa
2024-01-05,CLI0142,PRD0003,V011,CC03,FOR0051,DOC106426,17257.0,Despesa
2023-01-26,CLI0011,PRD0157,V004,CC09,FOR0081,DOC106427,29911.99,Despesa
2023-08-06,CLI0088,PRD0096,V027,CC04,FOR0016,DOC106428,25526.51,Despesa
2025-10-03,CLI0129,PRD0126,V001,CC01,FOR0088,DOC106429,15044.49,Despesa
2025-03-17,CLI0189,PRD0190,V015,CC09,FOR0020,DOC106430,19551.92,Despesa
2024-11-19,CLI0147,PRD0029,V023,CC05,,DOC106431,7251.15,Receita
2024-10-31,CLI0014,PRD0090,V002,CC07,FOR0041,DOC106432,11514.5,Despesa
2025-06-17,CLI0105,PRD0005,V029,CC09,,DOC106433,26135.42,Receita
2026-04-15,CLI0047,PRD0122,V018,CC07,,DOC106434,26619.46,Receita
2023-02-19,CLI0010,PRD0030,V019,CC06,FOR0043,DOC106435,14648.29,Despesa
2025-03-22,CLI0052,PRD0164,V016,CC07,FOR0030,DOC106436,28866.3,Despesa
2024-09-30,CLI0147,PRD0138,V013,CC05,FOR0076,DOC106437,18716.39,Despesa
2023-03-25,CLI0239,PRD0037,V010,CC04,,DOC106438,8131.42,Receita
2023-09-01,CLI0293,PRD0033,V030,CC04,FOR0028,DOC106439,1694.8,Despesa
2023-07-27,CLI0031,PRD0080,V020,CC06,,DOC106440,14818.42,Receita
2024-09-04,CLI0272,PRD0197,V010,CC10,FOR0099,DOC106441,13901.77,Despesa
2026-11-24,CLI0130,PRD0059,V022,CC01,FOR0022,DOC106442,14502.25,Despesa
2024-07-10,CLI0055,PRD0094,V015,CC05,FOR0030,DOC106443,14199.95,Despesa
2023-07-27,CLI0255,PRD0014,V001,CC07,FOR0076,DOC106444,26581.8,Despesa
2025-11-10,CLI0115,PRD0032,V016,CC06,,DOC106445,20435.59,Receita
2024-03-24,CLI0060,PRD0024,V006,CC07,FOR0098,DOC106446,27909.83,Despesa
2024-11-08,CLI0157,PRD0087,V009,CC07,,DOC106447,1066.49,Receita
2026-12-23,CLI0156,PRD0133,V008,CC03,FOR0067,DOC106448,23318.13,Despesa
2026-07-29,CLI0122,PRD0070,V009,CC06,,DOC106449,26937.24,Receita
2023-05-14,CLI0077,PRD0007,V001,CC08,FOR0067,DOC106450,6184.24,Despesa
2024-06-22,CLI0143,PRD0077,V029,CC08,,DOC106451,13721.57,Receita
2023-04-23,CLI0258,PRD0044,V020,CC07,,DOC106452,27022.44,Receita
2023-01-08,CLI0183,PRD0074,V013,CC04,,DOC106453,16477.36,Receita
2023-08-22,CLI0228,PRD0037,V030,CC05,,DOC106454,22914.59,Receita
2026-07-26,CLI0180,PRD0153,V004,CC06,FOR0041,DOC106455,2435.05,Despesa
2025-10-19,CLI0037,PRD0154,V030,CC08,FOR0007,DOC106456,27286.77,Despesa
2026-09-30,CLI0096,PRD0110,V013,CC01,,DOC106457,10222.86,Receita
2024-02-14,CLI0104,PRD0062,V009,CC02,FOR0089,DOC106458,22204.51,Despesa
2026-08-07,CLI0189,PRD0006,V017,CC03,,DOC106459,29032.87,Receita
2025-12-22,CLI0295,PRD0181,V024,CC09,FOR0090,DOC106460,24437.87,Despesa
2024-03-20,CLI0036,PRD0093,V010,CC05,,DOC106461,29492.93,Receita
2023-11-16,CLI0122,PRD0005,V026,CC10,FOR0080,DOC106462,27386.45,Despesa
2025-07-11,CLI0067,PRD0075,V003,CC03,FOR0039,DOC106463,15109.48,Despesa
2025-07-31,CLI0287,PRD0007,V011,CC02,FOR0096,DOC106464,14957.6,Despesa
2026-01-28,CLI0058,PRD0181,V009,CC10,,DOC106465,13987.05,Receita
2024-09-17,CLI0209,PRD0033,V029,CC09,,DOC106466,20278.39,Receita
2025-11-04,CLI0278,PRD0125,V016,CC04,FOR0003,DOC106467,478.27,Despesa
2024-05-28,CLI0159,PRD0199,V008,CC03,FOR0053,DOC106468,17520.64,Despesa
2026-02-02,CLI0144,PRD0013,V005,CC03,,DOC106469,5185.04,Receita
2026-07-25,CLI0027,PRD0173,V010,CC06,FOR0058,DOC106470,23251.41,Despesa
2026-10-23,CLI0247,PRD0155,V011,CC10,FOR0027,DOC106471,26182.69,Despesa
2023-08-28,CLI0122,PRD0174,V015,CC05,FOR0064,DOC106472,3055.07,Despesa
2025-09-24,CLI0038,PRD0073,V025,CC07,,DOC106473,18062.19,Receita
2026-07-27,CLI0131,PRD0114,V011,CC07,,DOC106474,15664.27,Receita
2023-11-29,CLI0166,PRD0078,V019,CC10,FOR0083,DOC106475,12221.58,Despesa
2025-06-27,CLI0140,PRD0029,V025,CC10,FOR0014,DOC106476,13573.22,Despesa
2024-10-10,CLI0269,PRD0037,V001,CC02,,DOC106477,10241.34,Receita
2025-12-29,CLI0056,PRD0122,V025,CC07,FOR0068,DOC106478,12096.42,Despesa
2023-09-02,CLI0287,PRD0103,V011,CC04,,DOC106479,6429.21,Receita
2023-02-26,CLI0190,PRD0141,V022,CC03,FOR0097,DOC106480,18461.11,Despesa
2024-01-14,CLI0005,PRD0132,V016,CC07,,DOC106481,29523.11,Receita
2025-09-29,CLI0184,PRD0067,V007,CC08,,DOC106482,4772.48,Receita
2025-02-22,CLI0065,PRD0190,V019,CC01,FOR0092,DOC106483,15573.5,Despesa
2025-05-23,CLI0235,PRD0103,V007,CC09,FOR0032,DOC106484,22964.9,Despesa
2023-03-20,CLI0235,PRD0183,V005,CC04,FOR0063,DOC106485,12152.95,Despesa
2024-03-15,CLI0028,PRD0010,V026,CC08,,DOC106486,6153.27,Receita
2025-05-24,CLI0287,PRD0151,V004,CC04,FOR0085,DOC106487,23334.88,Despesa
2024-10-16,CLI0193,PRD0168,V017,CC01,FOR0042,DOC106488,29742.83,Despesa
2026-06-19,CLI0224,PRD0095,V001,CC09,,DOC106489,231.94,Receita
2024-12-12,CLI0025,PRD0028,V004,CC01,FOR0033,DOC106490,22590.33,Despesa
2024-01-21,CLI0242,PRD0112,V010,CC07,FOR0047,DOC106491,3299.46,Despesa
2025-06-13,CLI0172,PRD0146,V025,CC08,,DOC106492,25098.71,Receita
2026-11-26,CLI0136,PRD0063,V029,CC02,FOR0035,DOC106493,15755.93,Despesa
2026-10-29,CLI0047,PRD0171,V003,CC05,,DOC106494,4876.24,Receita
2023-10-10,CLI0287,PRD0170,V018,CC04,,DOC106495,2684.27,Receita
2024-08-18,CLI0293,PRD0108,V012,CC09,,DOC106496,27679.66,Receita
2024-10-19,CLI0247,PRD0068,V001,CC01,FOR0019,DOC106497,21549.1,Despesa
2025-04-14,CLI0212,PRD0186,V024,CC04,FOR0061,DOC106498,22746.73,Despesa
2025-06-14,CLI0108,PRD0190,V005,CC03,FOR0037,DOC106499,19916.26,Despesa
2024-05-27,CLI0241,PRD0045,V003,CC08,FOR0041,DOC106500,2918.74,Despesa
2026-01-11,CLI0253,PRD0124,V006,CC02,FOR0028,DOC106501,25183.67,Despesa
2026-08-05,CLI0096,PRD0103,V024,CC02,FOR0036,DOC106502,9438.77,Despesa
2026-08-02,CLI0167,PRD0101,V015,CC03,FOR0025,DOC106503,16926.81,Despesa
2024-04-27,CLI0119,PRD0031,V013,CC08,,DOC106504,18600.6,Receita
2023-12-07,CLI0105,PRD0114,V008,CC01,,DOC106505,29247.31,Receita
2025-07-11,CLI0085,PRD0083,V008,CC02,FOR0057,DOC106506,18891.27,Despesa
2024-02-25,CLI0136,PRD0118,V001,CC03,,DOC106507,4466.99,Receita
2023-04-02,CLI0177,PRD0158,V001,CC07,FOR0033,DOC106508,13144.42,Despesa
2026-11-08,CLI0176,PRD0105,V004,CC10,,DOC106509,24373.35,Receita
2023-10-18,CLI0039,PRD0135,V022,CC09,FOR0017,DOC106510,21625.69,Despesa
2024-11-22,CLI0019,PRD0019,V030,CC10,FOR0017,DOC106511,27172.45,Despesa
2025-11-11,CLI0254,PRD0028,V015,CC07,FOR0060,DOC106512,19806.97,Despesa
2025-06-14,CLI0133,PRD0077,V030,CC02,FOR0059,DOC106513,3044.18,Despesa
2023-05-15,CLI0206,PRD0139,V019,CC01,FOR0016,DOC106514,3266.81,Despesa
2023-06-24,CLI0276,PRD0033,V011,CC01,,DOC106515,15617.76,Receita
2023-10-06,CLI0174,PRD0067,V030,CC07,FOR0071,DOC106516,15548.7,Despesa
2024-11-09,CLI0228,PRD0039,V008,CC05,,DOC106517,22681.72,Receita
2024-07-28,CLI0170,PRD0078,V013,CC08,,DOC106518,27174.58,Receita
2026-05-24,CLI0289,PRD0020,V017,CC10,,DOC106519,19611.48,Receita
2023-07-06,CLI0130,PRD0162,V018,CC04,,DOC106520,19704.86,Receita
2025-01-03,CLI0021,PRD0194,V022,CC05,,DOC106521,25120.94,Receita
2025-09-21,CLI0103,PRD0084,V009,CC01,FOR0055,DOC106522,7403.91,Despesa
2026-03-06,CLI0247,PRD0058,V010,CC07,FOR0020,DOC106523,17573.75,Despesa
2026-06-08,CLI0272,PRD0069,V017,CC02,,DOC106524,26610.1,Receita
2024-04-28,CLI0161,PRD0122,V006,CC02,,DOC106525,3658.58,Receita
2023-05-23,CLI0282,PRD0073,V022,CC06,,DOC106526,3707.74,Receita
2023-11-21,CLI0270,PRD0026,V009,CC03,FOR0005,DOC106527,17817.57,Despesa
2026-12-29,CLI0269,PRD0117,V003,CC02,,DOC106528,16647.63,Receita
2023-02-11,CLI0113,PRD0105,V027,CC08,FOR0015,DOC106529,19308.2,Despesa
2024-07-01,CLI0042,PRD0023,V013,CC09,FOR0090,DOC106530,16961.25,Despesa
2024-05-20,CLI0062,PRD0173,V026,CC07,FOR0048,DOC106531,12755.76,Despesa
2025-11-27,CLI0138,PRD0080,V026,CC01,FOR0041,DOC106532,24547.87,Despesa
2024-11-11,CLI0253,PRD0011,V007,CC02,FOR0083,DOC106533,23067.89,Despesa
2024-07-16,CLI0271,PRD0012,V019,CC01,FOR0051,DOC106534,19345.74,Despesa
2024-09-15,CLI0237,PRD0138,V023,CC05,FOR0029,DOC106535,21227.61,Despesa
2025-05-31,CLI0273,PRD0058,V004,CC08,FOR0053,DOC106536,6768.52,Despesa
2023-11-08,CLI0284,PRD0060,V013,CC09,FOR0014,DOC106537,9712.13,Despesa
2024-02-16,CLI0234,PRD0042,V023,CC01,FOR0018,DOC106538,27359.61,Despesa
2025-03-16,CLI0272,PRD0156,V027,CC06,,DOC106539,28327.93,Receita
2025-06-12,CLI0236,PRD0007,V024,CC01,,DOC106540,17214.99,Receita
2026-08-04,CLI0063,PRD0084,V030,CC06,FOR0056,DOC106541,2728.95,Despesa
2026-09-26,CLI0097,PRD0176,V011,CC04,FOR0019,DOC106542,21686.83,Despesa
2024-06-06,CLI0272,PRD0050,V024,CC02,FOR0005,DOC106543,1482.18,Despesa
2026-04-22,CLI0042,PRD0101,V020,CC01,,DOC106544,156.54,Receita
2026-01-07,CLI0024,PRD0021,V015,CC05,FOR0031,DOC106545,2186.41,Despesa
2026-04-12,CLI0186,PRD0106,V009,CC03,,DOC106546,4357.16,Receita
2023-05-20,CLI0173,PRD0131,V006,CC01,FOR0046,DOC106547,9262.12,Despesa
2026-05-24,CLI0055,PRD0069,V018,CC03,,DOC106548,21010.23,Receita
2024-01-23,CLI0047,PRD0144,V015,CC10,,DOC106549,16741.14,Receita
2026-12-27,CLI0076,PRD0057,V004,CC04,FOR0049,DOC106550,22157.38,Despesa
2026-03-15,CLI0195,PRD0043,V015,CC07,,DOC106551,17188.01,Receita
2025-12-26,CLI0017,PRD0084,V010,CC07,,DOC106552,18058.23,Receita
2023-11-12,CLI0210,PRD0070,V029,CC06,FOR0007,DOC106553,21740.19,Despesa
2026-01-07,CLI0172,PRD0096,V011,CC01,FOR0062,DOC106554,23251.79,Despesa
2025-08-05,CLI0081,PRD0149,V008,CC10,FOR0066,DOC106555,28848.67,Despesa
2025-11-04,CLI0015,PRD0082,V026,CC02,,DOC106556,5411.49,Receita
2024-05-09,CLI0025,PRD0119,V016,CC09,FOR0078,DOC106557,563.66,Despesa
2026-02-03,CLI0200,PRD0063,V018,CC02,,DOC106558,29841.43,Receita
2026-05-13,CLI0113,PRD0194,V027,CC02,,DOC106559,6127.33,Receita
2023-04-16,CLI0091,PRD0111,V027,CC05,FOR0089,DOC106560,26911.94,Despesa
2023-11-04,CLI0140,PRD0094,V012,CC05,,DOC106561,18891.89,Receita
2023-06-22,CLI0107,PRD0072,V004,CC04,,DOC106562,12372.65,Receita
2025-07-08,CLI0164,PRD0019,V027,CC10,,DOC106563,26863.01,Receita
2023-08-19,CLI0102,PRD0097,V008,CC07,,DOC106564,2331.48,Receita
2024-02-01,CLI0296,PRD0051,V003,CC04,,DOC106565,12981.02,Receita
2025-04-24,CLI0104,PRD0033,V013,CC06,FOR0085,DOC106566,18975.73,Despesa
2026-11-17,CLI0292,PRD0043,V030,CC02,,DOC106567,25628.08,Receita
2025-10-14,CLI0217,PRD0157,V006,CC04,,DOC106568,19913.65,Receita
2026-03-22,CLI0030,PRD0118,V010,CC07,,DOC106569,11862.44,Receita
2025-10-15,CLI0251,PRD0117,V030,CC07,,DOC106570,1450.34,Receita
2025-09-10,CLI0258,PRD0020,V005,CC02,FOR0039,DOC106571,5392.95,Despesa
2024-05-17,CLI0262,PRD0020,V014,CC04,,DOC106572,18824.75,Receita
2023-11-26,CLI0170,PRD0152,V028,CC04,FOR0053,DOC106573,9590.56,Despesa
2024-07-23,CLI0195,PRD0181,V022,CC01,FOR0048,DOC106574,8062.11,Despesa
2023-02-14,CLI0094,PRD0036,V014,CC09,FOR0002,DOC106575,12172.26,Despesa
2024-02-09,CLI0090,PRD0194,V015,CC04,,DOC106576,6861.95,Receita
2023-07-31,CLI0174,PRD0165,V012,CC09,FOR0023,DOC106577,26557.93,Despesa
2026-09-09,CLI0036,PRD0176,V004,CC02,FOR0068,DOC106578,27330.59,Despesa
2025-05-23,CLI0292,PRD0178,V028,CC04,FOR0022,DOC106579,7732.39,Despesa
2023-11-01,CLI0125,PRD0199,V016,CC03,FOR0011,DOC106580,19727.32,Despesa
2023-08-21,CLI0040,PRD0132,V007,CC04,,DOC106581,22709.59,Receita
2023-03-11,CLI0100,PRD0072,V001,CC10,,DOC106582,6595.43,Receita
2023-07-30,CLI0148,PRD0122,V019,CC06,FOR0023,DOC106583,15070.28,Despesa
2025-01-01,CLI0190,PRD0127,V016,CC10,,DOC106584,22107.12,Receita
2025-06-18,CLI0027,PRD0063,V025,CC03,FOR0046,DOC106585,22966.34,Despesa
2024-07-01,CLI0205,PRD0074,V012,CC06,FOR0057,DOC106586,27993.58,Despesa
2026-09-01,CLI0201,PRD0023,V026,CC08,,DOC106587,29652.17,Receita
2025-12-26,CLI0282,PRD0050,V027,CC01,,DOC106588,24379.1,Receita
2026-10-12,CLI0236,PRD0153,V013,CC04,FOR0072,DOC106589,14869.31,Despesa
2026-05-15,CLI0202,PRD0101,V005,CC09,,DOC106590,5751.75,Receita
2023-02-24,CLI0190,PRD0125,V004,CC04,FOR0016,DOC106591,3866.61,Despesa
2023-07-25,CLI0075,PRD0153,V018,CC05,FOR0096,DOC106592,29185.17,Despesa
2023-12-23,CLI0070,PRD0005,V017,CC07,FOR0044,DOC106593,20035.72,Despesa
2026-06-20,CLI0070,PRD0154,V018,CC02,,DOC106594,5440.45,Receita
2023-02-08,CLI0064,PRD0118,V016,CC09,FOR0015,DOC106595,3114.08,Despesa
2024-02-21,CLI0115,PRD0129,V019,CC02,,DOC106596,20094.23,Receita
2026-03-20,CLI0040,PRD0169,V024,CC10,FOR0023,DOC106597,27771.37,Despesa
2025-08-21,CLI0205,PRD0170,V027,CC05,FOR0048,DOC106598,20514.52,Despesa
2026-02-21,CLI0050,PRD0133,V004,CC01,FOR0056,DOC106599,3803.13,Despesa
2024-07-11,CLI0200,PRD0040,V013,CC01,,DOC106600,6893.39,Receita
2024-03-14,CLI0196,PRD0062,V005,CC06,FOR0087,DOC106601,21183.44,Despesa
2024-09-16,CLI0118,PRD0022,V019,CC03,FOR0006,DOC106602,18212.46,Despesa
2025-07-05,CLI0273,PRD0025,V023,CC10,FOR0001,DOC106603,6349.37,Despesa
2024-03-08,CLI0119,PRD0166,V008,CC09,FOR0003,DOC106604,28875.43,Despesa
2024-10-07,CLI0233,PRD0141,V003,CC10,FOR0085,DOC106605,28402.88,Despesa
2023-03-05,CLI0277,PRD0193,V004,CC09,,DOC106606,21846.54,Receita
2026-09-09,CLI0135,PRD0134,V024,CC02,,DOC106607,23941.58,Receita
2023-08-12,CLI0041,PRD0124,V024,CC07,,DOC106608,20880.63,Receita
2024-05-10,CLI0008,PRD0093,V014,CC04,FOR0099,DOC106609,12882.79,Despesa
2023-11-06,CLI0234,PRD0054,V008,CC09,FOR0042,DOC106610,26034.41,Despesa
2025-11-01,CLI0171,PRD0052,V029,CC06,FOR0048,DOC106611,12059.87,Despesa
2026-09-11,CLI0033,PRD0076,V027,CC06,,DOC106612,15712.43,Receita
2025-03-21,CLI0219,PRD0006,V020,CC01,FOR0067,DOC106613,13832.78,Despesa
2023-06-18,CLI0202,PRD0122,V018,CC09,FOR0071,DOC106614,4239.92,Despesa
2025-08-09,CLI0174,PRD0164,V006,CC07,FOR0070,DOC106615,2611.32,Despesa
2023-07-20,CLI0260,PRD0154,V012,CC02,,DOC106616,13680.29,Receita
2026-08-03,CLI0225,PRD0157,V027,CC01,FOR0088,DOC106617,2236.13,Despesa
2024-10-29,CLI0007,PRD0186,V028,CC07,,DOC106618,2394.87,Receita
2025-08-01,CLI0089,PRD0022,V022,CC07,,DOC106619,3914.74,Receita
2023-11-25,CLI0070,PRD0030,V001,CC01,FOR0027,DOC106620,2428.74,Despesa
2023-06-26,CLI0123,PRD0044,V002,CC03,FOR0027,DOC106621,13338.21,Despesa
2023-04-06,CLI0123,PRD0164,V004,CC02,FOR0092,DOC106622,8968.59,Despesa
2023-01-15,CLI0168,PRD0181,V008,CC01,,DOC106623,9863.95,Receita
2024-08-08,CLI0254,PRD0072,V021,CC02,FOR0030,DOC106624,28027.5,Despesa
2026-10-30,CLI0275,PRD0187,V030,CC06,FOR0054,DOC106625,13171.9,Despesa
2024-02-17,CLI0013,PRD0123,V021,CC06,FOR0057,DOC106626,10125.06,Despesa
2025-07-17,CLI0223,PRD0091,V030,CC03,FOR0070,DOC106627,16135.86,Despesa
2024-08-14,CLI0266,PRD0150,V001,CC05,FOR0070,DOC106628,28453.76,Despesa
2023-04-24,CLI0199,PRD0048,V025,CC02,,DOC106629,9910.74,Receita
2024-10-24,CLI0098,PRD0023,V007,CC06,FOR0064,DOC106630,3060.57,Despesa
2026-12-26,CLI0087,PRD0008,V023,CC01,FOR0097,DOC106631,15137.61,Despesa
2025-08-22,CLI0064,PRD0109,V030,CC03,,DOC106632,750.75,Receita
2026-02-17,CLI0240,PRD0092,V009,CC08,FOR0030,DOC106633,18382.48,Despesa
2023-01-30,CLI0271,PRD0020,V020,CC07,,DOC106634,29007.71,Receita
2023-06-23,CLI0028,PRD0164,V001,CC01,,DOC106635,25249.07,Receita
2026-07-06,CLI0020,PRD0025,V010,CC10,FOR0027,DOC106636,21130.96,Despesa
2025-03-18,CLI0168,PRD0159,V023,CC01,FOR0082,DOC106637,11705.7,Despesa
2024-03-06,CLI0223,PRD0145,V018,CC06,FOR0017,DOC106638,9009.23,Despesa
2025-10-18,CLI0093,PRD0048,V002,CC02,FOR0059,DOC106639,160.02,Despesa
2026-04-18,CLI0239,PRD0073,V006,CC08,,DOC106640,9183.62,Receita
2025-03-19,CLI0022,PRD0076,V020,CC10,FOR0003,DOC106641,3391.28,Despesa
2026-02-01,CLI0252,PRD0054,V020,CC10,,DOC106642,19548.23,Receita
2025-06-12,CLI0140,PRD0058,V006,CC05,FOR0093,DOC106643,24470.48,Despesa
2026-04-26,CLI0051,PRD0115,V015,CC08,FOR0066,DOC106644,12683.07,Despesa
2023-07-16,CLI0155,PRD0111,V021,CC02,FOR0051,DOC106645,185.64,Despesa
2024-09-10,CLI0290,PRD0124,V004,CC08,,DOC106646,29916.49,Receita
2025-03-08,CLI0201,PRD0106,V024,CC10,,DOC106647,1645.23,Receita
2024-01-13,CLI0237,PRD0153,V025,CC02,FOR0071,DOC106648,13650.28,Despesa
2024-04-13,CLI0277,PRD0036,V002,CC05,,DOC106649,16857.3,Receita
2025-03-26,CLI0109,PRD0152,V025,CC03,FOR0053,DOC106650,17279.81,Despesa
2025-03-01,CLI0054,PRD0054,V010,CC07,FOR0005,DOC106651,5957.65,Despesa
2024-05-09,CLI0253,PRD0174,V016,CC06,,DOC106652,2383.61,Receita
2025-01-29,CLI0107,PRD0153,V020,CC06,FOR0018,DOC106653,2490.46,Despesa
2026-10-12,CLI0001,PRD0035,V016,CC01,FOR0088,DOC106654,26360.6,Despesa
2023-02-19,CLI0275,PRD0160,V019,CC05,FOR0055,DOC106655,9936.38,Despesa
2026-01-18,CLI0265,PRD0197,V012,CC02,FOR0008,DOC106656,13196.93,Despesa
2024-07-26,CLI0037,PRD0054,V002,CC08,,DOC106657,23572.76,Receita
2024-08-11,CLI0116,PRD0041,V018,CC02,,DOC106658,17359.03,Receita
2023-11-12,CLI0070,PRD0014,V021,CC09,,DOC106659,23110.32,Receita
2026-07-26,CLI0065,PRD0140,V003,CC04,,DOC106660,18195.69,Receita
2023-07-02,CLI0117,PRD0196,V006,CC06,FOR0086,DOC106661,8373.57,Despesa
2023-02-15,CLI0073,PRD0156,V002,CC01,,DOC106662,3562.27,Receita
2024-09-28,CLI0084,PRD0021,V020,CC05,FOR0028,DOC106663,21879.75,Despesa
2024-10-25,CLI0179,PRD0115,V006,CC08,FOR0090,DOC106664,17273.74,Despesa
2024-08-26,CLI0039,PRD0087,V027,CC07,FOR0012,DOC106665,6929.6,Despesa
2023-02-27,CLI0299,PRD0092,V025,CC01,,DOC106666,21640.85,Receita
2026-02-12,CLI0278,PRD0187,V006,CC10,FOR0085,DOC106667,1259.58,Despesa
2023-11-28,CLI0269,PRD0070,V004,CC09,,DOC106668,14139.34,Receita
2025-12-17,CLI0275,PRD0158,V004,CC02,FOR0075,DOC106669,29463.29,Despesa
2026-08-02,CLI0238,PRD0173,V008,CC10,,DOC106670,28143.59,Receita
2023-06-03,CLI0227,PRD0132,V016,CC01,FOR0033,DOC106671,20979.12,Despesa
2024-02-12,CLI0010,PRD0102,V027,CC05,,DOC106672,795.47,Receita
2024-12-15,CLI0166,PRD0017,V017,CC06,,DOC106673,18617.29,Receita
2024-08-06,CLI0251,PRD0131,V018,CC08,FOR0069,DOC106674,1522.3,Despesa
2026-01-14,CLI0076,PRD0065,V015,CC01,FOR0049,DOC106675,25174.5,Despesa
2025-08-01,CLI0035,PRD0085,V006,CC03,,DOC106676,5714.36,Receita
2025-05-14,CLI0107,PRD0073,V029,CC01,FOR0075,DOC106677,22661.03,Despesa
2024-01-08,CLI0264,PRD0160,V021,CC09,FOR0056,DOC106678,12951.7,Despesa
2026-10-10,CLI0224,PRD0070,V010,CC09,FOR0059,DOC106679,1447.04,Despesa
2026-08-04,CLI0003,PRD0063,V014,CC10,,DOC106680,10586.18,Receita
2026-06-26,CLI0132,PRD0193,V007,CC06,FOR0006,DOC106681,21098.58,Despesa
2023-11-27,CLI0299,PRD0009,V007,CC08,FOR0074,DOC106682,2988.8,Despesa
2024-04-09,CLI0264,PRD0006,V004,CC07,FOR0059,DOC106683,5628.69,Despesa
2026-07-01,CLI0021,PRD0052,V023,CC09,,DOC106684,28405.28,Receita
2023-11-23,CLI0287,PRD0128,V027,CC08,FOR0097,DOC106685,23634.49,Despesa
2024-10-17,CLI0205,PRD0184,V017,CC04,FOR0058,DOC106686,6130.74,Despesa
2023-01-18,CLI0257,PRD0136,V016,CC09,FOR0005,DOC106687,4160.27,Despesa
2025-05-30,CLI0082,PRD0163,V008,CC05,,DOC106688,1516.54,Receita
2026-08-14,CLI0209,PRD0036,V009,CC07,FOR0023,DOC106689,15012.7,Despesa
2026-01-16,CLI0100,PRD0176,V016,CC08,,DOC106690,29366.17,Receita
2025-08-31,CLI0076,PRD0050,V027,CC08,,DOC106691,18239.01,Receita
2025-10-13,CLI0287,PRD0067,V029,CC02,FOR0091,DOC106692,6601.9,Despesa
2024-05-24,CLI0153,PRD0128,V022,CC07,,DOC106693,9183.06,Receita
2024-04-25,CLI0278,PRD0100,V014,CC04,,DOC106694,19366.35,Receita
2025-05-06,CLI0148,PRD0124,V017,CC02,FOR0043,DOC106695,7870.76,Despesa
2025-03-05,CLI0034,PRD0019,V001,CC03,FOR0043,DOC106696,10667.56,Despesa
2026-04-19,CLI0175,PRD0043,V021,CC05,FOR0085,DOC106697,2577.82,Despesa
2025-10-19,CLI0210,PRD0178,V014,CC03,FOR0047,DOC106698,8740.62,Despesa
2025-09-09,CLI0113,PRD0198,V016,CC07,,DOC106699,1214.8,Receita
2026-11-09,CLI0109,PRD0188,V016,CC03,FOR0061,DOC106700,28621.96,Despesa
2026-03-22,CLI0078,PRD0149,V012,CC07,,DOC106701,22381.5,Receita
2023-11-11,CLI0221,PRD0160,V006,CC02,FOR0047,DOC106702,17331.03,Despesa
2025-06-23,CLI0205,PRD0123,V012,CC01,FOR0025,DOC106703,28825.77,Despesa
2024-07-28,CLI0197,PRD0052,V019,CC04,,DOC106704,10690.09,Receita
2025-06-17,CLI0116,PRD0027,V013,CC06,FOR0048,DOC106705,28058.52,Despesa
2023-02-23,CLI0270,PRD0115,V020,CC10,,DOC106706,27150.39,Receita
2025-06-22,CLI0201,PRD0057,V019,CC05,,DOC106707,20054.37,Receita
2024-07-10,CLI0048,PRD0090,V007,CC02,,DOC106708,7735.31,Receita
2023-05-07,CLI0292,PRD0189,V029,CC04,FOR0020,DOC106709,24354.43,Despesa
2023-08-02,CLI0037,PRD0115,V001,CC10,,DOC106710,29864.8,Receita
2023-02-12,CLI0052,PRD0055,V023,CC07,,DOC106711,22420.09,Receita
2026-08-06,CLI0152,PRD0134,V020,CC06,FOR0086,DOC106712,8170.52,Despesa
2023-04-16,CLI0156,PRD0044,V025,CC04,,DOC106713,9839.56,Receita
2025-07-14,CLI0111,PRD0073,V019,CC07,,DOC106714,3961.9,Receita
2024-04-28,CLI0283,PRD0067,V023,CC01,FOR0014,DOC106715,28521.68,Despesa
2023-01-01,CLI0237,PRD0028,V027,CC08,FOR0046,DOC106716,12433.37,Despesa
2023-07-24,CLI0040,PRD0146,V030,CC01,,DOC106717,18028.54,Receita
2025-12-16,CLI0134,PRD0043,V018,CC09,,DOC106718,823.55,Receita
2026-03-08,CLI0295,PRD0165,V012,CC09,FOR0026,DOC106719,19668.09,Despesa
2026-02-21,CLI0257,PRD0024,V025,CC10,FOR0029,DOC106720,12011.88,Despesa
2026-01-11,CLI0279,PRD0072,V024,CC06,FOR0007,DOC106721,593.61,Despesa
2024-01-12,CLI0039,PRD0124,V006,CC05,,DOC106722,9202.55,Receita
2025-06-07,CLI0188,PRD0099,V014,CC05,FOR0065,DOC106723,11011.41,Despesa
2025-01-07,CLI0299,PRD0003,V019,CC05,FOR0068,DOC106724,18087.41,Despesa
2026-04-25,CLI0275,PRD0152,V022,CC10,FOR0016,DOC106725,17092.21,Despesa
2026-09-07,CLI0030,PRD0175,V018,CC01,FOR0019,DOC106726,13585.59,Despesa
2023-10-18,CLI0130,PRD0069,V017,CC06,FOR0025,DOC106727,11825.85,Despesa
2023-12-06,CLI0194,PRD0083,V004,CC04,FOR0005,DOC106728,22901.37,Despesa
2026-10-18,CLI0136,PRD0082,V005,CC04,FOR0080,DOC106729,5306.21,Despesa
2023-06-25,CLI0236,PRD0067,V004,CC04,,DOC106730,17408.55,Receita
2023-12-30,CLI0024,PRD0131,V003,CC08,,DOC106731,4773.67,Receita
2026-09-27,CLI0072,PRD0049,V003,CC08,FOR0069,DOC106732,7111.06,Despesa
2024-11-18,CLI0200,PRD0068,V028,CC10,FOR0032,DOC106733,23959.52,Despesa
2026-03-22,CLI0032,PRD0119,V019,CC06,FOR0072,DOC106734,16361.66,Despesa
2023-05-26,CLI0289,PRD0140,V024,CC01,FOR0056,DOC106735,684.97,Despesa
2024-01-24,CLI0224,PRD0049,V028,CC03,,DOC106736,24708.5,Receita
2023-08-04,CLI0124,PRD0142,V006,CC06,FOR0062,DOC106737,27497.41,Despesa
2026-09-12,CLI0007,PRD0001,V015,CC09,,DOC106738,8528.53,Receita
2024-06-21,CLI0264,PRD0188,V005,CC02,FOR0065,DOC106739,25512.35,Despesa
2023-12-29,CLI0146,PRD0009,V016,CC02,FOR0005,DOC106740,17638.49,Despesa
2026-07-27,CLI0031,PRD0120,V021,CC04,FOR0096,DOC106741,6624.42,Despesa
2025-06-30,CLI0182,PRD0023,V023,CC10,,DOC106742,19404.77,Receita
2023-10-23,CLI0013,PRD0130,V027,CC04,,DOC106743,27273.84,Receita
2025-02-26,CLI0069,PRD0181,V015,CC03,FOR0055,DOC106744,27546.17,Despesa
2026-07-08,CLI0264,PRD0117,V005,CC08,FOR0083,DOC106745,21944.39,Despesa
2023-09-04,CLI0021,PRD0108,V010,CC06,FOR0011,DOC106746,13345.36,Despesa
2024-04-10,CLI0083,PRD0148,V012,CC01,FOR0020,DOC106747,551.74,Despesa
2023-11-06,CLI0056,PRD0133,V020,CC08,FOR0026,DOC106748,17488.64,Despesa
2024-05-18,CLI0253,PRD0044,V018,CC07,FOR0002,DOC106749,25113.67,Despesa
2023-08-26,CLI0294,PRD0151,V005,CC03,,DOC106750,11456.04,Receita
2026-05-12,CLI0265,PRD0182,V027,CC05,,DOC106751,14416.69,Receita
2025-04-30,CLI0292,PRD0149,V018,CC02,FOR0002,DOC106752,23129.19,Despesa
2024-06-03,CLI0213,PRD0124,V026,CC03,FOR0065,DOC106753,29939.65,Despesa
2025-08-16,CLI0065,PRD0075,V005,CC08,,DOC106754,6059.57,Receita
2024-04-21,CLI0008,PRD0028,V010,CC03,,DOC106755,3587.19,Receita
2025-01-16,CLI0067,PRD0112,V027,CC08,FOR0050,DOC106756,28091.49,Despesa
2025-11-08,CLI0239,PRD0047,V029,CC04,,DOC106757,5306.73,Receita
2023-07-12,CLI0222,PRD0052,V029,CC02,FOR0092,DOC106758,29237.38,Despesa
2024-10-24,CLI0227,PRD0065,V001,CC03,FOR0044,DOC106759,13012.31,Despesa
2023-10-21,CLI0299,PRD0100,V001,CC06,FOR0047,DOC106760,11427.79,Despesa
2024-05-23,CLI0057,PRD0004,V029,CC08,,DOC106761,13289.79,Receita
2026-08-19,CLI0197,PRD0185,V018,CC06,,DOC106762,1477.57,Receita
2026-07-30,CLI0148,PRD0064,V002,CC03,,DOC106763,8606.69,Receita
2025-12-09,CLI0257,PRD0186,V002,CC05,,DOC106764,24796.61,Receita
2025-04-26,CLI0187,PRD0146,V005,CC09,,DOC106765,23515.3,Receita
2023-05-07,CLI0142,PRD0179,V006,CC02,FOR0059,DOC106766,17044.6,Despesa
2025-07-30,CLI0002,PRD0037,V024,CC02,,DOC106767,24034.78,Receita
2025-01-15,CLI0257,PRD0026,V015,CC07,FOR0022,DOC106768,6610.65,Despesa
2024-05-17,CLI0145,PRD0092,V022,CC09,,DOC106769,2386.33,Receita
2023-10-23,CLI0053,PRD0050,V029,CC03,FOR0075,DOC106770,27318.57,Despesa
2025-03-04,CLI0205,PRD0182,V009,CC03,,DOC106771,29134.8,Receita
2026-10-12,CLI0007,PRD0103,V029,CC02,,DOC106772,17998.54,Receita
2026-10-15,CLI0005,PRD0087,V028,CC02,,DOC106773,5975.13,Receita
2026-11-07,CLI0195,PRD0123,V021,CC02,,DOC106774,14799.73,Receita
2026-05-27,CLI0125,PRD0133,V016,CC01,FOR0099,DOC106775,9490.19,Despesa
2025-01-06,CLI0132,PRD0165,V027,CC10,FOR0096,DOC106776,9548.03,Despesa
2026-02-14,CLI0122,PRD0084,V016,CC08,,DOC106777,16022.16,Receita
2025-10-28,CLI0275,PRD0175,V013,CC07,,DOC106778,15656.68,Receita
2023-06-22,CLI0187,PRD0194,V010,CC04,FOR0024,DOC106779,15746.11,Despesa
2024-08-18,CLI0215,PRD0118,V024,CC06,FOR0079,DOC106780,20387.39,Despesa
2023-12-16,CLI0182,PRD0111,V016,CC02,FOR0011,DOC106781,20366.06,Despesa
2026-10-04,CLI0202,PRD0078,V030,CC01,FOR0079,DOC106782,14451.5,Despesa
2025-05-11,CLI0211,PRD0008,V026,CC08,FOR0098,DOC106783,2788.74,Despesa
2023-09-11,CLI0245,PRD0072,V028,CC03,FOR0063,DOC106784,21832.83,Despesa
2025-03-20,CLI0085,PRD0152,V027,CC09,,DOC106785,10880.46,Receita
2024-01-05,CLI0170,PRD0041,V026,CC02,,DOC106786,8375.08,Receita
2023-11-30,CLI0104,PRD0165,V017,CC07,,DOC106787,29317.32,Receita
2024-01-22,CLI0167,PRD0132,V011,CC03,FOR0020,DOC106788,26277.66,Despesa
2023-04-15,CLI0175,PRD0125,V016,CC02,,DOC106789,14555.59,Receita
2024-01-09,CLI0035,PRD0052,V023,CC10,,DOC106790,1281.95,Receita
2024-03-10,CLI0216,PRD0113,V019,CC08,,DOC106791,29841.17,Receita
2023-06-28,CLI0155,PRD0005,V023,CC08,,DOC106792,2885.41,Receita
2026-02-08,CLI0049,PRD0007,V018,CC04,,DOC106793,24694.95,Receita
2025-05-29,CLI0178,PRD0066,V018,CC07,FOR0050,DOC106794,8992.18,Despesa
2025-01-01,CLI0070,PRD0091,V021,CC09,FOR0044,DOC106795,25075.17,Despesa
2024-05-03,CLI0168,PRD0037,V019,CC01,,DOC106796,8517.78,Receita
2025-08-22,CLI0130,PRD0074,V010,CC06,,DOC106797,28394.76,Receita
2025-04-28,CLI0177,PRD0132,V001,CC08,FOR0024,DOC106798,7184.98,Despesa
2023-01-22,CLI0210,PRD0038,V001,CC04,FOR0011,DOC106799,22523.8,Despesa
2024-07-10,CLI0128,PRD0078,V002,CC03,FOR0094,DOC106800,5025.42,Despesa
2025-04-17,CLI0083,PRD0109,V005,CC06,,DOC106801,19060.68,Receita
2026-10-10,CLI0023,PRD0049,V019,CC08,FOR0081,DOC106802,26317.08,Despesa
2026-06-05,CLI0219,PRD0138,V005,CC03,,DOC106803,2702.6,Receita
2026-01-30,CLI0230,PRD0095,V012,CC10,FOR0051,DOC106804,16644.49,Despesa
2026-03-03,CLI0020,PRD0155,V015,CC09,FOR0031,DOC106805,16241.42,Despesa
2026-01-25,CLI0166,PRD0155,V005,CC05,,DOC106806,14566.88,Receita
2025-04-27,CLI0234,PRD0115,V015,CC05,FOR0070,DOC106807,29756.4,Despesa
2023-01-02,CLI0062,PRD0015,V030,CC10,,DOC106808,24176.56,Receita
2025-07-19,CLI0087,PRD0003,V019,CC06,FOR0026,DOC106809,18852.98,Despesa
2024-05-15,CLI0162,PRD0063,V008,CC04,,DOC106810,24690.41,Receita
2025-01-13,CLI0220,PRD0115,V026,CC07,FOR0072,DOC106811,14913.46,Despesa
2026-06-04,CLI0031,PRD0065,V023,CC01,FOR0034,DOC106812,1274.5,Despesa
2025-12-03,CLI0141,PRD0058,V002,CC09,,DOC106813,24307.98,Receita
2025-01-30,CLI0074,PRD0079,V027,CC04,FOR0056,DOC106814,11821.16,Despesa
2023-06-26,CLI0006,PRD0149,V016,CC09,FOR0039,DOC106815,19899.25,Despesa
2026-12-01,CLI0034,PRD0110,V002,CC05,FOR0043,DOC106816,2122.59,Despesa
2026-09-04,CLI0181,PRD0144,V025,CC10,FOR0080,DOC106817,3890.61,Despesa
2024-07-24,CLI0275,PRD0017,V014,CC10,,DOC106818,16321.07,Receita
2026-03-20,CLI0177,PRD0020,V013,CC01,FOR0050,DOC106819,21908.4,Despesa
2026-07-24,CLI0227,PRD0100,V012,CC01,,DOC106820,4143.56,Receita
2025-10-01,CLI0206,PRD0012,V021,CC04,FOR0062,DOC106821,14072.84,Despesa
2023-09-29,CLI0079,PRD0012,V019,CC02,,DOC106822,21162.79,Receita
2026-11-06,CLI0296,PRD0026,V021,CC06,FOR0019,DOC106823,7648.37,Despesa
2023-08-15,CLI0044,PRD0129,V005,CC07,,DOC106824,7326.8,Receita
2023-11-01,CLI0026,PRD0021,V022,CC07,FOR0048,DOC106825,11203.13,Despesa
2026-03-01,CLI0234,PRD0038,V013,CC09,FOR0026,DOC106826,3547.97,Despesa
2026-01-13,CLI0021,PRD0131,V012,CC02,FOR0043,DOC106827,15761.49,Despesa
2025-10-22,CLI0059,PRD0139,V002,CC05,FOR0034,DOC106828,17207.9,Despesa
2024-04-12,CLI0160,PRD0126,V002,CC09,,DOC106829,14395.38,Receita
2026-03-12,CLI0113,PRD0141,V022,CC02,FOR0073,DOC106830,8107.25,Despesa
2024-08-22,CLI0238,PRD0128,V017,CC04,FOR0088,DOC106831,7962.0,Despesa
2023-06-24,CLI0066,PRD0015,V013,CC09,,DOC106832,11551.5,Receita
2026-10-22,CLI0079,PRD0158,V027,CC07,FOR0083,DOC106833,26273.86,Despesa
2025-12-01,CLI0115,PRD0016,V025,CC09,,DOC106834,6714.82,Receita
2023-11-27,CLI0046,PRD0050,V008,CC09,,DOC106835,28782.54,Receita
2023-07-23,CLI0136,PRD0125,V001,CC02,FOR0061,DOC106836,4595.49,Despesa
2023-02-02,CLI0157,PRD0086,V014,CC06,FOR0032,DOC106837,828.89,Despesa
2025-12-01,CLI0020,PRD0011,V005,CC02,,DOC106838,29816.18,Receita
2024-02-07,CLI0130,PRD0090,V007,CC02,FOR0004,DOC106839,11564.26,Despesa
2023-08-27,CLI0268,PRD0150,V029,CC05,,DOC106840,10491.98,Receita
2023-02-26,CLI0062,PRD0154,V004,CC09,,DOC106841,14043.94,Receita
2023-12-14,CLI0083,PRD0055,V003,CC10,,DOC106842,7312.52,Receita
2025-05-28,CLI0114,PRD0052,V006,CC09,,DOC106843,449.93,Receita
2023-04-05,CLI0137,PRD0080,V006,CC10,,DOC106844,21371.46,Receita
2026-10-04,CLI0274,PRD0168,V006,CC02,FOR0067,DOC106845,11130.1,Despesa
2024-06-29,CLI0035,PRD0148,V020,CC09,,DOC106846,17683.32,Receita
2025-04-07,CLI0024,PRD0081,V027,CC08,,DOC106847,3385.46,Receita
2024-03-22,CLI0124,PRD0069,V021,CC07,FOR0049,DOC106848,27064.93,Despesa
2025-05-06,CLI0203,PRD0036,V028,CC05,FOR0009,DOC106849,10739.9,Despesa
2024-05-25,CLI0149,PRD0124,V002,CC03,FOR0018,DOC106850,25749.71,Despesa
2023-05-23,CLI0134,PRD0193,V006,CC10,FOR0088,DOC106851,21708.31,Despesa
2026-03-23,CLI0023,PRD0042,V028,CC01,FOR0067,DOC106852,1265.93,Despesa
2025-04-06,CLI0104,PRD0170,V011,CC02,,DOC106853,1047.36,Receita
2024-06-16,CLI0159,PRD0126,V002,CC01,FOR0030,DOC106854,824.6,Despesa
2026-10-28,CLI0275,PRD0031,V023,CC08,FOR0038,DOC106855,14447.93,Despesa
2024-08-23,CLI0096,PRD0061,V008,CC07,FOR0060,DOC106856,27122.72,Despesa
2023-01-04,CLI0007,PRD0072,V022,CC05,FOR0009,DOC106857,27378.02,Despesa
2023-09-03,CLI0051,PRD0105,V012,CC10,,DOC106858,24561.6,Receita
2024-02-15,CLI0193,PRD0014,V009,CC08,FOR0055,DOC106859,15723.24,Despesa
2024-01-18,CLI0005,PRD0185,V018,CC01,,DOC106860,28856.28,Receita
2024-01-12,CLI0279,PRD0092,V001,CC09,,DOC106861,7715.2,Receita
2023-05-22,CLI0104,PRD0009,V026,CC08,,DOC106862,7753.27,Receita
2025-03-15,CLI0100,PRD0132,V015,CC05,FOR0022,DOC106863,9309.13,Despesa
2025-10-26,CLI0162,PRD0143,V022,CC09,,DOC106864,18135.35,Receita
2024-06-20,CLI0202,PRD0164,V019,CC05,,DOC106865,3120.43,Receita
2026-08-19,CLI0065,PRD0067,V015,CC08,FOR0073,DOC106866,11223.86,Despesa
2025-06-21,CLI0021,PRD0069,V019,CC10,,DOC106867,9010.71,Receita
2024-08-21,CLI0037,PRD0076,V028,CC02,,DOC106868,4691.45,Receita
2025-03-13,CLI0240,PRD0183,V016,CC04,FOR0003,DOC106869,26532.7,Despesa
2023-04-21,CLI0076,PRD0037,V005,CC07,FOR0030,DOC106870,5697.25,Despesa
2026-07-21,CLI0079,PRD0121,V017,CC06,FOR0009,DOC106871,27275.48,Despesa
2026-07-22,CLI0291,PRD0188,V030,CC08,,DOC106872,11468.12,Receita
2024-03-06,CLI0019,PRD0113,V017,CC05,,DOC106873,29289.55,Receita
2023-08-22,CLI0288,PRD0190,V021,CC07,FOR0005,DOC106874,13100.68,Despesa
2023-11-23,CLI0140,PRD0044,V016,CC05,FOR0026,DOC106875,5161.01,Despesa
2025-09-09,CLI0017,PRD0026,V015,CC01,FOR0029,DOC106876,27206.15,Despesa
2026-11-02,CLI0051,PRD0190,V018,CC04,,DOC106877,7752.07,Receita
2024-09-26,CLI0201,PRD0139,V014,CC06,,DOC106878,8152.18,Receita
2026-04-28,CLI0020,PRD0151,V003,CC09,,DOC106879,16483.72,Receita
2023-03-15,CLI0108,PRD0061,V018,CC04,FOR0086,DOC106880,11012.81,Despesa
2024-11-01,CLI0069,PRD0153,V006,CC05,FOR0061,DOC106881,14535.94,Despesa
2023-05-31,CLI0242,PRD0052,V025,CC10,FOR0016,DOC106882,14914.53,Despesa
2024-06-20,CLI0178,PRD0033,V012,CC10,,DOC106883,11684.03,Receita
2024-10-11,CLI0246,PRD0200,V025,CC09,,DOC106884,16645.91,Receita
2023-01-17,CLI0056,PRD0039,V028,CC02,FOR0080,DOC106885,17437.2,Despesa
2024-09-29,CLI0209,PRD0154,V005,CC04,FOR0027,DOC106886,9588.04,Despesa
2024-06-18,CLI0182,PRD0077,V006,CC08,FOR0032,DOC106887,26613.4,Despesa
2023-09-13,CLI0243,PRD0153,V014,CC03,,DOC106888,26787.42,Receita
2024-11-26,CLI0242,PRD0126,V028,CC02,,DOC106889,10082.84,Receita
2024-04-06,CLI0168,PRD0007,V007,CC05,,DOC106890,17589.36,Receita
2024-05-05,CLI0206,PRD0084,V023,CC06,FOR0019,DOC106891,19673.77,Despesa
2024-10-24,CLI0148,PRD0068,V006,CC05,FOR0053,DOC106892,11314.7,Despesa
2023-12-08,CLI0020,PRD0142,V028,CC10,FOR0015,DOC106893,1886.59,Despesa
2023-11-24,CLI0236,PRD0172,V012,CC02,,DOC106894,23878.37,Receita
2024-06-09,CLI0267,PRD0182,V028,CC09,,DOC106895,15776.78,Receita
2025-07-05,CLI0271,PRD0147,V010,CC09,,DOC106896,6987.81,Receita
2025-03-26,CLI0167,PRD0014,V025,CC01,,DOC106897,5831.77,Receita
2024-10-27,CLI0131,PRD0192,V030,CC01,FOR0012,DOC106898,3082.6,Despesa
2024-06-14,CLI0184,PRD0027,V027,CC07,FOR0011,DOC106899,1559.23,Despesa
2025-07-07,CLI0151,PRD0179,V015,CC03,FOR0025,DOC106900,11292.47,Despesa
2024-10-17,CLI0107,PRD0084,V004,CC07,,DOC106901,8156.03,Receita
2023-12-04,CLI0065,PRD0101,V006,CC06,FOR0013,DOC106902,18236.49,Despesa
2024-05-31,CLI0020,PRD0180,V022,CC08,,DOC106903,12984.32,Receita
2024-06-25,CLI0258,PRD0099,V010,CC10,,DOC106904,28132.99,Receita
2026-04-28,CLI0002,PRD0006,V010,CC02,FOR0040,DOC106905,24103.12,Despesa
2024-08-10,CLI0203,PRD0085,V003,CC05,,DOC106906,10380.19,Receita
2024-12-08,CLI0156,PRD0138,V029,CC10,FOR0032,DOC106907,11004.12,Despesa
2024-04-09,CLI0072,PRD0049,V006,CC09,,DOC106908,25156.3,Receita
2024-04-30,CLI0202,PRD0131,V014,CC06,FOR0026,DOC106909,6949.64,Despesa
2025-07-23,CLI0007,PRD0063,V017,CC04,FOR0085,DOC106910,12649.89,Despesa
2026-03-10,CLI0155,PRD0118,V016,CC09,,DOC106911,18959.73,Receita
2024-01-21,CLI0290,PRD0152,V016,CC03,,DOC106912,1227.38,Receita
2026-10-30,CLI0175,PRD0142,V016,CC03,FOR0055,DOC106913,29555.44,Despesa
2026-08-24,CLI0185,PRD0036,V013,CC10,,DOC106914,19909.56,Receita
2026-12-13,CLI0247,PRD0083,V002,CC09,,DOC106915,17672.52,Receita
2026-06-25,CLI0285,PRD0158,V029,CC06,FOR0068,DOC106916,116.86,Despesa
2026-11-22,CLI0240,PRD0139,V014,CC06,FOR0047,DOC106917,20982.73,Despesa
2024-11-27,CLI0182,PRD0009,V014,CC08,,DOC106918,8636.13,Receita
2024-08-22,CLI0024,PRD0060,V011,CC03,,DOC106919,8846.25,Receita
2024-09-30,CLI0250,PRD0039,V012,CC06,,DOC106920,15799.02,Receita
2023-08-31,CLI0231,PRD0049,V026,CC07,FOR0071,DOC106921,21819.25,Despesa
2025-01-08,CLI0124,PRD0037,V003,CC02,,DOC106922,17875.34,Receita
2024-02-15,CLI0130,PRD0174,V011,CC04,FOR0092,DOC106923,8483.97,Despesa
2023-08-14,CLI0058,PRD0195,V011,CC07,FOR0089,DOC106924,648.86,Despesa
2024-12-24,CLI0013,PRD0165,V001,CC04,FOR0079,DOC106925,2550.49,Despesa
2026-12-24,CLI0077,PRD0015,V020,CC10,FOR0018,DOC106926,11807.99,Despesa
2025-12-29,CLI0268,PRD0008,V025,CC07,,DOC106927,27569.41,Receita
2025-10-01,CLI0072,PRD0109,V012,CC06,FOR0012,DOC106928,20023.96,Despesa
2024-02-16,CLI0027,PRD0173,V025,CC09,FOR0011,DOC106929,16698.61,Despesa
2024-01-21,CLI0160,PRD0025,V023,CC01,FOR0050,DOC106930,26196.3,Despesa
2024-11-26,CLI0231,PRD0114,V028,CC01,FOR0092,DOC106931,11581.08,Despesa
2026-03-06,CLI0082,PRD0131,V012,CC02,FOR0018,DOC106932,441.03,Despesa
2026-12-03,CLI0059,PRD0185,V014,CC02,,DOC106933,26832.78,Receita
2024-05-25,CLI0118,PRD0021,V023,CC01,,DOC106934,6400.77,Receita
2025-10-13,CLI0154,PRD0050,V027,CC09,,DOC106935,243.45,Receita
2024-11-09,CLI0273,PRD0174,V014,CC06,,DOC106936,13095.63,Receita
2026-03-18,CLI0294,PRD0175,V027,CC08,,DOC106937,10991.3,Receita
2026-11-07,CLI0132,PRD0012,V028,CC08,,DOC106938,27948.79,Receita
2023-11-03,CLI0125,PRD0126,V002,CC01,FOR0041,DOC106939,24071.51,Despesa
2026-08-08,CLI0275,PRD0166,V029,CC07,FOR0015,DOC106940,16283.98,Despesa
2024-11-26,CLI0089,PRD0130,V029,CC06,,DOC106941,401.98,Receita
2025-04-23,CLI0295,PRD0063,V026,CC09,,DOC106942,18160.28,Receita
2024-07-30,CLI0111,PRD0040,V004,CC05,FOR0095,DOC106943,4464.63,Despesa
2026-01-24,CLI0291,PRD0125,V004,CC09,FOR0046,DOC106944,22294.15,Despesa
2025-07-22,CLI0194,PRD0200,V030,CC04,FOR0070,DOC106945,19305.8,Despesa
2026-02-20,CLI0026,PRD0139,V004,CC05,,DOC106946,9119.04,Receita
2025-12-31,CLI0068,PRD0106,V006,CC01,,DOC106947,13312.11,Receita
2023-11-13,CLI0268,PRD0073,V016,CC03,,DOC106948,16748.3,Receita
2023-02-18,CLI0055,PRD0149,V015,CC08,FOR0007,DOC106949,11264.34,Despesa
2024-06-15,CLI0207,PRD0094,V004,CC03,FOR0042,DOC106950,29762.19,Despesa
2026-05-15,CLI0276,PRD0107,V002,CC07,,DOC106951,21412.97,Receita
2023-01-06,CLI0089,PRD0182,V002,CC09,FOR0053,DOC106952,8976.74,Despesa
2025-08-13,CLI0112,PRD0004,V030,CC01,FOR0077,DOC106953,18977.2,Despesa
2025-04-01,CLI0098,PRD0183,V019,CC10,FOR0019,DOC106954,5658.42,Despesa
2025-01-22,CLI0163,PRD0002,V012,CC06,FOR0017,DOC106955,10012.37,Despesa
2026-07-11,CLI0060,PRD0189,V017,CC01,FOR0024,DOC106956,14383.46,Despesa
2026-04-19,CLI0264,PRD0141,V027,CC01,,DOC106957,12060.72,Receita
2025-08-27,CLI0227,PRD0156,V013,CC09,FOR0016,DOC106958,22533.51,Despesa
2026-02-20,CLI0144,PRD0142,V006,CC07,,DOC106959,22004.02,Receita
2024-04-04,CLI0083,PRD0138,V025,CC09,,DOC106960,18449.78,Receita
2024-04-02,CLI0046,PRD0068,V022,CC05,,DOC106961,21213.32,Receita
2024-12-05,CLI0292,PRD0097,V004,CC02,,DOC106962,28766.42,Receita
2023-10-31,CLI0070,PRD0081,V016,CC01,FOR0009,DOC106963,22761.2,Despesa
2024-02-28,CLI0078,PRD0068,V002,CC02,,DOC106964,16127.3,Receita
2023-03-09,CLI0115,PRD0151,V005,CC07,,DOC106965,12060.89,Receita
2026-01-09,CLI0069,PRD0148,V004,CC05,,DOC106966,12487.46,Receita
2025-08-16,CLI0239,PRD0175,V024,CC09,,DOC106967,7572.13,Receita
2024-02-03,CLI0200,PRD0089,V007,CC10,FOR0041,DOC106968,28647.15,Despesa
2023-04-04,CLI0166,PRD0060,V007,CC01,FOR0034,DOC106969,20235.34,Despesa
2024-09-22,CLI0173,PRD0134,V013,CC08,,DOC106970,9419.99,Receita
2025-06-03,CLI0227,PRD0137,V005,CC02,FOR0052,DOC106971,19586.19,Despesa
2023-04-13,CLI0009,PRD0137,V029,CC02,,DOC106972,24505.71,Receita
2024-06-23,CLI0098,PRD0119,V008,CC01,FOR0068,DOC106973,25419.51,Despesa
2023-03-07,CLI0087,PRD0022,V016,CC10,,DOC106974,29638.82,Receita
2024-08-10,CLI0036,PRD0106,V011,CC06,,DOC106975,1928.29,Receita
2023-10-10,CLI0296,PRD0177,V026,CC04,,DOC106976,9691.86,Receita
2024-01-17,CLI0081,PRD0053,V026,CC05,FOR0013,DOC106977,4369.28,Despesa
2025-05-18,CLI0286,PRD0036,V015,CC02,,DOC106978,15294.96,Receita
2026-11-06,CLI0210,PRD0099,V001,CC06,,DOC106979,2703.04,Receita
2025-03-04,CLI0184,PRD0038,V011,CC06,,DOC106980,17994.83,Receita
2024-06-07,CLI0034,PRD0141,V029,CC10,,DOC106981,28173.99,Receita
2026-11-16,CLI0253,PRD0009,V003,CC02,,DOC106982,11176.14,Receita
2023-07-04,CLI0174,PRD0027,V025,CC03,,DOC106983,1825.6,Receita
2024-12-13,CLI0054,PRD0179,V012,CC09,FOR0075,DOC106984,29332.53,Despesa
2023-10-17,CLI0033,PRD0091,V016,CC07,,DOC106985,19028.78,Receita
2025-06-26,CLI0104,PRD0159,V007,CC01,FOR0041,DOC106986,24800.03,Despesa
2024-08-14,CLI0140,PRD0123,V011,CC03,FOR0041,DOC106987,8382.11,Despesa
2025-05-24,CLI0030,PRD0028,V023,CC10,FOR0064,DOC106988,8591.13,Despesa
2026-09-02,CLI0132,PRD0099,V007,CC10,FOR0048,DOC106989,27808.24,Despesa
2023-12-24,CLI0049,PRD0043,V015,CC02,FOR0087,DOC106990,12128.05,Despesa
2025-12-04,CLI0094,PRD0081,V016,CC09,,DOC106991,17025.54,Receita
2024-03-21,CLI0247,PRD0087,V010,CC10,,DOC106992,26995.03,Receita
2024-06-06,CLI0163,PRD0021,V010,CC06,,DOC106993,28087.01,Receita
2024-02-12,CLI0248,PRD0143,V026,CC08,FOR0100,DOC106994,3512.3,Despesa
2024-08-18,CLI0015,PRD0150,V006,CC06,FOR0097,DOC106995,10809.72,Despesa
2026-09-20,CLI0091,PRD0026,V019,CC07,FOR0043,DOC106996,22629.07,Despesa
2023-11-16,CLI0039,PRD0159,V008,CC05,FOR0089,DOC106997,29967.99,Despesa
2023-04-28,CLI0188,PRD0025,V008,CC05,FOR0050,DOC106998,3158.34,Despesa
2024-10-06,CLI0213,PRD0110,V023,CC01,FOR0045,DOC106999,9380.39,Despesa
2023-05-18,CLI0093,PRD0186,V008,CC07,FOR0007,DOC107000,19898.41,Despesa
2024-07-14,CLI0004,PRD0152,V004,CC08,,DOC107001,19528.03,Receita
2026-08-17,CLI0157,PRD0015,V023,CC03,FOR0099,DOC107002,16311.09,Despesa
2026-02-19,CLI0227,PRD0135,V027,CC02,,DOC107003,24913.52,Receita
2026-05-14,CLI0075,PRD0046,V014,CC06,,DOC107004,27149.75,Receita
2024-05-28,CLI0043,PRD0167,V021,CC02,,DOC107005,20758.56,Receita
2024-05-22,CLI0243,PRD0129,V008,CC06,FOR0077,DOC107006,4667.61,Despesa
2025-05-22,CLI0212,PRD0061,V027,CC03,FOR0052,DOC107007,1432.01,Despesa
2023-04-24,CLI0279,PRD0104,V025,CC05,,DOC107008,26846.96,Receita
2024-06-19,CLI0101,PRD0142,V008,CC10,,DOC107009,14025.34,Receita
2026-12-14,CLI0015,PRD0043,V030,CC05,FOR0071,DOC107010,23726.8,Despesa
2024-06-16,CLI0262,PRD0099,V007,CC03,,DOC107011,13377.76,Receita
2025-04-02,CLI0240,PRD0200,V002,CC07,,DOC107012,574.53,Receita
2025-04-20,CLI0021,PRD0071,V004,CC06,,DOC107013,24488.83,Receita
2024-08-29,CLI0195,PRD0166,V028,CC05,,DOC107014,5959.17,Receita
2024-09-15,CLI0084,PRD0021,V007,CC07,,DOC107015,22483.34,Receita
2024-11-28,CLI0037,PRD0143,V020,CC04,,DOC107016,11259.42,Receita
2026-04-05,CLI0249,PRD0026,V026,CC08,FOR0071,DOC107017,11416.49,Despesa
2025-07-12,CLI0225,PRD0056,V014,CC04,,DOC107018,4282.98,Receita
2026-07-06,CLI0068,PRD0047,V026,CC04,FOR0044,DOC107019,8535.85,Despesa
2023-12-01,CLI0237,PRD0150,V003,CC06,FOR0083,DOC107020,22189.59,Despesa
2025-11-07,CLI0117,PRD0145,V001,CC02,FOR0027,DOC107021,15367.07,Despesa
2024-10-03,CLI0233,PRD0130,V012,CC05,,DOC107022,17478.67,Receita
2023-10-14,CLI0223,PRD0159,V024,CC10,FOR0073,DOC107023,10224.8,Despesa
2026-07-04,CLI0137,PRD0078,V006,CC05,FOR0037,DOC107024,2209.45,Despesa
2023-06-11,CLI0149,PRD0111,V014,CC09,,DOC107025,29624.34,Receita
2023-11-04,CLI0209,PRD0134,V014,CC09,FOR0024,DOC107026,14921.49,Despesa
2025-04-18,CLI0036,PRD0047,V025,CC03,,DOC107027,12840.83,Receita
2025-02-08,CLI0199,PRD0077,V025,CC09,,DOC107028,19032.08,Receita
2025-04-15,CLI0039,PRD0183,V020,CC03,,DOC107029,10597.49,Receita
2026-03-25,CLI0073,PRD0037,V024,CC08,,DOC107030,14231.22,Receita
2026-12-15,CLI0252,PRD0119,V027,CC03,,DOC107031,18176.79,Receita
2023-09-19,CLI0285,PRD0132,V002,CC07,,DOC107032,13684.3,Receita
2023-04-27,CLI0214,PRD0081,V004,CC08,FOR0084,DOC107033,11738.82,Despesa
2025-09-02,CLI0079,PRD0062,V006,CC07,FOR0038,DOC107034,5550.65,Despesa
2025-10-07,CLI0015,PRD0011,V021,CC10,FOR0045,DOC107035,22231.35,Despesa
2025-02-24,CLI0216,PRD0016,V023,CC09,FOR0096,DOC107036,29392.05,Despesa
2025-01-03,CLI0102,PRD0007,V015,CC08,,DOC107037,11408.77,Receita
2023-04-21,CLI0123,PRD0007,V002,CC09,,DOC107038,14856.58,Receita
2024-05-04,CLI0127,PRD0040,V026,CC05,,DOC107039,20323.16,Receita
2025-10-18,CLI0292,PRD0125,V014,CC01,FOR0049,DOC107040,10330.56,Despesa
2025-11-19,CLI0138,PRD0034,V016,CC09,,DOC107041,5057.86,Receita
2026-02-06,CLI0116,PRD0020,V010,CC07,,DOC107042,21737.44,Receita
2024-09-09,CLI0001,PRD0155,V013,CC03,FOR0015,DOC107043,3640.97,Despesa
2025-02-11,CLI0088,PRD0138,V011,CC07,,DOC107044,18301.95,Receita
2025-04-02,CLI0101,PRD0175,V020,CC06,,DOC107045,2749.2,Receita
2024-11-22,CLI0056,PRD0104,V006,CC05,,DOC107046,22572.35,Receita
2026-09-27,CLI0172,PRD0077,V004,CC10,FOR0040,DOC107047,455.58,Despesa
2026-03-16,CLI0185,PRD0011,V028,CC06,FOR0074,DOC107048,18911.58,Despesa
2023-12-30,CLI0176,PRD0107,V010,CC02,,DOC107049,13145.8,Receita
2024-11-24,CLI0256,PRD0084,V026,CC06,,DOC107050,3185.61,Receita
2023-11-14,CLI0073,PRD0100,V018,CC03,,DOC107051,11967.08,Receita
2026-05-29,CLI0019,PRD0140,V026,CC01,FOR0079,DOC107052,7660.24,Despesa
2023-07-09,CLI0183,PRD0105,V005,CC05,FOR0075,DOC107053,13800.47,Despesa
2024-01-14,CLI0208,PRD0008,V018,CC02,,DOC107054,6619.39,Receita
2024-08-23,CLI0191,PRD0122,V020,CC08,FOR0054,DOC107055,23485.53,Despesa
2024-09-21,CLI0048,PRD0135,V017,CC03,,DOC107056,3889.24,Receita
2023-03-21,CLI0117,PRD0127,V007,CC10,,DOC107057,22959.01,Receita
2025-07-31,CLI0023,PRD0029,V013,CC09,FOR0059,DOC107058,2462.86,Despesa
2023-11-06,CLI0076,PRD0069,V021,CC07,FOR0002,DOC107059,29426.08,Despesa
2023-11-08,CLI0186,PRD0086,V022,CC02,,DOC107060,22458.81,Receita
2023-03-26,CLI0009,PRD0171,V007,CC08,FOR0076,DOC107061,25887.42,Despesa
2025-12-08,CLI0092,PRD0168,V023,CC09,,DOC107062,4908.54,Receita
2026-11-04,CLI0219,PRD0185,V016,CC05,FOR0004,DOC107063,24345.88,Despesa
2025-03-08,CLI0093,PRD0180,V010,CC03,FOR0080,DOC107064,4049.7,Despesa
2026-07-13,CLI0251,PRD0019,V018,CC01,,DOC107065,16297.22,Receita
2023-07-05,CLI0209,PRD0178,V010,CC02,FOR0042,DOC107066,17825.1,Despesa
2023-08-26,CLI0113,PRD0047,V014,CC08,FOR0096,DOC107067,18713.61,Despesa
2025-09-06,CLI0222,PRD0002,V002,CC04,FOR0035,DOC107068,29778.39,Despesa
2024-01-12,CLI0216,PRD0027,V005,CC03,FOR0081,DOC107069,26015.2,Despesa
2023-02-11,CLI0149,PRD0157,V015,CC05,,DOC107070,28615.3,Receita
2025-12-23,CLI0215,PRD0030,V007,CC07,,DOC107071,14049.22,Receita
2026-10-15,CLI0293,PRD0084,V016,CC05,FOR0050,DOC107072,8086.77,Despesa
2026-03-23,CLI0261,PRD0086,V015,CC10,,DOC107073,22626.34,Receita
2024-07-13,CLI0063,PRD0144,V025,CC05,,DOC107074,27337.16,Receita
2025-02-02,CLI0227,PRD0085,V005,CC08,FOR0088,DOC107075,12018.51,Despesa
2023-06-08,CLI0284,PRD0188,V010,CC04,FOR0069,DOC107076,594.95,Despesa
2026-07-21,CLI0079,PRD0024,V016,CC10,,DOC107077,22404.18,Receita
2023-04-03,CLI0268,PRD0012,V008,CC10,,DOC107078,19977.03,Receita
2023-12-02,CLI0234,PRD0166,V010,CC04,,DOC107079,21755.69,Receita
2025-12-07,CLI0121,PRD0029,V001,CC02,FOR0016,DOC107080,27061.4,Despesa
2024-12-19,CLI0073,PRD0177,V009,CC08,FOR0066,DOC107081,26404.04,Despesa
2023-01-29,CLI0190,PRD0083,V011,CC08,FOR0077,DOC107082,24152.25,Despesa
2023-05-10,CLI0292,PRD0194,V010,CC03,FOR0036,DOC107083,21588.23,Despesa
2024-06-02,CLI0052,PRD0198,V009,CC01,,DOC107084,2438.87,Receita
2025-03-29,CLI0249,PRD0081,V026,CC03,FOR0084,DOC107085,24592.32,Despesa
2026-12-15,CLI0254,PRD0037,V025,CC05,,DOC107086,10210.95,Receita
2024-10-10,CLI0207,PRD0096,V015,CC01,FOR0016,DOC107087,5743.99,Despesa
2026-10-22,CLI0012,PRD0054,V010,CC02,FOR0068,DOC107088,3799.53,Despesa
2025-07-24,CLI0018,PRD0054,V022,CC06,,DOC107089,22318.22,Receita
2025-01-21,CLI0287,PRD0015,V012,CC10,FOR0026,DOC107090,18442.64,Despesa
2026-02-10,CLI0094,PRD0102,V028,CC08,FOR0026,DOC107091,21072.93,Despesa
2025-05-10,CLI0032,PRD0009,V010,CC06,FOR0077,DOC107092,7427.24,Despesa
2024-11-18,CLI0007,PRD0186,V010,CC07,FOR0049,DOC107093,3258.89,Despesa
2026-02-10,CLI0293,PRD0186,V006,CC10,FOR0026,DOC107094,16234.25,Despesa
2025-02-04,CLI0077,PRD0027,V011,CC07,,DOC107095,22935.48,Receita
2025-02-15,CLI0264,PRD0021,V008,CC04,FOR0053,DOC107096,17449.37,Despesa
2025-04-08,CLI0153,PRD0011,V026,CC04,FOR0092,DOC107097,21710.78,Despesa
2026-06-12,CLI0038,PRD0191,V020,CC08,FOR0008,DOC107098,19612.7,Despesa
2025-05-21,CLI0085,PRD0044,V017,CC10,,DOC107099,28609.81,Receita
2025-03-21,CLI0137,PRD0084,V019,CC07,,DOC107100,24695.26,Receita
2024-08-11,CLI0044,PRD0151,V012,CC10,,DOC107101,22814.11,Receita
2023-08-20,CLI0177,PRD0171,V011,CC05,FOR0049,DOC107102,18053.99,Despesa
2026-11-03,CLI0055,PRD0158,V023,CC10,FOR0044,DOC107103,12417.05,Despesa
2025-07-11,CLI0160,PRD0126,V025,CC05,,DOC107104,18550.07,Receita
2024-05-27,CLI0068,PRD0042,V002,CC09,FOR0025,DOC107105,29191.72,Despesa
2023-02-05,CLI0265,PRD0123,V026,CC05,FOR0036,DOC107106,13149.06,Despesa
2023-01-18,CLI0045,PRD0057,V026,CC01,,DOC107107,14589.38,Receita
2023-05-07,CLI0232,PRD0168,V020,CC06,FOR0053,DOC107108,17602.33,Despesa
2025-10-21,CLI0019,PRD0016,V009,CC10,FOR0078,DOC107109,15811.6,Despesa
2025-12-12,CLI0261,PRD0185,V022,CC01,FOR0010,DOC107110,12763.46,Despesa
2025-09-12,CLI0007,PRD0192,V004,CC03,FOR0057,DOC107111,26833.7,Despesa
2023-02-10,CLI0268,PRD0162,V012,CC04,,DOC107112,3193.3,Receita
2025-04-18,CLI0025,PRD0152,V025,CC08,,DOC107113,17931.28,Receita
2024-06-07,CLI0237,PRD0123,V017,CC09,FOR0043,DOC107114,20775.75,Despesa
2024-05-08,CLI0046,PRD0098,V014,CC04,FOR0085,DOC107115,29885.6,Despesa
2025-11-22,CLI0286,PRD0080,V009,CC04,,DOC107116,20987.11,Receita
2026-12-08,CLI0223,PRD0140,V019,CC05,,DOC107117,13259.81,Receita
2025-02-13,CLI0023,PRD0157,V006,CC02,FOR0059,DOC107118,22368.76,Despesa
2026-09-23,CLI0245,PRD0194,V014,CC10,,DOC107119,21971.14,Receita
2024-09-04,CLI0211,PRD0098,V008,CC10,,DOC107120,5156.0,Receita
2025-02-20,CLI0169,PRD0004,V020,CC01,FOR0086,DOC107121,21861.02,Despesa
2025-12-23,CLI0061,PRD0038,V021,CC02,FOR0083,DOC107122,28978.86,Despesa
2024-08-09,CLI0103,PRD0063,V013,CC09,,DOC107123,22129.3,Receita
2023-09-25,CLI0203,PRD0182,V025,CC09,FOR0019,DOC107124,24226.82,Despesa
2024-07-18,CLI0044,PRD0135,V008,CC03,,DOC107125,5137.3,Receita
2024-03-15,CLI0107,PRD0123,V008,CC06,,DOC107126,5721.63,Receita
2025-12-25,CLI0150,PRD0043,V013,CC08,,DOC107127,26283.35,Receita
2026-12-29,CLI0239,PRD0093,V022,CC04,,DOC107128,549.41,Receita
2025-05-20,CLI0019,PRD0009,V021,CC08,FOR0033,DOC107129,20691.45,Despesa
2024-10-07,CLI0156,PRD0159,V027,CC03,FOR0031,DOC107130,5273.56,Despesa
2024-09-07,CLI0097,PRD0159,V010,CC10,FOR0054,DOC107131,22491.18,Despesa
2026-08-18,CLI0081,PRD0175,V007,CC10,FOR0012,DOC107132,16680.2,Despesa
2026-06-05,CLI0076,PRD0002,V008,CC04,,DOC107133,4178.65,Receita
2025-06-18,CLI0147,PRD0171,V007,CC08,,DOC107134,11566.51,Receita
2024-01-17,CLI0096,PRD0173,V017,CC06,,DOC107135,581.27,Receita
2023-12-05,CLI0159,PRD0104,V022,CC02,FOR0075,DOC107136,13520.22,Despesa
2025-12-03,CLI0166,PRD0142,V024,CC05,,DOC107137,5262.68,Receita
2025-11-15,CLI0006,PRD0050,V010,CC05,,DOC107138,24149.74,Receita
2026-06-07,CLI0160,PRD0020,V017,CC08,FOR0002,DOC107139,9669.47,Despesa
2025-12-21,CLI0284,PRD0031,V016,CC02,FOR0086,DOC107140,4763.94,Despesa
2023-04-05,CLI0283,PRD0178,V023,CC06,FOR0047,DOC107141,25963.63,Despesa
2025-10-21,CLI0247,PRD0101,V005,CC02,,DOC107142,9343.75,Receita
2024-04-15,CLI0037,PRD0154,V027,CC04,,DOC107143,22441.68,Receita
2026-10-18,CLI0117,PRD0056,V010,CC10,FOR0078,DOC107144,14049.24,Despesa
2026-03-30,CLI0228,PRD0070,V002,CC04,FOR0032,DOC107145,521.01,Despesa
2026-04-23,CLI0160,PRD0038,V021,CC08,FOR0070,DOC107146,28362.5,Despesa
2026-01-25,CLI0287,PRD0131,V015,CC06,,DOC107147,20767.44,Receita
2025-12-12,CLI0125,PRD0062,V007,CC09,FOR0036,DOC107148,25616.51,Despesa
2025-07-23,CLI0295,PRD0009,V004,CC01,FOR0100,DOC107149,21242.11,Despesa
2023-08-06,CLI0196,PRD0090,V025,CC09,,DOC107150,2257.64,Receita
2023-03-19,CLI0006,PRD0051,V010,CC04,FOR0088,DOC107151,25846.9,Despesa
2026-12-14,CLI0289,PRD0028,V006,CC07,,DOC107152,14129.76,Receita
2026-11-02,CLI0117,PRD0142,V017,CC05,FOR0017,DOC107153,4130.99,Despesa
2024-10-20,CLI0059,PRD0045,V016,CC08,FOR0026,DOC107154,4846.34,Despesa
2026-07-19,CLI0103,PRD0199,V023,CC10,,DOC107155,17442.29,Receita
2025-08-29,CLI0266,PRD0172,V011,CC08,FOR0084,DOC107156,7220.83,Despesa
2026-07-03,CLI0024,PRD0102,V014,CC05,FOR0017,DOC107157,13040.12,Despesa
2025-03-30,CLI0054,PRD0128,V026,CC07,FOR0067,DOC107158,13995.94,Despesa
2024-03-24,CLI0185,PRD0045,V014,CC05,,DOC107159,12625.89,Receita
2023-08-09,CLI0187,PRD0146,V007,CC07,,DOC107160,19036.72,Receita
2026-05-31,CLI0008,PRD0004,V010,CC08,FOR0036,DOC107161,10888.24,Despesa
2026-10-17,CLI0023,PRD0166,V024,CC07,FOR0016,DOC107162,13515.63,Despesa
2023-04-24,CLI0100,PRD0096,V025,CC08,FOR0045,DOC107163,24781.12,Despesa
2023-04-07,CLI0181,PRD0027,V027,CC04,FOR0046,DOC107164,24270.99,Despesa
2023-01-28,CLI0039,PRD0081,V007,CC05,FOR0020,DOC107165,948.9,Despesa
2024-06-29,CLI0158,PRD0015,V001,CC10,FOR0038,DOC107166,10004.37,Despesa
2024-05-28,CLI0262,PRD0047,V023,CC10,FOR0017,DOC107167,10839.51,Despesa
2026-01-22,CLI0044,PRD0073,V023,CC06,FOR0060,DOC107168,382.27,Despesa
2024-07-01,CLI0230,PRD0177,V028,CC04,FOR0066,DOC107169,510.46,Despesa
2024-05-31,CLI0116,PRD0176,V025,CC04,FOR0017,DOC107170,27014.41,Despesa
2024-06-29,CLI0283,PRD0031,V009,CC07,,DOC107171,22125.25,Receita
2023-08-29,CLI0231,PRD0097,V023,CC05,,DOC107172,13219.36,Receita
2026-04-02,CLI0096,PRD0190,V029,CC06,FOR0063,DOC107173,19371.66,Despesa
2025-04-26,CLI0298,PRD0020,V030,CC07,FOR0086,DOC107174,24127.54,Despesa
2023-10-11,CLI0079,PRD0094,V013,CC05,,DOC107175,21233.91,Receita
2026-11-19,CLI0188,PRD0103,V010,CC08,,DOC107176,25260.99,Receita
2023-10-21,CLI0277,PRD0197,V011,CC05,FOR0011,DOC107177,25800.65,Despesa
2026-01-09,CLI0186,PRD0134,V009,CC01,,DOC107178,28424.43,Receita
2026-03-08,CLI0034,PRD0114,V018,CC07,,DOC107179,11728.64,Receita
2023-01-21,CLI0165,PRD0086,V010,CC03,FOR0089,DOC107180,24856.7,Despesa
2025-05-25,CLI0195,PRD0195,V007,CC08,FOR0014,DOC107181,28536.75,Despesa
2025-03-01,CLI0215,PRD0059,V020,CC02,FOR0031,DOC107182,18649.44,Despesa
2026-05-01,CLI0257,PRD0154,V018,CC06,FOR0059,DOC107183,16781.52,Despesa
2026-10-17,CLI0292,PRD0138,V014,CC01,,DOC107184,20069.74,Receita
2025-04-24,CLI0216,PRD0055,V027,CC03,,DOC107185,17801.95,Receita
2026-01-15,CLI0043,PRD0025,V024,CC07,FOR0095,DOC107186,5411.26,Despesa
2025-05-03,CLI0259,PRD0169,V026,CC06,,DOC107187,15043.08,Receita
2024-12-12,CLI0198,PRD0167,V028,CC02,,DOC107188,17367.83,Receita
2023-05-08,CLI0234,PRD0101,V025,CC08,FOR0093,DOC107189,28588.77,Despesa
2024-11-23,CLI0076,PRD0162,V006,CC01,FOR0053,DOC107190,2005.34,Despesa
2023-07-03,CLI0267,PRD0096,V005,CC09,FOR0067,DOC107191,8486.03,Despesa
2025-09-19,CLI0055,PRD0059,V029,CC10,FOR0074,DOC107192,20410.48,Despesa
2026-03-07,CLI0016,PRD0041,V028,CC04,FOR0018,DOC107193,17637.75,Despesa
2025-05-04,CLI0149,PRD0166,V012,CC05,,DOC107194,6124.03,Receita
2024-11-07,CLI0251,PRD0161,V017,CC09,,DOC107195,21918.28,Receita
2024-04-05,CLI0197,PRD0187,V003,CC01,FOR0037,DOC107196,9089.39,Despesa
2025-08-31,CLI0189,PRD0183,V025,CC06,,DOC107197,4360.5,Receita
2023-09-11,CLI0185,PRD0199,V004,CC03,FOR0011,DOC107198,6953.35,Despesa
2025-08-23,CLI0017,PRD0048,V027,CC10,,DOC107199,9365.03,Receita
2024-09-06,CLI0292,PRD0145,V025,CC07,,DOC107200,8095.51,Receita
2023-12-28,CLI0266,PRD0012,V001,CC03,FOR0071,DOC107201,11565.75,Despesa
2025-09-23,CLI0159,PRD0045,V003,CC05,FOR0021,DOC107202,4096.56,Despesa
2026-06-19,CLI0027,PRD0191,V005,CC07,,DOC107203,26019.39,Receita
2024-05-17,CLI0231,PRD0155,V025,CC01,,DOC107204,11907.89,Receita
2023-01-22,CLI0040,PRD0167,V002,CC01,FOR0093,DOC107205,606.03,Despesa
2023-04-05,CLI0175,PRD0098,V012,CC01,,DOC107206,293.74,Receita
2024-12-19,CLI0062,PRD0128,V028,CC10,FOR0098,DOC107207,1752.23,Despesa
2026-08-10,CLI0057,PRD0008,V002,CC04,,DOC107208,12890.55,Receita
2025-01-11,CLI0214,PRD0033,V022,CC04,FOR0036,DOC107209,7578.74,Despesa
2025-06-30,CLI0023,PRD0126,V001,CC03,,DOC107210,5641.12,Receita
2025-06-05,CLI0067,PRD0137,V013,CC02,FOR0081,DOC107211,10007.56,Despesa
2024-06-05,CLI0211,PRD0088,V016,CC09,FOR0094,DOC107212,5876.59,Despesa
2024-01-21,CLI0121,PRD0121,V014,CC01,FOR0095,DOC107213,25155.78,Despesa
2025-03-18,CLI0203,PRD0133,V030,CC07,FOR0061,DOC107214,10151.44,Despesa
2024-08-05,CLI0058,PRD0058,V010,CC10,,DOC107215,9593.8,Receita
2023-07-17,CLI0135,PRD0083,V007,CC07,,DOC107216,26193.72,Receita
2024-06-03,CLI0241,PRD0086,V011,CC05,FOR0067,DOC107217,3210.3,Despesa
2026-01-09,CLI0249,PRD0020,V001,CC01,FOR0056,DOC107218,19380.03,Despesa
2023-10-28,CLI0028,PRD0200,V022,CC02,,DOC107219,29219.35,Receita
2024-02-29,CLI0075,PRD0192,V022,CC01,,DOC107220,20393.55,Receita
2023-02-21,CLI0283,PRD0124,V026,CC05,FOR0035,DOC107221,15423.34,Despesa
2023-12-28,CLI0018,PRD0200,V026,CC08,FOR0025,DOC107222,21714.35,Despesa
2026-04-28,CLI0133,PRD0055,V022,CC04,FOR0097,DOC107223,21281.56,Despesa
2026-02-17,CLI0158,PRD0110,V024,CC10,FOR0043,DOC107224,5761.22,Despesa
2025-01-12,CLI0040,PRD0080,V020,CC08,,DOC107225,1881.12,Receita
2024-01-03,CLI0195,PRD0127,V012,CC08,FOR0016,DOC107226,27441.8,Despesa
2023-03-22,CLI0011,PRD0146,V021,CC01,FOR0072,DOC107227,12849.89,Despesa
2023-11-26,CLI0006,PRD0185,V012,CC04,,DOC107228,11629.88,Receita
2026-09-25,CLI0139,PRD0075,V007,CC08,FOR0029,DOC107229,12671.2,Despesa
2026-01-09,CLI0041,PRD0094,V009,CC10,,DOC107230,23467.15,Receita
2023-08-17,CLI0284,PRD0043,V007,CC09,FOR0083,DOC107231,28096.27,Despesa
2024-02-12,CLI0073,PRD0062,V005,CC10,FOR0021,DOC107232,26843.28,Despesa
2023-04-23,CLI0096,PRD0014,V022,CC02,FOR0035,DOC107233,4931.35,Despesa
2023-05-15,CLI0003,PRD0067,V015,CC05,FOR0089,DOC107234,4490.29,Despesa
2025-08-15,CLI0060,PRD0133,V007,CC02,,DOC107235,22437.53,Receita
2024-04-26,CLI0005,PRD0150,V003,CC05,,DOC107236,16079.42,Receita
2024-07-11,CLI0297,PRD0125,V027,CC10,,DOC107237,5893.28,Receita
2026-07-28,CLI0161,PRD0066,V011,CC09,,DOC107238,16954.15,Receita
2024-10-01,CLI0016,PRD0017,V021,CC02,FOR0041,DOC107239,18907.24,Despesa
2026-05-03,CLI0020,PRD0045,V007,CC08,,DOC107240,12562.05,Receita
2026-03-26,CLI0071,PRD0135,V015,CC01,,DOC107241,9851.94,Receita
2026-09-24,CLI0165,PRD0103,V030,CC08,FOR0006,DOC107242,4075.43,Despesa
2024-12-20,CLI0075,PRD0200,V016,CC10,,DOC107243,17730.44,Receita
2025-04-06,CLI0148,PRD0061,V022,CC07,FOR0027,DOC107244,9299.74,Despesa
2025-09-14,CLI0137,PRD0091,V021,CC04,,DOC107245,5085.42,Receita
2026-11-14,CLI0223,PRD0123,V025,CC07,FOR0059,DOC107246,1568.34,Despesa
2026-11-19,CLI0250,PRD0029,V018,CC04,,DOC107247,1553.72,Receita
2024-07-21,CLI0032,PRD0008,V021,CC03,,DOC107248,7135.37,Receita
2024-08-22,CLI0124,PRD0165,V004,CC04,FOR0009,DOC107249,25549.74,Despesa
2025-08-17,CLI0266,PRD0128,V024,CC08,FOR0064,DOC107250,5501.58,Despesa
2023-05-04,CLI0243,PRD0146,V007,CC08,,DOC107251,12569.57,Receita
2024-07-27,CLI0013,PRD0057,V025,CC02,FOR0085,DOC107252,14902.07,Despesa
2025-11-26,CLI0113,PRD0060,V002,CC09,,DOC107253,22408.45,Receita
2025-12-24,CLI0300,PRD0107,V016,CC10,FOR0087,DOC107254,27942.38,Despesa
2026-02-04,CLI0081,PRD0169,V028,CC04,FOR0047,DOC107255,25251.59,Despesa
2025-03-02,CLI0296,PRD0164,V016,CC08,,DOC107256,26826.28,Receita
2024-11-27,CLI0093,PRD0033,V027,CC02,,DOC107257,15975.4,Receita
2023-03-26,CLI0271,PRD0030,V014,CC07,FOR0077,DOC107258,6603.03,Despesa
2025-02-26,CLI0175,PRD0082,V012,CC07,,DOC107259,19760.11,Receita
2023-01-11,CLI0228,PRD0087,V007,CC02,FOR0066,DOC107260,3828.39,Despesa
2025-09-05,CLI0174,PRD0039,V007,CC04,,DOC107261,7914.59,Receita
2023-07-24,CLI0227,PRD0174,V011,CC09,FOR0084,DOC107262,21050.86,Despesa
2023-01-30,CLI0016,PRD0121,V019,CC08,FOR0061,DOC107263,2302.84,Despesa
2025-01-20,CLI0016,PRD0008,V001,CC10,FOR0098,DOC107264,2477.84,Despesa
2024-06-23,CLI0144,PRD0001,V026,CC09,FOR0022,DOC107265,21628.45,Despesa
2026-07-04,CLI0074,PRD0062,V008,CC02,,DOC107266,15738.95,Receita
2023-11-11,CLI0095,PRD0166,V013,CC06,,DOC107267,1294.7,Receita
2026-10-11,CLI0014,PRD0078,V012,CC01,FOR0092,DOC107268,23609.5,Despesa
2024-06-12,CLI0243,PRD0110,V012,CC10,FOR0070,DOC107269,23220.89,Despesa
2025-08-14,CLI0195,PRD0191,V019,CC04,FOR0025,DOC107270,15394.9,Despesa
2023-01-07,CLI0125,PRD0151,V005,CC08,FOR0013,DOC107271,20421.0,Despesa
2026-01-26,CLI0060,PRD0117,V018,CC01,FOR0068,DOC107272,13010.64,Despesa
2024-02-19,CLI0133,PRD0073,V024,CC10,,DOC107273,3267.06,Receita
2023-11-03,CLI0072,PRD0054,V017,CC08,,DOC107274,21321.22,Receita
2026-11-25,CLI0181,PRD0014,V020,CC03,FOR0030,DOC107275,26243.91,Despesa
2026-05-27,CLI0094,PRD0162,V021,CC09,FOR0041,DOC107276,4988.93,Despesa
2024-08-25,CLI0279,PRD0196,V016,CC08,FOR0073,DOC107277,28965.79,Despesa
2023-03-06,CLI0203,PRD0132,V007,CC09,,DOC107278,23523.06,Receita
2026-07-20,CLI0072,PRD0027,V007,CC04,FOR0037,DOC107279,1184.26,Despesa
2025-03-19,CLI0064,PRD0152,V011,CC01,,DOC107280,3113.49,Receita
2023-10-05,CLI0096,PRD0074,V023,CC07,,DOC107281,13326.93,Receita
2026-04-30,CLI0247,PRD0124,V026,CC10,,DOC107282,16070.03,Receita
2025-03-21,CLI0238,PRD0197,V027,CC08,,DOC107283,19097.89,Receita
2026-10-10,CLI0156,PRD0122,V026,CC03,FOR0088,DOC107284,22314.31,Despesa
2026-06-09,CLI0187,PRD0040,V010,CC04,FOR0070,DOC107285,23333.27,Despesa
2025-08-29,CLI0147,PRD0132,V004,CC01,FOR0028,DOC107286,22426.82,Despesa
2025-04-19,CLI0263,PRD0195,V002,CC06,FOR0030,DOC107287,29582.67,Despesa
2023-05-05,CLI0044,PRD0018,V021,CC01,FOR0097,DOC107288,11251.59,Despesa
2024-06-04,CLI0043,PRD0150,V025,CC08,FOR0079,DOC107289,8493.99,Despesa
2024-05-30,CLI0156,PRD0076,V016,CC06,FOR0018,DOC107290,11393.08,Despesa
2023-12-25,CLI0200,PRD0193,V004,CC02,FOR0084,DOC107291,4540.17,Despesa
2024-07-12,CLI0226,PRD0112,V003,CC09,,DOC107292,864.08,Receita
2025-07-30,CLI0283,PRD0176,V011,CC06,,DOC107293,14936.17,Receita
2025-07-02,CLI0079,PRD0150,V003,CC09,FOR0061,DOC107294,11793.6,Despesa
2025-07-27,CLI0253,PRD0106,V022,CC07,FOR0058,DOC107295,4094.27,Despesa
2026-11-15,CLI0221,PRD0177,V030,CC09,FOR0074,DOC107296,5596.83,Despesa
2023-04-16,CLI0182,PRD0095,V024,CC09,FOR0003,DOC107297,24036.41,Despesa
2026-07-19,CLI0253,PRD0183,V022,CC10,,DOC107298,27857.82,Receita
2025-06-29,CLI0043,PRD0067,V027,CC01,FOR0032,DOC107299,7092.55,Despesa
2023-06-02,CLI0062,PRD0021,V011,CC10,FOR0083,DOC107300,11182.14,Despesa
2024-08-19,CLI0239,PRD0127,V005,CC04,,DOC107301,19314.63,Receita
2026-04-14,CLI0086,PRD0054,V019,CC03,,DOC107302,28911.9,Receita
2025-03-03,CLI0024,PRD0139,V020,CC10,FOR0032,DOC107303,10804.6,Despesa
2026-02-27,CLI0164,PRD0138,V014,CC04,FOR0096,DOC107304,26589.73,Despesa
2023-02-05,CLI0040,PRD0186,V004,CC09,,DOC107305,8974.97,Receita
2024-07-21,CLI0020,PRD0037,V013,CC10,FOR0050,DOC107306,12007.75,Despesa
2023-10-29,CLI0179,PRD0018,V013,CC10,FOR0043,DOC107307,12213.79,Despesa
2023-03-15,CLI0258,PRD0148,V027,CC02,,DOC107308,26476.93,Receita
2026-04-21,CLI0028,PRD0192,V023,CC06,FOR0010,DOC107309,15358.23,Despesa
2024-05-16,CLI0023,PRD0105,V029,CC09,,DOC107310,7811.24,Receita
2024-12-10,CLI0253,PRD0015,V020,CC07,FOR0040,DOC107311,17850.81,Despesa
2024-11-18,CLI0079,PRD0104,V014,CC04,FOR0093,DOC107312,29930.43,Despesa
2024-01-03,CLI0088,PRD0101,V023,CC03,,DOC107313,2094.56,Receita
2023-01-11,CLI0015,PRD0114,V023,CC08,FOR0051,DOC107314,27552.14,Despesa
2025-08-01,CLI0089,PRD0182,V026,CC05,,DOC107315,22748.24,Receita
2025-12-14,CLI0137,PRD0161,V021,CC09,,DOC107316,12483.62,Receita
2026-01-02,CLI0032,PRD0146,V017,CC10,FOR0083,DOC107317,4826.91,Despesa
2023-09-12,CLI0233,PRD0100,V010,CC02,,DOC107318,5620.71,Receita
2023-01-09,CLI0058,PRD0141,V012,CC07,,DOC107319,25257.01,Receita
2023-12-09,CLI0196,PRD0078,V012,CC10,,DOC107320,21763.11,Receita
2025-10-07,CLI0295,PRD0075,V018,CC05,FOR0006,DOC107321,4356.79,Despesa
2025-01-22,CLI0263,PRD0173,V005,CC06,,DOC107322,12710.28,Receita
2024-03-21,CLI0206,PRD0174,V020,CC06,,DOC107323,5120.85,Receita
2026-05-06,CLI0015,PRD0090,V012,CC08,,DOC107324,1504.64,Receita
2026-03-27,CLI0252,PRD0086,V015,CC04,FOR0052,DOC107325,1866.61,Despesa
2025-04-28,CLI0067,PRD0106,V027,CC09,,DOC107326,8164.95,Receita
2024-07-30,CLI0272,PRD0045,V007,CC07,,DOC107327,27964.95,Receita
2025-06-16,CLI0237,PRD0092,V011,CC02,FOR0027,DOC107328,8863.59,Despesa
2025-02-27,CLI0104,PRD0107,V008,CC03,,DOC107329,11995.02,Receita
2023-07-30,CLI0122,PRD0123,V002,CC05,FOR0023,DOC107330,2892.22,Despesa
2024-11-21,CLI0169,PRD0026,V004,CC02,FOR0066,DOC107331,8764.74,Despesa
2025-01-04,CLI0223,PRD0091,V028,CC08,FOR0059,DOC107332,4203.04,Despesa
2024-08-01,CLI0064,PRD0150,V021,CC09,,DOC107333,5417.04,Receita
2023-02-10,CLI0164,PRD0006,V027,CC07,FOR0021,DOC107334,3633.04,Despesa
2025-12-20,CLI0266,PRD0197,V024,CC08,,DOC107335,28347.37,Receita
2025-07-25,CLI0141,PRD0060,V006,CC09,,DOC107336,21660.43,Receita
2025-02-11,CLI0104,PRD0044,V028,CC05,FOR0031,DOC107337,10409.16,Despesa
2023-12-01,CLI0260,PRD0040,V027,CC08,FOR0077,DOC107338,21725.76,Despesa
2023-05-16,CLI0016,PRD0065,V004,CC07,FOR0085,DOC107339,17923.5,Despesa
2023-05-07,CLI0191,PRD0092,V015,CC05,FOR0090,DOC107340,5809.14,Despesa
2023-12-09,CLI0221,PRD0152,V029,CC08,,DOC107341,25407.63,Receita
2024-03-29,CLI0129,PRD0181,V011,CC01,FOR0052,DOC107342,29431.4,Despesa
2025-06-28,CLI0006,PRD0195,V023,CC07,FOR0012,DOC107343,25995.28,Despesa
2025-04-22,CLI0119,PRD0107,V015,CC08,,DOC107344,912.15,Receita
2025-12-19,CLI0025,PRD0140,V027,CC06,,DOC107345,15760.83,Receita
2023-11-07,CLI0166,PRD0003,V025,CC06,FOR0008,DOC107346,10523.82,Despesa
2025-05-30,CLI0299,PRD0176,V003,CC08,FOR0026,DOC107347,996.84,Despesa
2026-09-13,CLI0287,PRD0074,V016,CC03,FOR0053,DOC107348,4318.14,Despesa
2025-12-20,CLI0289,PRD0078,V024,CC03,FOR0024,DOC107349,13504.99,Despesa
2024-01-09,CLI0182,PRD0058,V008,CC10,FOR0057,DOC107350,3950.02,Despesa
2025-06-08,CLI0202,PRD0162,V030,CC06,,DOC107351,14577.06,Receita
2024-08-24,CLI0255,PRD0053,V008,CC07,FOR0094,DOC107352,21331.47,Despesa
2023-11-05,CLI0227,PRD0023,V021,CC10,,DOC107353,8231.51,Receita
2024-10-15,CLI0269,PRD0007,V001,CC06,,DOC107354,26627.15,Receita
2026-08-23,CLI0101,PRD0150,V012,CC10,FOR0015,DOC107355,15747.73,Despesa
2026-08-17,CLI0004,PRD0177,V015,CC02,FOR0014,DOC107356,20226.06,Despesa
2025-06-23,CLI0096,PRD0032,V009,CC03,,DOC107357,26489.45,Receita
2024-06-14,CLI0258,PRD0163,V012,CC03,FOR0015,DOC107358,842.29,Despesa
2024-10-31,CLI0036,PRD0100,V022,CC04,,DOC107359,11484.34,Receita
2025-04-11,CLI0203,PRD0100,V028,CC07,,DOC107360,21790.51,Receita
2024-08-02,CLI0061,PRD0152,V019,CC10,,DOC107361,4192.07,Receita
2025-10-05,CLI0100,PRD0003,V020,CC06,,DOC107362,10996.98,Receita
2024-09-04,CLI0005,PRD0192,V011,CC10,FOR0013,DOC107363,12048.15,Despesa
2023-06-15,CLI0086,PRD0007,V010,CC07,,DOC107364,24305.41,Receita
2026-12-09,CLI0140,PRD0092,V020,CC08,,DOC107365,883.08,Receita
2026-01-12,CLI0276,PRD0064,V019,CC08,,DOC107366,4833.72,Receita
2026-12-05,CLI0119,PRD0177,V018,CC07,FOR0028,DOC107367,25720.83,Despesa
2026-12-19,CLI0153,PRD0148,V022,CC01,FOR0075,DOC107368,14994.22,Despesa
2025-06-26,CLI0004,PRD0013,V026,CC03,FOR0056,DOC107369,22434.34,Despesa
2026-05-11,CLI0245,PRD0023,V003,CC08,FOR0063,DOC107370,18483.57,Despesa
2025-07-14,CLI0063,PRD0105,V028,CC03,FOR0043,DOC107371,4772.7,Despesa
2023-09-17,CLI0231,PRD0009,V001,CC06,,DOC107372,24508.96,Receita
2024-11-18,CLI0131,PRD0044,V020,CC01,FOR0032,DOC107373,9643.33,Despesa
2023-05-12,CLI0066,PRD0174,V028,CC05,FOR0028,DOC107374,8365.53,Despesa
2024-10-07,CLI0160,PRD0178,V004,CC01,,DOC107375,10968.29,Receita
2023-02-06,CLI0191,PRD0176,V020,CC07,,DOC107376,10646.97,Receita
2024-08-27,CLI0212,PRD0176,V011,CC06,FOR0020,DOC107377,949.71,Despesa
2025-04-12,CLI0155,PRD0092,V021,CC10,,DOC107378,19014.47,Receita
2023-12-26,CLI0021,PRD0037,V015,CC09,,DOC107379,25001.16,Receita
2026-12-19,CLI0040,PRD0143,V016,CC08,,DOC107380,28995.86,Receita
2026-05-10,CLI0269,PRD0101,V027,CC09,FOR0099,DOC107381,7746.73,Despesa
2025-12-30,CLI0066,PRD0095,V024,CC10,,DOC107382,10399.03,Receita
2025-02-28,CLI0120,PRD0117,V028,CC01,FOR0098,DOC107383,18578.05,Despesa
2026-08-13,CLI0225,PRD0015,V013,CC02,FOR0049,DOC107384,9427.62,Despesa
2025-02-01,CLI0156,PRD0145,V005,CC02,,DOC107385,28603.92,Receita
2023-11-03,CLI0222,PRD0170,V010,CC04,,DOC107386,9298.86,Receita
2024-05-26,CLI0057,PRD0055,V019,CC03,,DOC107387,8784.33,Receita
2023-04-11,CLI0064,PRD0111,V008,CC07,FOR0029,DOC107388,23080.81,Despesa
2025-02-01,CLI0028,PRD0134,V016,CC03,FOR0003,DOC107389,26945.74,Despesa
2023-01-08,CLI0156,PRD0122,V019,CC06,FOR0064,DOC107390,28266.27,Despesa
2023-10-15,CLI0195,PRD0101,V009,CC04,FOR0090,DOC107391,20447.59,Despesa
2024-09-07,CLI0212,PRD0116,V003,CC01,,DOC107392,12782.34,Receita
2023-06-29,CLI0285,PRD0152,V002,CC09,,DOC107393,3441.38,Receita
2025-12-21,CLI0181,PRD0182,V015,CC04,FOR0062,DOC107394,11666.82,Despesa
2026-12-06,CLI0259,PRD0132,V015,CC05,,DOC107395,25658.27,Receita
2024-12-05,CLI0193,PRD0075,V003,CC08,FOR0052,DOC107396,29746.45,Despesa
2025-05-30,CLI0124,PRD0188,V016,CC09,FOR0080,DOC107397,594.97,Despesa
2024-02-22,CLI0106,PRD0078,V005,CC06,,DOC107398,22515.86,Receita
2026-10-20,CLI0178,PRD0048,V016,CC07,,DOC107399,10701.92,Receita
2023-11-04,CLI0289,PRD0197,V024,CC03,,DOC107400,10934.18,Receita
2025-12-01,CLI0125,PRD0052,V003,CC07,FOR0090,DOC107401,23080.25,Despesa
2023-11-25,CLI0053,PRD0096,V014,CC03,FOR0098,DOC107402,5799.52,Despesa
2024-06-20,CLI0009,PRD0103,V021,CC02,,DOC107403,18581.36,Receita
2026-07-05,CLI0228,PRD0097,V024,CC02,FOR0084,DOC107404,22199.55,Despesa
2025-09-23,CLI0007,PRD0037,V012,CC08,FOR0043,DOC107405,12369.35,Despesa
2023-11-27,CLI0188,PRD0091,V020,CC05,FOR0003,DOC107406,21681.76,Despesa
2026-01-29,CLI0168,PRD0177,V014,CC07,,DOC107407,24417.52,Receita
2026-03-02,CLI0135,PRD0119,V012,CC04,FOR0093,DOC107408,14975.39,Despesa
2026-02-13,CLI0027,PRD0004,V012,CC01,,DOC107409,2721.87,Receita
2025-08-19,CLI0076,PRD0172,V006,CC09,FOR0095,DOC107410,29265.51,Despesa
2023-10-28,CLI0265,PRD0161,V017,CC07,FOR0087,DOC107411,13093.79,Despesa
2026-11-04,CLI0280,PRD0106,V026,CC09,,DOC107412,7157.29,Receita
2023-02-22,CLI0237,PRD0089,V009,CC09,,DOC107413,24320.23,Receita
2026-07-30,CLI0270,PRD0174,V029,CC10,,DOC107414,27418.53,Receita
2026-09-23,CLI0218,PRD0117,V011,CC08,FOR0091,DOC107415,22862.59,Despesa
2025-10-15,CLI0120,PRD0146,V020,CC05,,DOC107416,14086.76,Receita
2026-09-21,CLI0259,PRD0035,V021,CC04,FOR0041,DOC107417,17041.9,Despesa
2025-07-05,CLI0203,PRD0181,V012,CC08,,DOC107418,3393.31,Receita
2025-12-10,CLI0121,PRD0043,V013,CC02,,DOC107419,21213.51,Receita
2025-07-11,CLI0289,PRD0074,V017,CC08,FOR0096,DOC107420,19617.19,Despesa
2024-04-09,CLI0148,PRD0127,V014,CC09,FOR0032,DOC107421,18010.89,Despesa
2023-01-07,CLI0125,PRD0061,V002,CC06,FOR0030,DOC107422,3577.7,Despesa
2023-10-22,CLI0179,PRD0098,V005,CC01,FOR0067,DOC107423,15663.16,Despesa
2024-01-02,CLI0095,PRD0015,V012,CC02,FOR0059,DOC107424,1940.35,Despesa
2026-04-18,CLI0163,PRD0164,V027,CC04,,DOC107425,6796.16,Receita
2024-02-17,CLI0087,PRD0113,V020,CC10,,DOC107426,836.06,Receita
2025-08-03,CLI0060,PRD0085,V007,CC03,FOR0019,DOC107427,14189.38,Despesa
2026-03-08,CLI0154,PRD0045,V003,CC01,,DOC107428,26250.21,Receita
2026-11-24,CLI0139,PRD0170,V019,CC07,FOR0063,DOC107429,3643.08,Despesa
2026-03-11,CLI0112,PRD0115,V011,CC01,FOR0095,DOC107430,16002.45,Despesa
2025-06-05,CLI0052,PRD0136,V003,CC06,FOR0098,DOC107431,7756.53,Despesa
2023-11-03,CLI0250,PRD0029,V002,CC10,FOR0093,DOC107432,25725.47,Despesa
2026-03-02,CLI0021,PRD0010,V018,CC03,FOR0042,DOC107433,21710.6,Despesa
2023-12-14,CLI0048,PRD0047,V007,CC05,,DOC107434,3976.44,Receita
2023-05-23,CLI0194,PRD0085,V015,CC05,FOR0003,DOC107435,13866.68,Despesa
2025-08-24,CLI0224,PRD0172,V014,CC05,FOR0014,DOC107436,25280.17,Despesa
2026-07-25,CLI0252,PRD0160,V001,CC08,,DOC107437,4063.19,Receita
2026-10-08,CLI0171,PRD0125,V014,CC06,FOR0088,DOC107438,27531.64,Despesa
2023-09-19,CLI0283,PRD0108,V012,CC07,,DOC107439,9485.26,Receita
2024-10-03,CLI0042,PRD0070,V004,CC04,FOR0047,DOC107440,20534.84,Despesa
2025-02-04,CLI0218,PRD0082,V030,CC02,FOR0081,DOC107441,8263.39,Despesa
2025-07-24,CLI0280,PRD0100,V017,CC01,,DOC107442,4026.87,Receita
2023-03-19,CLI0275,PRD0045,V019,CC01,FOR0093,DOC107443,865.52,Despesa
2026-08-27,CLI0273,PRD0091,V007,CC03,,DOC107444,19016.94,Receita
2026-05-22,CLI0212,PRD0101,V009,CC08,,DOC107445,18653.73,Receita
2025-08-19,CLI0163,PRD0128,V010,CC09,,DOC107446,261.84,Receita
2025-06-14,CLI0244,PRD0045,V024,CC05,FOR0008,DOC107447,11986.72,Despesa
2023-07-25,CLI0118,PRD0136,V006,CC02,FOR0036,DOC107448,4340.68,Despesa
2023-12-23,CLI0040,PRD0030,V021,CC02,FOR0019,DOC107449,14737.27,Despesa
2025-06-25,CLI0088,PRD0159,V024,CC09,FOR0092,DOC107450,6712.41,Despesa
2024-03-26,CLI0214,PRD0162,V022,CC01,FOR0064,DOC107451,755.6,Despesa
2023-03-02,CLI0287,PRD0145,V026,CC03,FOR0023,DOC107452,28094.65,Despesa
2026-07-11,CLI0278,PRD0159,V021,CC01,,DOC107453,2944.85,Receita
2024-04-02,CLI0096,PRD0015,V012,CC02,FOR0073,DOC107454,16172.65,Despesa
2024-11-30,CLI0130,PRD0171,V004,CC08,,DOC107455,13124.18,Receita
2025-11-29,CLI0078,PRD0026,V004,CC09,,DOC107456,3847.1,Receita
2025-12-16,CLI0092,PRD0135,V012,CC07,FOR0064,DOC107457,28197.1,Despesa
2026-09-07,CLI0178,PRD0160,V025,CC05,FOR0008,DOC107458,14715.12,Despesa
2023-12-29,CLI0274,PRD0061,V012,CC04,,DOC107459,10266.94,Receita
2023-05-30,CLI0207,PRD0191,V009,CC02,FOR0018,DOC107460,25671.22,Despesa
2023-12-18,CLI0262,PRD0024,V022,CC05,,DOC107461,5823.89,Receita
2024-07-29,CLI0199,PRD0171,V020,CC02,,DOC107462,14393.48,Receita
2023-11-20,CLI0182,PRD0052,V016,CC02,,DOC107463,1036.14,Receita
2023-10-14,CLI0039,PRD0192,V007,CC06,,DOC107464,11544.63,Receita
2024-11-03,CLI0013,PRD0030,V005,CC07,,DOC107465,14194.46,Receita
2023-01-25,CLI0100,PRD0021,V001,CC05,,DOC107466,7020.0,Receita
2024-11-17,CLI0259,PRD0173,V020,CC09,FOR0021,DOC107467,7629.46,Despesa
2026-04-02,CLI0190,PRD0073,V009,CC04,,DOC107468,4343.95,Receita
2025-05-09,CLI0297,PRD0149,V003,CC04,FOR0021,DOC107469,22223.28,Despesa
2025-04-21,CLI0206,PRD0105,V006,CC09,,DOC107470,2435.2,Receita
2023-08-02,CLI0226,PRD0181,V008,CC03,FOR0012,DOC107471,1758.26,Despesa
2024-06-09,CLI0005,PRD0137,V003,CC01,FOR0092,DOC107472,7605.07,Despesa
2025-01-09,CLI0210,PRD0174,V030,CC01,FOR0026,DOC107473,25279.53,Despesa
2023-10-17,CLI0169,PRD0090,V020,CC08,,DOC107474,5189.32,Receita
2023-04-20,CLI0212,PRD0116,V001,CC07,,DOC107475,12672.51,Receita
2025-10-08,CLI0080,PRD0116,V007,CC05,,DOC107476,23330.88,Receita
2023-06-23,CLI0132,PRD0155,V016,CC07,FOR0033,DOC107477,5626.64,Despesa
2023-05-30,CLI0236,PRD0038,V009,CC05,FOR0091,DOC107478,18322.66,Despesa
2024-09-21,CLI0019,PRD0097,V019,CC06,FOR0036,DOC107479,16758.66,Despesa
2024-10-30,CLI0286,PRD0160,V004,CC02,FOR0084,DOC107480,5916.94,Despesa
2025-05-20,CLI0129,PRD0132,V011,CC05,FOR0028,DOC107481,16899.27,Despesa
2023-01-23,CLI0286,PRD0187,V028,CC06,FOR0042,DOC107482,9591.95,Despesa
2024-01-17,CLI0197,PRD0180,V013,CC05,FOR0019,DOC107483,20708.61,Despesa
2023-08-24,CLI0290,PRD0196,V027,CC08,FOR0098,DOC107484,22336.07,Despesa
2023-04-15,CLI0247,PRD0185,V004,CC09,,DOC107485,6877.23,Receita
2023-12-28,CLI0217,PRD0121,V001,CC09,FOR0088,DOC107486,16461.45,Despesa
2026-01-07,CLI0196,PRD0153,V005,CC08,FOR0069,DOC107487,24434.51,Despesa
2024-09-27,CLI0015,PRD0158,V008,CC09,,DOC107488,15867.61,Receita
2025-03-06,CLI0081,PRD0172,V005,CC05,FOR0011,DOC107489,22836.22,Despesa
2026-10-13,CLI0142,PRD0079,V016,CC06,FOR0078,DOC107490,12273.27,Despesa
2024-01-05,CLI0208,PRD0033,V030,CC02,FOR0023,DOC107491,21101.97,Despesa
2026-03-09,CLI0137,PRD0107,V016,CC09,FOR0007,DOC107492,27227.36,Despesa
2026-08-24,CLI0254,PRD0012,V029,CC03,,DOC107493,24268.21,Receita
2026-04-17,CLI0175,PRD0025,V003,CC04,,DOC107494,8215.43,Receita
2023-08-08,CLI0102,PRD0068,V003,CC06,,DOC107495,20085.83,Receita
2024-08-03,CLI0242,PRD0104,V018,CC04,,DOC107496,24534.44,Receita
2023-11-12,CLI0096,PRD0183,V001,CC01,FOR0092,DOC107497,12866.1,Despesa
2026-04-09,CLI0006,PRD0002,V005,CC01,FOR0006,DOC107498,12205.35,Despesa
2026-06-19,CLI0129,PRD0143,V018,CC07,FOR0008,DOC107499,27652.36,Despesa
2024-02-11,CLI0094,PRD0183,V006,CC01,FOR0087,DOC107500,13583.97,Despesa
2025-08-26,CLI0242,PRD0165,V012,CC05,FOR0083,DOC107501,29132.3,Despesa
2026-05-05,CLI0076,PRD0128,V004,CC09,,DOC107502,13746.12,Receita
2023-01-21,CLI0132,PRD0149,V008,CC07,,DOC107503,12526.29,Receita
2023-01-21,CLI0098,PRD0119,V015,CC10,FOR0003,DOC107504,19329.28,Despesa
2024-12-15,CLI0033,PRD0160,V021,CC01,FOR0004,DOC107505,3040.06,Despesa
2024-11-02,CLI0135,PRD0078,V024,CC01,FOR0067,DOC107506,1927.64,Despesa
2024-02-04,CLI0244,PRD0126,V002,CC02,FOR0010,DOC107507,15666.04,Despesa
2025-08-30,CLI0209,PRD0069,V006,CC06,FOR0023,DOC107508,18210.59,Despesa
2026-03-22,CLI0102,PRD0138,V029,CC04,FOR0077,DOC107509,27359.68,Despesa
2026-02-20,CLI0269,PRD0016,V022,CC04,,DOC107510,7158.98,Receita
2026-10-17,CLI0061,PRD0162,V023,CC10,,DOC107511,4968.89,Receita
2026-03-11,CLI0205,PRD0101,V014,CC07,,DOC107512,6191.83,Receita
2023-07-04,CLI0216,PRD0171,V023,CC09,,DOC107513,15863.65,Receita
2023-09-08,CLI0232,PRD0194,V001,CC09,,DOC107514,17301.36,Receita
2025-11-25,CLI0137,PRD0199,V001,CC01,,DOC107515,10723.78,Receita
2024-01-16,CLI0151,PRD0029,V005,CC09,FOR0075,DOC107516,4928.12,Despesa
2024-08-12,CLI0196,PRD0037,V016,CC04,,DOC107517,28522.94,Receita
2026-01-22,CLI0287,PRD0137,V009,CC02,FOR0053,DOC107518,868.42,Despesa
2023-07-29,CLI0220,PRD0118,V019,CC04,FOR0054,DOC107519,25487.7,Despesa
2026-04-02,CLI0265,PRD0113,V028,CC05,,DOC107520,8250.16,Receita
2025-07-13,CLI0289,PRD0159,V022,CC09,FOR0094,DOC107521,3225.4,Despesa
2023-10-19,CLI0219,PRD0194,V015,CC06,,DOC107522,13946.35,Receita
2024-09-07,CLI0124,PRD0077,V013,CC09,FOR0010,DOC107523,5251.93,Despesa
2023-06-06,CLI0285,PRD0007,V029,CC07,,DOC107524,9729.63,Receita
2024-09-10,CLI0113,PRD0054,V002,CC06,,DOC107525,22707.07,Receita
2023-04-27,CLI0186,PRD0149,V029,CC01,,DOC107526,18878.86,Receita
2025-10-15,CLI0252,PRD0166,V003,CC09,FOR0055,DOC107527,23802.28,Despesa
2023-05-18,CLI0078,PRD0036,V003,CC01,FOR0031,DOC107528,7977.14,Despesa
2024-10-18,CLI0253,PRD0143,V010,CC07,,DOC107529,16470.9,Receita
2026-06-13,CLI0174,PRD0058,V020,CC05,FOR0086,DOC107530,28439.16,Despesa
2025-09-04,CLI0288,PRD0071,V018,CC07,,DOC107531,19914.23,Receita
2026-02-28,CLI0007,PRD0154,V011,CC09,FOR0055,DOC107532,18991.25,Despesa
2024-09-04,CLI0198,PRD0195,V028,CC07,FOR0002,DOC107533,3258.97,Despesa
2023-03-17,CLI0095,PRD0132,V025,CC10,,DOC107534,8506.39,Receita
2023-10-14,CLI0231,PRD0053,V015,CC09,FOR0040,DOC107535,7232.95,Despesa
2023-01-17,CLI0154,PRD0009,V001,CC01,,DOC107536,21617.14,Receita
2026-10-22,CLI0092,PRD0151,V011,CC10,,DOC107537,17901.07,Receita
2025-11-09,CLI0216,PRD0039,V028,CC07,FOR0094,DOC107538,8989.63,Despesa
2023-02-27,CLI0163,PRD0033,V003,CC04,FOR0032,DOC107539,6303.14,Despesa
2023-11-09,CLI0232,PRD0093,V003,CC08,FOR0024,DOC107540,22851.01,Despesa
2025-05-26,CLI0068,PRD0120,V004,CC09,,DOC107541,10607.29,Receita
2024-11-27,CLI0041,PRD0176,V015,CC01,,DOC107542,5976.68,Receita
2023-04-28,CLI0158,PRD0119,V030,CC08,FOR0006,DOC107543,24570.46,Despesa
2025-03-15,CLI0163,PRD0145,V029,CC08,FOR0029,DOC107544,12859.88,Despesa
2025-03-04,CLI0146,PRD0063,V015,CC08,FOR0033,DOC107545,21288.57,Despesa
2024-09-12,CLI0216,PRD0060,V030,CC04,FOR0079,DOC107546,26446.84,Despesa
2023-10-10,CLI0014,PRD0100,V026,CC06,,DOC107547,2809.12,Receita
2024-11-01,CLI0121,PRD0006,V012,CC03,,DOC107548,27315.98,Receita
2023-09-17,CLI0019,PRD0138,V006,CC10,,DOC107549,17226.42,Receita
2023-09-07,CLI0201,PRD0042,V025,CC10,FOR0093,DOC107550,29109.14,Despesa
2023-06-22,CLI0134,PRD0125,V008,CC02,FOR0074,DOC107551,21184.94,Despesa
2023-02-15,CLI0283,PRD0191,V004,CC03,FOR0052,DOC107552,22694.1,Despesa
2023-04-29,CLI0045,PRD0042,V006,CC09,,DOC107553,6313.15,Receita
2024-11-13,CLI0102,PRD0077,V025,CC07,FOR0052,DOC107554,26589.79,Despesa
2026-03-10,CLI0217,PRD0143,V012,CC01,FOR0049,DOC107555,730.94,Despesa
2025-10-28,CLI0249,PRD0064,V023,CC07,,DOC107556,14259.55,Receita
2024-06-19,CLI0054,PRD0177,V014,CC08,FOR0033,DOC107557,3973.72,Despesa
2024-05-12,CLI0128,PRD0051,V019,CC09,,DOC107558,24926.26,Receita
2025-03-12,CLI0151,PRD0160,V003,CC06,FOR0001,DOC107559,3452.16,Despesa
2024-10-25,CLI0125,PRD0060,V016,CC07,FOR0023,DOC107560,25138.16,Despesa
2026-04-05,CLI0072,PRD0034,V017,CC05,,DOC107561,13354.35,Receita
2025-02-26,CLI0105,PRD0194,V025,CC02,,DOC107562,22411.15,Receita
2025-04-29,CLI0008,PRD0068,V028,CC03,,DOC107563,16060.1,Receita
2024-07-14,CLI0260,PRD0062,V001,CC03,,DOC107564,20806.95,Receita
2026-06-12,CLI0075,PRD0149,V018,CC03,FOR0022,DOC107565,1580.48,Despesa
2026-03-04,CLI0052,PRD0166,V007,CC02,FOR0056,DOC107566,5369.78,Despesa
2025-10-08,CLI0264,PRD0155,V006,CC07,,DOC107567,28155.16,Receita
2026-07-16,CLI0013,PRD0157,V027,CC05,,DOC107568,17535.59,Receita
2025-08-31,CLI0196,PRD0086,V018,CC02,FOR0070,DOC107569,19068.81,Despesa
2025-02-23,CLI0169,PRD0094,V017,CC04,FOR0002,DOC107570,1978.57,Despesa
2026-09-09,CLI0201,PRD0048,V022,CC09,FOR0012,DOC107571,23284.86,Despesa
2023-07-07,CLI0295,PRD0121,V008,CC01,FOR0002,DOC107572,21910.04,Despesa
2023-09-28,CLI0036,PRD0098,V008,CC06,FOR0054,DOC107573,2261.98,Despesa
2024-05-08,CLI0229,PRD0122,V006,CC04,,DOC107574,1114.31,Receita
2026-12-15,CLI0228,PRD0119,V026,CC08,FOR0061,DOC107575,24563.49,Despesa
2024-09-29,CLI0091,PRD0089,V024,CC10,FOR0097,DOC107576,2212.39,Despesa
2024-12-01,CLI0279,PRD0084,V030,CC01,FOR0071,DOC107577,7719.62,Despesa
2024-04-20,CLI0122,PRD0028,V019,CC01,FOR0072,DOC107578,16224.76,Despesa
2025-06-04,CLI0194,PRD0105,V023,CC01,FOR0049,DOC107579,21857.69,Despesa
2026-04-12,CLI0117,PRD0059,V030,CC06,,DOC107580,4373.17,Receita
2023-06-22,CLI0038,PRD0053,V012,CC09,FOR0076,DOC107581,15068.06,Despesa
2025-06-23,CLI0195,PRD0047,V023,CC08,FOR0034,DOC107582,11035.15,Despesa
2024-08-22,CLI0170,PRD0153,V021,CC03,FOR0037,DOC107583,26145.48,Despesa
2023-08-07,CLI0086,PRD0041,V014,CC03,,DOC107584,22408.67,Receita
2023-01-21,CLI0151,PRD0002,V017,CC02,FOR0091,DOC107585,29723.33,Despesa
2025-09-18,CLI0059,PRD0054,V016,CC10,,DOC107586,2750.15,Receita
2024-09-16,CLI0160,PRD0115,V010,CC06,FOR0031,DOC107587,27848.19,Despesa
2024-02-11,CLI0095,PRD0178,V005,CC04,FOR0044,DOC107588,27641.52,Despesa
2023-03-29,CLI0131,PRD0117,V017,CC06,,DOC107589,11931.58,Receita
2026-07-17,CLI0008,PRD0171,V028,CC05,FOR0018,DOC107590,12496.29,Despesa
2026-11-22,CLI0067,PRD0015,V002,CC07,FOR0067,DOC107591,21255.73,Despesa
2026-06-23,CLI0062,PRD0011,V020,CC09,FOR0047,DOC107592,10137.99,Despesa
2025-06-18,CLI0119,PRD0144,V014,CC03,FOR0008,DOC107593,11080.52,Despesa
2024-02-27,CLI0122,PRD0106,V023,CC02,,DOC107594,12045.84,Receita
2026-11-02,CLI0019,PRD0010,V004,CC02,FOR0086,DOC107595,6037.35,Despesa
2026-10-15,CLI0211,PRD0017,V030,CC09,,DOC107596,13931.0,Receita
2026-09-02,CLI0058,PRD0117,V021,CC08,,DOC107597,452.86,Receita
2024-06-29,CLI0276,PRD0114,V021,CC06,,DOC107598,26290.28,Receita
2025-04-20,CLI0252,PRD0095,V022,CC05,FOR0059,DOC107599,26433.44,Despesa
2025-12-17,CLI0144,PRD0187,V017,CC08,FOR0040,DOC107600,3164.28,Despesa
2025-12-01,CLI0100,PRD0051,V003,CC03,FOR0022,DOC107601,24152.41,Despesa
2024-12-17,CLI0278,PRD0097,V024,CC08,FOR0034,DOC107602,25741.15,Despesa
2024-04-09,CLI0158,PRD0044,V002,CC01,,DOC107603,10548.88,Receita
2026-09-23,CLI0011,PRD0131,V011,CC02,FOR0043,DOC107604,5266.48,Despesa
2026-11-28,CLI0298,PRD0137,V007,CC08,,DOC107605,29911.54,Receita
2024-10-01,CLI0073,PRD0110,V015,CC01,FOR0096,DOC107606,28354.85,Despesa
2024-01-27,CLI0283,PRD0026,V023,CC05,,DOC107607,29372.45,Receita
2025-05-11,CLI0016,PRD0047,V003,CC05,FOR0093,DOC107608,629.84,Despesa
2023-04-27,CLI0185,PRD0166,V017,CC05,,DOC107609,26167.5,Receita
2023-09-30,CLI0183,PRD0102,V028,CC08,,DOC107610,28674.24,Receita
2025-03-03,CLI0172,PRD0069,V023,CC04,,DOC107611,15874.44,Receita
2024-12-09,CLI0153,PRD0129,V005,CC10,FOR0006,DOC107612,5794.01,Despesa
2024-01-05,CLI0169,PRD0154,V024,CC09,FOR0038,DOC107613,5361.5,Despesa
2025-11-24,CLI0145,PRD0064,V021,CC05,FOR0043,DOC107614,4153.63,Despesa
2023-01-23,CLI0205,PRD0180,V017,CC09,FOR0002,DOC107615,5105.14,Despesa
2023-07-09,CLI0190,PRD0019,V007,CC01,,DOC107616,25725.97,Receita
2024-05-03,CLI0199,PRD0029,V013,CC07,FOR0071,DOC107617,21479.84,Despesa
2026-02-02,CLI0100,PRD0008,V017,CC07,FOR0064,DOC107618,3156.92,Despesa
2024-01-26,CLI0273,PRD0050,V004,CC08,FOR0051,DOC107619,18784.68,Despesa
2026-08-19,CLI0249,PRD0035,V018,CC07,FOR0018,DOC107620,13791.7,Despesa
2024-03-19,CLI0048,PRD0081,V002,CC01,FOR0082,DOC107621,18070.79,Despesa
2023-06-24,CLI0223,PRD0088,V022,CC03,,DOC107622,8909.92,Receita
2024-11-23,CLI0157,PRD0056,V028,CC06,,DOC107623,4164.82,Receita
2024-03-11,CLI0190,PRD0025,V018,CC02,FOR0013,DOC107624,1604.82,Despesa
2025-09-11,CLI0113,PRD0085,V011,CC04,,DOC107625,28474.53,Receita
2023-12-29,CLI0182,PRD0156,V028,CC01,,DOC107626,23403.86,Receita
2025-07-01,CLI0239,PRD0110,V011,CC06,,DOC107627,13604.21,Receita
2026-07-02,CLI0219,PRD0005,V016,CC01,FOR0002,DOC107628,1390.88,Despesa
2026-11-02,CLI0267,PRD0045,V030,CC03,FOR0071,DOC107629,11705.86,Despesa
2025-11-20,CLI0105,PRD0060,V015,CC03,FOR0061,DOC107630,22065.02,Despesa
2025-02-11,CLI0003,PRD0017,V009,CC07,FOR0031,DOC107631,15143.68,Despesa
2025-08-03,CLI0073,PRD0069,V029,CC07,FOR0079,DOC107632,20470.82,Despesa
2026-12-01,CLI0295,PRD0192,V014,CC04,,DOC107633,12142.99,Receita
2025-09-16,CLI0142,PRD0017,V018,CC01,,DOC107634,13647.58,Receita
2024-09-25,CLI0242,PRD0180,V022,CC01,FOR0044,DOC107635,19671.99,Despesa
2025-03-15,CLI0206,PRD0058,V019,CC10,FOR0086,DOC107636,15571.32,Despesa
2026-07-25,CLI0295,PRD0132,V014,CC03,,DOC107637,15965.72,Receita
2026-11-26,CLI0105,PRD0181,V015,CC04,,DOC107638,2993.41,Receita
2025-08-14,CLI0217,PRD0008,V010,CC06,,DOC107639,24683.13,Receita
2024-10-01,CLI0058,PRD0030,V014,CC06,,DOC107640,12754.07,Receita
2023-11-03,CLI0051,PRD0065,V002,CC04,FOR0028,DOC107641,7780.25,Despesa
2024-08-05,CLI0108,PRD0158,V016,CC07,,DOC107642,23376.65,Receita
2024-05-30,CLI0058,PRD0140,V011,CC02,FOR0007,DOC107643,15539.26,Despesa
2025-06-11,CLI0093,PRD0186,V005,CC01,FOR0065,DOC107644,14353.37,Despesa
2026-11-22,CLI0036,PRD0190,V023,CC06,,DOC107645,22831.64,Receita
2024-02-13,CLI0227,PRD0105,V002,CC05,FOR0066,DOC107646,26984.38,Despesa
2026-04-07,CLI0119,PRD0168,V008,CC09,,DOC107647,18629.27,Receita
2026-04-19,CLI0120,PRD0013,V007,CC09,FOR0009,DOC107648,15172.72,Despesa
2024-12-07,CLI0021,PRD0122,V024,CC07,FOR0063,DOC107649,2565.39,Despesa
2023-05-12,CLI0014,PRD0141,V010,CC06,,DOC107650,12510.78,Receita
2024-08-31,CLI0140,PRD0192,V014,CC02,,DOC107651,1446.57,Receita
2023-02-01,CLI0209,PRD0092,V028,CC01,,DOC107652,19764.01,Receita
2026-07-01,CLI0086,PRD0188,V025,CC03,FOR0002,DOC107653,14699.65,Despesa
2023-04-03,CLI0245,PRD0155,V019,CC05,FOR0019,DOC107654,16768.68,Despesa
2025-12-08,CLI0120,PRD0060,V014,CC06,FOR0074,DOC107655,19681.42,Despesa
2024-11-29,CLI0231,PRD0177,V029,CC10,FOR0016,DOC107656,8225.49,Despesa
2025-04-02,CLI0009,PRD0067,V028,CC05,FOR0092,DOC107657,26775.47,Despesa
2025-07-26,CLI0160,PRD0162,V028,CC02,FOR0073,DOC107658,3998.84,Despesa
2023-10-30,CLI0227,PRD0162,V017,CC09,FOR0059,DOC107659,526.41,Despesa
2023-06-18,CLI0084,PRD0056,V013,CC06,FOR0100,DOC107660,6775.86,Despesa
2024-12-14,CLI0298,PRD0048,V016,CC08,FOR0078,DOC107661,5757.7,Despesa
2023-09-19,CLI0044,PRD0035,V006,CC08,FOR0072,DOC107662,27201.16,Despesa
2026-10-17,CLI0171,PRD0194,V002,CC08,FOR0029,DOC107663,11625.96,Despesa
2024-01-25,CLI0299,PRD0129,V014,CC04,,DOC107664,1108.11,Receita
2026-01-08,CLI0122,PRD0035,V026,CC10,FOR0042,DOC107665,4673.4,Despesa
2025-09-19,CLI0024,PRD0104,V008,CC01,FOR0047,DOC107666,17914.23,Despesa
2023-09-16,CLI0171,PRD0058,V029,CC01,FOR0097,DOC107667,16293.03,Despesa
2025-07-10,CLI0102,PRD0049,V012,CC02,FOR0036,DOC107668,21200.59,Despesa
2026-06-24,CLI0140,PRD0090,V023,CC02,FOR0089,DOC107669,2264.99,Despesa
2024-01-10,CLI0082,PRD0002,V017,CC07,,DOC107670,28951.8,Receita
2024-10-25,CLI0101,PRD0024,V023,CC09,FOR0046,DOC107671,25198.68,Despesa
2023-12-04,CLI0273,PRD0049,V020,CC06,,DOC107672,16235.88,Receita
2024-07-24,CLI0070,PRD0088,V014,CC08,,DOC107673,15882.62,Receita
2025-04-10,CLI0135,PRD0014,V005,CC08,,DOC107674,7792.95,Receita
2024-09-03,CLI0105,PRD0193,V018,CC03,,DOC107675,6948.63,Receita
2023-04-12,CLI0204,PRD0003,V024,CC01,,DOC107676,20157.35,Receita
2025-04-22,CLI0159,PRD0131,V023,CC04,FOR0059,DOC107677,27805.36,Despesa
2025-09-01,CLI0265,PRD0193,V002,CC01,,DOC107678,28570.97,Receita
2026-09-11,CLI0236,PRD0162,V023,CC05,,DOC107679,13767.11,Receita
2026-01-11,CLI0199,PRD0021,V007,CC06,FOR0006,DOC107680,24708.03,Despesa
2023-04-02,CLI0252,PRD0088,V001,CC10,,DOC107681,9556.96,Receita
2026-01-27,CLI0283,PRD0139,V015,CC05,FOR0064,DOC107682,4292.06,Despesa
2025-02-20,CLI0259,PRD0025,V007,CC09,,DOC107683,7362.07,Receita
2025-01-28,CLI0246,PRD0123,V029,CC04,,DOC107684,658.6,Receita
2024-03-17,CLI0258,PRD0172,V028,CC06,FOR0083,DOC107685,2809.48,Despesa
2024-01-19,CLI0211,PRD0132,V030,CC05,,DOC107686,29168.33,Receita
2026-08-31,CLI0200,PRD0047,V028,CC05,FOR0042,DOC107687,4137.73,Despesa
2026-10-19,CLI0163,PRD0150,V004,CC08,,DOC107688,12179.14,Receita
2023-01-17,CLI0073,PRD0195,V016,CC04,,DOC107689,15372.31,Receita
2026-07-06,CLI0088,PRD0127,V023,CC09,FOR0056,DOC107690,28850.92,Despesa
2026-03-01,CLI0122,PRD0097,V012,CC10,,DOC107691,8365.92,Receita
2023-09-24,CLI0116,PRD0007,V007,CC06,,DOC107692,4920.72,Receita
2025-07-26,CLI0154,PRD0026,V028,CC06,,DOC107693,17231.83,Receita
2025-11-21,CLI0166,PRD0180,V008,CC06,FOR0002,DOC107694,18015.37,Despesa
2026-03-06,CLI0188,PRD0109,V011,CC04,,DOC107695,25000.49,Receita
2026-01-24,CLI0267,PRD0136,V024,CC01,FOR0071,DOC107696,23774.79,Despesa
2023-04-18,CLI0280,PRD0042,V009,CC05,,DOC107697,17777.78,Receita
2026-11-24,CLI0127,PRD0163,V025,CC09,FOR0014,DOC107698,1373.58,Despesa
2023-11-04,CLI0281,PRD0160,V025,CC06,,DOC107699,22275.75,Receita
2026-11-26,CLI0225,PRD0111,V012,CC08,FOR0016,DOC107700,9663.65,Despesa
2025-07-01,CLI0037,PRD0150,V028,CC06,FOR0053,DOC107701,4166.58,Despesa
2025-08-04,CLI0128,PRD0164,V005,CC06,,DOC107702,17196.37,Receita
2024-07-03,CLI0014,PRD0171,V020,CC02,FOR0087,DOC107703,23347.26,Despesa
2024-10-13,CLI0189,PRD0104,V001,CC03,,DOC107704,28876.55,Receita
2024-02-04,CLI0075,PRD0164,V025,CC05,,DOC107705,21735.08,Receita
2026-10-17,CLI0215,PRD0141,V020,CC08,,DOC107706,25860.67,Receita
2024-02-16,CLI0186,PRD0016,V002,CC09,,DOC107707,11124.68,Receita
2025-11-10,CLI0276,PRD0082,V008,CC04,FOR0077,DOC107708,7021.75,Despesa
2025-06-20,CLI0249,PRD0010,V029,CC03,,DOC107709,13843.95,Receita
2025-09-26,CLI0138,PRD0094,V029,CC07,,DOC107710,25118.53,Receita
2023-03-08,CLI0061,PRD0065,V027,CC01,FOR0077,DOC107711,985.16,Despesa
2026-07-22,CLI0036,PRD0102,V011,CC01,,DOC107712,22783.18,Receita
2024-03-17,CLI0259,PRD0182,V015,CC04,,DOC107713,8338.62,Receita
2023-07-29,CLI0240,PRD0156,V002,CC10,FOR0008,DOC107714,25327.67,Despesa
2025-12-29,CLI0218,PRD0042,V024,CC04,FOR0009,DOC107715,5611.3,Despesa
2024-07-10,CLI0062,PRD0172,V002,CC05,FOR0044,DOC107716,10454.28,Despesa
2025-02-10,CLI0300,PRD0036,V016,CC08,FOR0041,DOC107717,12826.01,Despesa
2024-10-18,CLI0027,PRD0024,V021,CC08,,DOC107718,26241.69,Receita
2024-02-08,CLI0227,PRD0144,V009,CC06,FOR0036,DOC107719,24833.07,Despesa
2025-04-29,CLI0109,PRD0145,V011,CC08,FOR0087,DOC107720,4685.2,Despesa
2023-11-02,CLI0040,PRD0176,V025,CC02,FOR0052,DOC107721,20263.07,Despesa
2023-01-24,CLI0150,PRD0145,V016,CC02,FOR0059,DOC107722,7772.38,Despesa
2025-03-11,CLI0007,PRD0121,V030,CC08,,DOC107723,10984.47,Receita
2024-05-23,CLI0112,PRD0135,V027,CC05,FOR0073,DOC107724,8069.11,Despesa
2024-01-01,CLI0119,PRD0085,V026,CC09,FOR0024,DOC107725,26839.46,Despesa
2023-08-12,CLI0051,PRD0141,V017,CC10,FOR0050,DOC107726,4571.38,Despesa
2025-09-23,CLI0119,PRD0017,V004,CC10,,DOC107727,1934.41,Receita
2023-03-30,CLI0175,PRD0164,V017,CC03,FOR0017,DOC107728,15769.56,Despesa
2026-11-23,CLI0143,PRD0022,V028,CC03,,DOC107729,4176.25,Receita
2025-03-02,CLI0132,PRD0079,V011,CC02,,DOC107730,21762.06,Receita
2024-09-07,CLI0255,PRD0079,V025,CC02,,DOC107731,19673.05,Receita
2023-10-08,CLI0163,PRD0085,V008,CC07,FOR0053,DOC107732,19917.54,Despesa
2024-05-04,CLI0276,PRD0066,V007,CC04,,DOC107733,27606.1,Receita
2023-03-17,CLI0057,PRD0113,V030,CC05,FOR0004,DOC107734,24742.02,Despesa
2025-05-29,CLI0136,PRD0081,V012,CC05,FOR0079,DOC107735,17544.17,Despesa
2024-05-28,CLI0252,PRD0196,V016,CC05,FOR0038,DOC107736,18003.37,Despesa
2025-03-06,CLI0057,PRD0106,V002,CC01,FOR0091,DOC107737,23030.54,Despesa
2023-10-01,CLI0050,PRD0009,V030,CC10,,DOC107738,15520.14,Receita
2026-12-05,CLI0107,PRD0156,V014,CC10,FOR0065,DOC107739,13261.15,Despesa
2024-08-27,CLI0142,PRD0068,V026,CC08,,DOC107740,22364.22,Receita
2025-12-06,CLI0266,PRD0160,V021,CC05,,DOC107741,16138.97,Receita
2026-08-11,CLI0180,PRD0115,V026,CC01,,DOC107742,7691.84,Receita
2026-08-06,CLI0101,PRD0184,V007,CC05,FOR0043,DOC107743,19187.2,Despesa
2026-01-29,CLI0173,PRD0158,V005,CC02,FOR0001,DOC107744,20792.75,Despesa
2025-07-20,CLI0277,PRD0150,V021,CC06,FOR0059,DOC107745,27666.49,Despesa
2024-05-31,CLI0215,PRD0081,V024,CC07,,DOC107746,7187.72,Receita
2023-10-11,CLI0247,PRD0035,V006,CC07,,DOC107747,1729.81,Receita
2025-12-18,CLI0216,PRD0007,V012,CC07,FOR0069,DOC107748,7207.8,Despesa
2024-03-21,CLI0202,PRD0050,V013,CC10,FOR0047,DOC107749,17180.43,Despesa
2024-10-26,CLI0299,PRD0068,V005,CC07,,DOC107750,18936.1,Receita
2025-11-17,CLI0202,PRD0001,V024,CC02,,DOC107751,16332.97,Receita
2026-11-08,CLI0004,PRD0081,V026,CC05,FOR0044,DOC107752,6472.94,Despesa
2026-09-25,CLI0144,PRD0078,V004,CC01,,DOC107753,19567.03,Receita
2024-12-16,CLI0279,PRD0097,V012,CC01,,DOC107754,9865.76,Receita
2026-01-03,CLI0125,PRD0068,V002,CC10,FOR0055,DOC107755,16082.52,Despesa
2023-07-29,CLI0223,PRD0078,V009,CC02,FOR0042,DOC107756,24103.82,Despesa
2023-01-10,CLI0061,PRD0094,V016,CC04,,DOC107757,16367.36,Receita
2023-08-22,CLI0262,PRD0088,V025,CC09,,DOC107758,24687.19,Receita
2026-04-26,CLI0031,PRD0137,V022,CC05,FOR0041,DOC107759,7816.85,Despesa
2026-06-02,CLI0237,PRD0109,V010,CC03,,DOC107760,3132.8,Receita
2026-09-10,CLI0030,PRD0077,V021,CC09,FOR0074,DOC107761,164.66,Despesa
2023-02-28,CLI0222,PRD0138,V005,CC10,,DOC107762,28643.81,Receita
2025-04-14,CLI0095,PRD0189,V009,CC06,,DOC107763,15255.2,Receita
2026-09-23,CLI0005,PRD0014,V012,CC06,,DOC107764,6326.55,Receita
2025-05-17,CLI0006,PRD0053,V016,CC06,,DOC107765,14087.56,Receita
2024-05-27,CLI0119,PRD0037,V016,CC08,FOR0059,DOC107766,9696.14,Despesa
2025-08-11,CLI0107,PRD0125,V013,CC01,,DOC107767,2862.75,Receita
2025-11-03,CLI0119,PRD0003,V029,CC04,,DOC107768,22913.51,Receita
2023-02-05,CLI0225,PRD0101,V004,CC09,,DOC107769,29731.39,Receita
2026-09-10,CLI0070,PRD0165,V007,CC02,,DOC107770,12387.16,Receita
2024-06-08,CLI0086,PRD0110,V002,CC06,,DOC107771,27875.47,Receita
2025-02-21,CLI0157,PRD0022,V013,CC03,FOR0066,DOC107772,16999.05,Despesa
2024-07-07,CLI0277,PRD0073,V026,CC02,,DOC107773,18191.68,Receita
2024-12-14,CLI0226,PRD0146,V024,CC09,FOR0001,DOC107774,12748.86,Despesa
2025-03-11,CLI0142,PRD0185,V014,CC06,FOR0082,DOC107775,14778.03,Despesa
2026-06-21,CLI0243,PRD0049,V015,CC02,FOR0040,DOC107776,27423.97,Despesa
2024-06-01,CLI0003,PRD0143,V018,CC06,,DOC107777,8924.19,Receita
2026-09-02,CLI0090,PRD0009,V023,CC06,FOR0028,DOC107778,3906.75,Despesa
2025-11-10,CLI0064,PRD0020,V014,CC04,FOR0060,DOC107779,18093.74,Despesa
2023-01-09,CLI0264,PRD0004,V027,CC01,,DOC107780,21829.91,Receita
2024-04-13,CLI0001,PRD0109,V026,CC01,,DOC107781,1002.07,Receita
2023-03-26,CLI0081,PRD0011,V003,CC02,FOR0094,DOC107782,6063.2,Despesa
2026-05-11,CLI0242,PRD0119,V017,CC02,FOR0074,DOC107783,6403.27,Despesa
2026-12-06,CLI0229,PRD0008,V007,CC04,,DOC107784,10142.03,Receita
2025-03-18,CLI0175,PRD0023,V004,CC09,,DOC107785,13266.49,Receita
2025-09-22,CLI0252,PRD0139,V019,CC09,FOR0013,DOC107786,27233.27,Despesa
2026-01-05,CLI0274,PRD0158,V010,CC05,FOR0033,DOC107787,16173.07,Despesa
2025-02-13,CLI0276,PRD0167,V028,CC09,,DOC107788,19945.78,Receita
2025-12-30,CLI0222,PRD0042,V013,CC09,FOR0015,DOC107789,11566.04,Despesa
2026-04-12,CLI0193,PRD0078,V027,CC07,,DOC107790,10577.98,Receita
2023-08-24,CLI0156,PRD0180,V004,CC01,FOR0071,DOC107791,11072.08,Despesa
2023-01-07,CLI0258,PRD0074,V009,CC09,,DOC107792,22228.68,Receita
2026-10-01,CLI0054,PRD0106,V015,CC02,FOR0090,DOC107793,22787.22,Despesa
2023-09-22,CLI0026,PRD0072,V022,CC03,FOR0078,DOC107794,9296.67,Despesa
2026-09-25,CLI0243,PRD0054,V021,CC08,FOR0060,DOC107795,20347.72,Despesa
2024-10-04,CLI0295,PRD0035,V024,CC09,FOR0082,DOC107796,22489.45,Despesa
2025-12-09,CLI0124,PRD0150,V029,CC06,FOR0018,DOC107797,10024.32,Despesa
2025-09-01,CLI0018,PRD0065,V024,CC05,,DOC107798,9492.98,Receita
2026-12-06,CLI0043,PRD0091,V023,CC07,,DOC107799,27980.23,Receita
2026-02-24,CLI0149,PRD0096,V005,CC03,,DOC107800,15001.8,Receita
2025-04-11,CLI0080,PRD0001,V021,CC03,FOR0033,DOC107801,5141.97,Despesa
2024-01-27,CLI0008,PRD0176,V030,CC08,FOR0015,DOC107802,930.17,Despesa
2025-10-31,CLI0019,PRD0056,V005,CC05,,DOC107803,587.25,Receita
2026-12-08,CLI0246,PRD0125,V024,CC02,,DOC107804,29198.76,Receita
2026-09-24,CLI0180,PRD0195,V008,CC05,FOR0067,DOC107805,9295.18,Despesa
2023-12-26,CLI0044,PRD0106,V030,CC06,FOR0041,DOC107806,19706.07,Despesa
2026-09-05,CLI0116,PRD0145,V017,CC06,,DOC107807,6993.35,Receita
2024-10-08,CLI0098,PRD0194,V018,CC02,,DOC107808,11602.73,Receita
2023-05-21,CLI0034,PRD0050,V024,CC07,,DOC107809,20030.95,Receita
2026-02-04,CLI0189,PRD0110,V021,CC09,FOR0009,DOC107810,16172.06,Despesa
2023-10-12,CLI0280,PRD0016,V005,CC10,FOR0080,DOC107811,9033.57,Despesa
2023-09-25,CLI0243,PRD0097,V017,CC03,,DOC107812,2557.43,Receita
2024-10-16,CLI0269,PRD0030,V001,CC01,FOR0055,DOC107813,29566.14,Despesa
2026-08-28,CLI0265,PRD0167,V020,CC06,,DOC107814,24287.94,Receita
2025-01-25,CLI0138,PRD0144,V029,CC08,,DOC107815,3355.34,Receita
2023-11-17,CLI0040,PRD0133,V012,CC09,,DOC107816,15442.17,Receita
2025-08-09,CLI0219,PRD0194,V008,CC10,FOR0034,DOC107817,5571.57,Despesa
2024-06-08,CLI0211,PRD0123,V022,CC05,FOR0052,DOC107818,4750.7,Despesa
2024-07-20,CLI0245,PRD0117,V022,CC06,,DOC107819,1899.08,Receita
2023-04-13,CLI0245,PRD0039,V019,CC07,FOR0089,DOC107820,8760.35,Despesa
2026-04-26,CLI0056,PRD0017,V016,CC09,FOR0053,DOC107821,5660.65,Despesa
2024-11-27,CLI0103,PRD0104,V030,CC01,,DOC107822,9780.11,Receita
2026-01-08,CLI0221,PRD0012,V010,CC10,FOR0093,DOC107823,11476.23,Despesa
2024-06-29,CLI0236,PRD0130,V028,CC04,,DOC107824,16543.41,Receita
2024-09-26,CLI0138,PRD0081,V013,CC03,FOR0024,DOC107825,16414.49,Despesa
2024-02-14,CLI0217,PRD0132,V009,CC05,,DOC107826,2239.0,Receita
2026-08-22,CLI0147,PRD0034,V004,CC01,,DOC107827,7581.87,Receita
2024-07-14,CLI0088,PRD0136,V022,CC04,,DOC107828,25457.09,Receita
2026-01-21,CLI0020,PRD0093,V025,CC10,,DOC107829,7007.14,Receita
2024-07-19,CLI0137,PRD0150,V020,CC08,FOR0024,DOC107830,1860.47,Despesa
2025-07-26,CLI0189,PRD0061,V023,CC06,FOR0073,DOC107831,13121.67,Despesa
2025-08-17,CLI0066,PRD0123,V015,CC02,FOR0007,DOC107832,15453.4,Despesa
2026-05-28,CLI0091,PRD0006,V027,CC08,,DOC107833,28069.67,Receita
2025-12-27,CLI0041,PRD0193,V013,CC03,,DOC107834,7019.91,Receita
2025-07-13,CLI0142,PRD0142,V021,CC05,,DOC107835,6588.17,Receita
2023-08-17,CLI0011,PRD0096,V020,CC06,,DOC107836,17203.73,Receita
2026-10-03,CLI0056,PRD0139,V024,CC04,,DOC107837,28484.69,Receita
2026-08-10,CLI0212,PRD0070,V010,CC04,FOR0060,DOC107838,28369.35,Despesa
2026-06-04,CLI0290,PRD0073,V001,CC05,FOR0019,DOC107839,26338.73,Despesa
2024-03-25,CLI0071,PRD0161,V029,CC07,FOR0056,DOC107840,27948.4,Despesa
2026-10-25,CLI0252,PRD0133,V016,CC10,FOR0062,DOC107841,6763.09,Despesa
2025-06-11,CLI0227,PRD0157,V022,CC10,FOR0039,DOC107842,22084.24,Despesa
2023-07-16,CLI0062,PRD0020,V022,CC03,FOR0075,DOC107843,13213.77,Despesa
2024-02-09,CLI0099,PRD0168,V002,CC07,FOR0047,DOC107844,25564.32,Despesa
2023-05-27,CLI0098,PRD0057,V006,CC05,FOR0047,DOC107845,20248.73,Despesa
2023-08-20,CLI0144,PRD0106,V023,CC03,,DOC107846,15590.36,Receita
2025-05-13,CLI0046,PRD0091,V001,CC05,FOR0020,DOC107847,6735.44,Despesa
2023-02-20,CLI0295,PRD0094,V021,CC06,,DOC107848,25611.12,Receita
2025-03-15,CLI0204,PRD0092,V022,CC04,,DOC107849,24691.12,Receita
2025-12-10,CLI0150,PRD0140,V014,CC04,FOR0082,DOC107850,18162.38,Despesa
2024-01-04,CLI0278,PRD0120,V022,CC04,,DOC107851,18404.34,Receita
2025-06-28,CLI0168,PRD0156,V019,CC02,,DOC107852,8203.16,Receita
2026-04-03,CLI0171,PRD0041,V019,CC06,,DOC107853,13864.21,Receita
2023-09-19,CLI0003,PRD0011,V012,CC09,FOR0068,DOC107854,5626.8,Despesa
2023-04-11,CLI0049,PRD0185,V012,CC10,,DOC107855,19147.29,Receita
2024-04-22,CLI0231,PRD0027,V018,CC04,,DOC107856,3643.99,Receita
2026-07-26,CLI0204,PRD0046,V019,CC10,,DOC107857,27271.62,Receita
2023-11-07,CLI0254,PRD0076,V022,CC08,,DOC107858,26241.21,Receita
2025-01-25,CLI0218,PRD0080,V030,CC06,FOR0016,DOC107859,21587.71,Despesa
2023-06-19,CLI0200,PRD0048,V003,CC10,,DOC107860,1428.79,Receita
2024-03-12,CLI0222,PRD0033,V019,CC09,,DOC107861,25876.49,Receita
2026-03-27,CLI0204,PRD0099,V028,CC08,FOR0075,DOC107862,20007.74,Despesa
2023-05-16,CLI0107,PRD0079,V015,CC01,FOR0004,DOC107863,16663.76,Despesa
2023-08-02,CLI0281,PRD0183,V027,CC02,FOR0054,DOC107864,29811.88,Despesa
2025-09-24,CLI0016,PRD0075,V011,CC03,,DOC107865,1964.97,Receita
2024-10-20,CLI0261,PRD0054,V001,CC10,FOR0087,DOC107866,23697.59,Despesa
2024-05-07,CLI0066,PRD0162,V029,CC04,,DOC107867,10645.21,Receita
2025-05-23,CLI0118,PRD0102,V010,CC08,,DOC107868,21347.37,Receita
2024-12-30,CLI0139,PRD0034,V008,CC09,,DOC107869,6443.36,Receita
2024-02-07,CLI0016,PRD0197,V005,CC10,FOR0064,DOC107870,8769.35,Despesa
2024-04-25,CLI0031,PRD0115,V003,CC10,,DOC107871,23904.45,Receita
2025-02-18,CLI0226,PRD0046,V029,CC05,FOR0043,DOC107872,10087.89,Despesa
2024-08-23,CLI0066,PRD0060,V020,CC02,,DOC107873,21874.52,Receita
2024-08-19,CLI0055,PRD0014,V024,CC03,,DOC107874,4031.05,Receita
2024-12-11,CLI0146,PRD0160,V005,CC10,,DOC107875,25997.2,Receita
2026-02-27,CLI0110,PRD0164,V021,CC03,,DOC107876,6884.34,Receita
2024-10-28,CLI0147,PRD0142,V020,CC08,FOR0078,DOC107877,18365.79,Despesa
2023-01-11,CLI0170,PRD0125,V029,CC09,,DOC107878,15762.84,Receita
2024-03-12,CLI0048,PRD0161,V002,CC04,FOR0073,DOC107879,19161.01,Despesa
2025-03-22,CLI0117,PRD0163,V009,CC02,,DOC107880,25201.67,Receita
2026-05-22,CLI0265,PRD0118,V017,CC02,FOR0040,DOC107881,28608.95,Despesa
2024-04-09,CLI0291,PRD0014,V008,CC07,,DOC107882,26649.31,Receita
2023-01-16,CLI0178,PRD0134,V025,CC04,,DOC107883,10823.59,Receita
2024-04-26,CLI0002,PRD0135,V001,CC09,,DOC107884,8291.21,Receita
2024-01-28,CLI0208,PRD0143,V006,CC04,,DOC107885,22667.61,Receita
2023-04-06,CLI0270,PRD0063,V004,CC08,FOR0057,DOC107886,7276.03,Despesa
2023-06-05,CLI0205,PRD0008,V016,CC04,,DOC107887,4737.99,Receita
2025-06-29,CLI0028,PRD0147,V007,CC01,FOR0034,DOC107888,6719.01,Despesa
2025-05-07,CLI0037,PRD0140,V022,CC04,FOR0042,DOC107889,3646.88,Despesa
2023-12-21,CLI0254,PRD0173,V002,CC10,,DOC107890,13575.84,Receita
2026-07-21,CLI0088,PRD0006,V001,CC05,FOR0098,DOC107891,20653.99,Despesa
2025-05-02,CLI0088,PRD0154,V013,CC06,FOR0019,DOC107892,21277.22,Despesa
2024-01-16,CLI0077,PRD0030,V022,CC03,FOR0031,DOC107893,19845.93,Despesa
2025-03-29,CLI0154,PRD0014,V026,CC07,FOR0011,DOC107894,26126.74,Despesa
2025-04-29,CLI0275,PRD0189,V005,CC02,FOR0046,DOC107895,21055.29,Despesa
2023-08-15,CLI0096,PRD0009,V009,CC02,,DOC107896,11583.66,Receita
2025-07-14,CLI0213,PRD0036,V026,CC07,FOR0080,DOC107897,16533.94,Despesa
2026-07-25,CLI0008,PRD0155,V018,CC06,FOR0039,DOC107898,28970.1,Despesa
2024-04-30,CLI0198,PRD0043,V030,CC08,,DOC107899,14344.52,Receita
2023-09-24,CLI0073,PRD0176,V014,CC04,FOR0083,DOC107900,3445.52,Despesa
2026-03-12,CLI0198,PRD0157,V005,CC09,,DOC107901,15238.16,Receita
2026-08-19,CLI0160,PRD0094,V013,CC01,FOR0026,DOC107902,3111.69,Despesa
2023-02-10,CLI0153,PRD0128,V010,CC08,,DOC107903,6615.85,Receita
2025-07-10,CLI0259,PRD0130,V008,CC07,,DOC107904,29908.87,Receita
2023-09-26,CLI0014,PRD0054,V030,CC09,FOR0070,DOC107905,27977.59,Despesa
2025-06-20,CLI0192,PRD0080,V029,CC03,,DOC107906,24297.75,Receita
2025-06-25,CLI0099,PRD0073,V025,CC09,FOR0031,DOC107907,28994.47,Despesa
2025-01-31,CLI0219,PRD0104,V005,CC05,,DOC107908,1707.05,Receita
2026-10-21,CLI0060,PRD0055,V019,CC10,,DOC107909,17703.75,Receita
2025-10-15,CLI0008,PRD0020,V030,CC10,FOR0028,DOC107910,27009.64,Despesa
2025-01-07,CLI0255,PRD0037,V017,CC04,,DOC107911,5063.63,Receita
2025-03-31,CLI0133,PRD0126,V004,CC02,,DOC107912,21200.7,Receita
2026-01-13,CLI0178,PRD0086,V024,CC08,FOR0043,DOC107913,15754.02,Despesa
2026-05-13,CLI0175,PRD0071,V010,CC06,FOR0039,DOC107914,9490.5,Despesa
2026-10-02,CLI0285,PRD0118,V012,CC02,FOR0003,DOC107915,25282.67,Despesa
2023-09-01,CLI0288,PRD0085,V011,CC03,,DOC107916,25034.66,Receita
2024-05-24,CLI0284,PRD0020,V008,CC10,FOR0016,DOC107917,25772.97,Despesa
2026-07-03,CLI0009,PRD0123,V026,CC08,,DOC107918,10047.93,Receita
2024-12-10,CLI0180,PRD0125,V014,CC04,,DOC107919,23502.59,Receita
2024-02-02,CLI0079,PRD0131,V019,CC07,,DOC107920,11932.66,Receita
2025-03-20,CLI0204,PRD0074,V019,CC08,,DOC107921,26252.35,Receita
2026-09-24,CLI0130,PRD0199,V019,CC03,FOR0094,DOC107922,3066.58,Despesa
2025-09-29,CLI0101,PRD0017,V020,CC04,FOR0080,DOC107923,28552.02,Despesa
2024-03-23,CLI0089,PRD0043,V018,CC10,,DOC107924,17174.15,Receita
2023-09-30,CLI0244,PRD0178,V026,CC10,FOR0003,DOC107925,14282.24,Despesa
2026-08-25,CLI0257,PRD0066,V010,CC08,FOR0046,DOC107926,15020.27,Despesa
2025-08-16,CLI0238,PRD0178,V029,CC02,,DOC107927,20678.17,Receita
2025-02-01,CLI0214,PRD0019,V003,CC07,,DOC107928,2977.4,Receita
2023-05-13,CLI0148,PRD0132,V025,CC09,,DOC107929,1919.99,Receita
2026-02-24,CLI0075,PRD0183,V014,CC03,FOR0065,DOC107930,5440.25,Despesa
2024-05-22,CLI0205,PRD0086,V021,CC05,FOR0026,DOC107931,1188.88,Despesa
2025-03-18,CLI0113,PRD0066,V017,CC07,FOR0013,DOC107932,18343.44,Despesa
2024-11-03,CLI0108,PRD0174,V013,CC08,FOR0048,DOC107933,25627.85,Despesa
2026-10-14,CLI0226,PRD0016,V008,CC05,FOR0096,DOC107934,1888.98,Despesa
2025-01-18,CLI0128,PRD0176,V019,CC03,,DOC107935,14956.38,Receita
2024-08-08,CLI0102,PRD0019,V015,CC02,FOR0099,DOC107936,25971.57,Despesa
2026-12-13,CLI0114,PRD0090,V003,CC09,FOR0071,DOC107937,16628.67,Despesa
2024-01-26,CLI0265,PRD0017,V017,CC02,FOR0088,DOC107938,13277.18,Despesa
2026-11-14,CLI0039,PRD0071,V026,CC01,,DOC107939,15019.73,Receita
2023-01-24,CLI0198,PRD0105,V002,CC03,,DOC107940,13369.21,Receita
2025-06-05,CLI0267,PRD0095,V001,CC09,,DOC107941,16442.94,Receita
2025-02-15,CLI0149,PRD0044,V027,CC01,,DOC107942,29927.52,Receita
2026-08-14,CLI0270,PRD0047,V003,CC04,,DOC107943,6767.07,Receita
2023-01-26,CLI0250,PRD0067,V025,CC10,,DOC107944,6741.52,Receita
2023-02-11,CLI0009,PRD0036,V019,CC03,,DOC107945,3974.77,Receita
2024-12-18,CLI0048,PRD0182,V027,CC05,,DOC107946,25421.88,Receita
2024-03-18,CLI0266,PRD0199,V013,CC06,FOR0039,DOC107947,23666.37,Despesa
2026-02-27,CLI0021,PRD0061,V020,CC01,,DOC107948,12995.43,Receita
2023-01-27,CLI0123,PRD0158,V002,CC10,FOR0087,DOC107949,23481.77,Despesa
2026-04-14,CLI0016,PRD0045,V024,CC09,FOR0049,DOC107950,5828.38,Despesa
2023-02-05,CLI0215,PRD0129,V013,CC01,,DOC107951,16901.64,Receita
2026-04-19,CLI0044,PRD0025,V026,CC09,FOR0089,DOC107952,3457.42,Despesa
2024-05-05,CLI0079,PRD0174,V009,CC02,,DOC107953,9982.08,Receita
2025-03-03,CLI0169,PRD0135,V011,CC09,,DOC107954,1188.84,Receita
2025-12-25,CLI0121,PRD0144,V027,CC02,FOR0008,DOC107955,19461.05,Despesa
2025-11-25,CLI0204,PRD0067,V028,CC01,FOR0041,DOC107956,6122.83,Despesa
2026-08-30,CLI0150,PRD0124,V011,CC10,FOR0088,DOC107957,24433.71,Despesa
2026-08-06,CLI0001,PRD0022,V024,CC10,FOR0048,DOC107958,17741.99,Despesa
2025-01-17,CLI0146,PRD0064,V003,CC04,,DOC107959,29824.17,Receita
2026-02-17,CLI0105,PRD0126,V009,CC06,FOR0091,DOC107960,29848.54,Despesa
2024-05-21,CLI0248,PRD0170,V022,CC01,,DOC107961,21125.94,Receita
2023-07-10,CLI0168,PRD0048,V014,CC02,FOR0001,DOC107962,11967.16,Despesa
2025-11-16,CLI0251,PRD0090,V008,CC02,FOR0094,DOC107963,4060.83,Despesa
2026-05-03,CLI0245,PRD0014,V020,CC07,FOR0091,DOC107964,26368.39,Despesa
2026-08-02,CLI0078,PRD0010,V020,CC08,,DOC107965,25067.7,Receita
2025-09-21,CLI0116,PRD0125,V017,CC03,,DOC107966,19824.06,Receita
2024-08-10,CLI0124,PRD0010,V015,CC01,,DOC107967,11672.95,Receita
2025-02-28,CLI0135,PRD0062,V014,CC10,,DOC107968,15610.74,Receita
2023-03-27,CLI0212,PRD0020,V026,CC06,,DOC107969,7489.42,Receita
2023-11-30,CLI0023,PRD0093,V008,CC05,FOR0045,DOC107970,26862.28,Despesa
2023-12-03,CLI0231,PRD0027,V018,CC04,,DOC107971,991.02,Receita
2023-08-03,CLI0120,PRD0002,V025,CC05,FOR0059,DOC107972,26462.49,Despesa
2025-12-02,CLI0073,PRD0127,V007,CC05,,DOC107973,12505.7,Receita
2024-08-16,CLI0280,PRD0132,V023,CC06,,DOC107974,19722.83,Receita
2023-03-15,CLI0086,PRD0118,V016,CC03,FOR0099,DOC107975,22861.81,Despesa
2025-01-04,CLI0080,PRD0055,V003,CC08,FOR0070,DOC107976,20567.51,Despesa
2026-11-17,CLI0183,PRD0028,V021,CC08,FOR0089,DOC107977,12476.71,Despesa
2025-12-14,CLI0051,PRD0157,V012,CC03,FOR0077,DOC107978,20256.46,Despesa
2023-05-21,CLI0147,PRD0133,V005,CC01,,DOC107979,21584.73,Receita
2026-08-14,CLI0227,PRD0047,V013,CC07,,DOC107980,1721.2,Receita
2025-04-14,CLI0047,PRD0069,V017,CC07,FOR0075,DOC107981,21645.0,Despesa
2025-11-23,CLI0141,PRD0173,V004,CC07,,DOC107982,28675.9,Receita
2025-06-13,CLI0277,PRD0081,V021,CC04,,DOC107983,11848.06,Receita
2025-06-03,CLI0028,PRD0164,V003,CC01,,DOC107984,16581.01,Receita
2026-05-09,CLI0214,PRD0198,V016,CC09,,DOC107985,12095.43,Receita
2025-06-03,CLI0129,PRD0007,V025,CC02,,DOC107986,12777.47,Receita
2024-07-11,CLI0135,PRD0086,V016,CC04,,DOC107987,24558.07,Receita
2026-04-20,CLI0064,PRD0186,V021,CC02,,DOC107988,8875.94,Receita
2025-07-06,CLI0256,PRD0149,V030,CC04,FOR0098,DOC107989,6551.38,Despesa
2024-12-09,CLI0242,PRD0109,V004,CC05,FOR0023,DOC107990,4328.72,Despesa
2025-09-26,CLI0023,PRD0044,V018,CC09,FOR0068,DOC107991,4651.3,Despesa
2024-02-22,CLI0017,PRD0056,V028,CC06,,DOC107992,4429.64,Receita
2023-03-30,CLI0177,PRD0119,V017,CC07,,DOC107993,16005.14,Receita
2023-03-26,CLI0194,PRD0137,V023,CC08,,DOC107994,22252.84,Receita
2024-02-16,CLI0217,PRD0195,V018,CC01,,DOC107995,6345.0,Receita
2023-11-27,CLI0128,PRD0027,V008,CC06,FOR0041,DOC107996,8059.16,Despesa
2023-06-03,CLI0227,PRD0111,V023,CC01,,DOC107997,17061.91,Receita
2024-09-25,CLI0096,PRD0025,V004,CC01,,DOC107998,27180.56,Receita
2026-10-21,CLI0090,PRD0012,V005,CC01,FOR0015,DOC107999,23479.33,Despesa
2023-02-07,CLI0250,PRD0164,V009,CC09,,DOC108000,16214.48,Receita
2026-09-28,CLI0237,PRD0047,V004,CC09,FOR0052,DOC108001,22420.81,Despesa
2023-06-26,CLI0132,PRD0012,V021,CC10,,DOC108002,20731.21,Receita
2026-09-23,CLI0076,PRD0129,V026,CC03,FOR0039,DOC108003,17518.74,Despesa
2023-10-29,CLI0221,PRD0032,V020,CC03,,DOC108004,7804.43,Receita
2025-03-05,CLI0013,PRD0029,V018,CC10,,DOC108005,29279.77,Receita
2025-08-03,CLI0036,PRD0053,V006,CC06,FOR0070,DOC108006,24847.15,Despesa
2023-01-11,CLI0125,PRD0085,V006,CC01,FOR0024,DOC108007,6372.31,Despesa
2026-06-02,CLI0006,PRD0138,V017,CC05,,DOC108008,22018.52,Receita
2023-01-20,CLI0294,PRD0178,V018,CC09,,DOC108009,9065.05,Receita
2025-04-05,CLI0281,PRD0119,V005,CC05,,DOC108010,13768.17,Receita
2025-12-08,CLI0298,PRD0131,V029,CC05,FOR0086,DOC108011,26182.54,Despesa
2023-06-30,CLI0190,PRD0079,V015,CC03,FOR0095,DOC108012,18230.6,Despesa
2025-04-23,CLI0075,PRD0081,V007,CC05,FOR0023,DOC108013,16672.42,Despesa
2024-01-25,CLI0204,PRD0082,V016,CC06,FOR0019,DOC108014,20015.85,Despesa
2025-01-22,CLI0130,PRD0158,V019,CC02,FOR0080,DOC108015,21833.62,Despesa
2026-05-14,CLI0249,PRD0008,V019,CC05,FOR0012,DOC108016,4259.84,Despesa
2025-01-05,CLI0274,PRD0089,V020,CC05,FOR0083,DOC108017,9239.65,Despesa
2026-01-31,CLI0248,PRD0131,V018,CC06,FOR0029,DOC108018,2838.62,Despesa
2024-11-23,CLI0262,PRD0138,V023,CC06,,DOC108019,18715.63,Receita
2024-12-18,CLI0277,PRD0133,V003,CC04,,DOC108020,9120.46,Receita
2025-10-27,CLI0039,PRD0196,V002,CC05,FOR0020,DOC108021,7697.05,Despesa
2023-09-23,CLI0224,PRD0060,V007,CC03,FOR0086,DOC108022,24985.54,Despesa
2025-10-23,CLI0257,PRD0140,V025,CC04,FOR0017,DOC108023,24900.66,Despesa
2025-12-27,CLI0161,PRD0002,V005,CC04,,DOC108024,16258.59,Receita
2024-10-13,CLI0298,PRD0170,V006,CC08,,DOC108025,29693.53,Receita
2025-11-29,CLI0022,PRD0166,V025,CC05,,DOC108026,4309.59,Receita
2024-06-09,CLI0264,PRD0065,V023,CC07,FOR0006,DOC108027,1355.18,Despesa
2024-02-01,CLI0136,PRD0027,V021,CC08,FOR0034,DOC108028,19656.62,Despesa
2026-10-18,CLI0222,PRD0042,V018,CC02,,DOC108029,11964.06,Receita
2023-12-17,CLI0099,PRD0105,V017,CC06,FOR0080,DOC108030,27439.26,Despesa
2026-11-27,CLI0228,PRD0198,V029,CC05,FOR0057,DOC108031,14261.2,Despesa
2025-01-07,CLI0114,PRD0133,V028,CC06,FOR0058,DOC108032,16257.16,Despesa
2023-09-21,CLI0122,PRD0014,V002,CC01,,DOC108033,21708.53,Receita
2023-03-09,CLI0170,PRD0020,V026,CC08,FOR0014,DOC108034,6818.22,Despesa
2024-10-07,CLI0263,PRD0168,V014,CC01,FOR0055,DOC108035,6147.21,Despesa
2023-04-07,CLI0202,PRD0049,V014,CC08,FOR0064,DOC108036,8390.34,Despesa
2024-02-06,CLI0037,PRD0172,V017,CC08,FOR0079,DOC108037,11729.92,Despesa
2026-09-22,CLI0071,PRD0036,V007,CC07,FOR0009,DOC108038,22085.98,Despesa
2024-04-23,CLI0052,PRD0182,V025,CC02,,DOC108039,25731.37,Receita
2025-08-05,CLI0087,PRD0020,V009,CC04,FOR0020,DOC108040,16614.38,Despesa
2023-11-16,CLI0234,PRD0069,V017,CC04,FOR0026,DOC108041,14253.27,Despesa
2026-01-27,CLI0056,PRD0027,V004,CC06,,DOC108042,7454.1,Receita
2023-04-10,CLI0159,PRD0053,V018,CC03,FOR0072,DOC108043,26014.66,Despesa
2025-11-30,CLI0157,PRD0145,V017,CC06,FOR0080,DOC108044,26394.7,Despesa
2023-06-30,CLI0110,PRD0164,V024,CC09,FOR0007,DOC108045,14086.03,Despesa
2024-05-02,CLI0085,PRD0123,V008,CC07,FOR0092,DOC108046,8262.27,Despesa
2024-01-08,CLI0224,PRD0027,V003,CC03,,DOC108047,5849.58,Receita
2025-03-29,CLI0112,PRD0081,V022,CC07,FOR0035,DOC108048,24807.92,Despesa
2024-09-21,CLI0044,PRD0158,V010,CC08,,DOC108049,24926.59,Receita
2023-07-08,CLI0165,PRD0154,V022,CC10,FOR0031,DOC108050,25015.61,Despesa
2026-10-04,CLI0114,PRD0032,V009,CC02,FOR0054,DOC108051,26508.26,Despesa
2024-07-29,CLI0186,PRD0147,V023,CC01,FOR0045,DOC108052,7521.16,Despesa
2023-07-05,CLI0175,PRD0074,V008,CC07,FOR0047,DOC108053,4488.42,Despesa
2023-09-15,CLI0068,PRD0057,V013,CC04,FOR0005,DOC108054,2376.53,Despesa
2023-07-11,CLI0136,PRD0011,V013,CC07,FOR0034,DOC108055,6934.98,Despesa
2025-08-15,CLI0016,PRD0084,V023,CC04,,DOC108056,26006.0,Receita
2025-01-30,CLI0145,PRD0187,V029,CC01,FOR0004,DOC108057,22734.59,Despesa
2023-12-28,CLI0141,PRD0053,V026,CC09,FOR0022,DOC108058,28999.63,Despesa
2023-08-31,CLI0256,PRD0042,V010,CC01,FOR0087,DOC108059,17854.38,Despesa
2023-03-03,CLI0241,PRD0072,V030,CC01,,DOC108060,22407.61,Receita
2023-08-26,CLI0006,PRD0090,V004,CC08,FOR0063,DOC108061,24789.09,Despesa
2026-09-12,CLI0144,PRD0063,V029,CC03,FOR0094,DOC108062,15564.14,Despesa
2023-12-21,CLI0008,PRD0127,V029,CC01,FOR0011,DOC108063,2273.15,Despesa
2026-02-02,CLI0029,PRD0081,V017,CC02,FOR0035,DOC108064,3104.7,Despesa
2025-06-17,CLI0109,PRD0014,V027,CC10,FOR0085,DOC108065,16985.5,Despesa
2025-07-31,CLI0268,PRD0027,V022,CC10,FOR0035,DOC108066,4020.73,Despesa
2025-06-11,CLI0219,PRD0064,V020,CC10,,DOC108067,1635.07,Receita
2024-08-11,CLI0293,PRD0131,V001,CC04,FOR0020,DOC108068,3311.63,Despesa
2023-06-30,CLI0070,PRD0075,V001,CC05,,DOC108069,2391.43,Receita
2025-01-19,CLI0072,PRD0101,V030,CC07,,DOC108070,2228.4,Receita
2025-07-19,CLI0055,PRD0161,V004,CC01,FOR0029,DOC108071,6694.78,Despesa
2025-03-02,CLI0259,PRD0192,V018,CC01,,DOC108072,7882.5,Receita
2024-09-21,CLI0256,PRD0060,V026,CC05,,DOC108073,2047.69,Receita
2025-01-01,CLI0134,PRD0083,V028,CC04,,DOC108074,14239.39,Receita
2023-07-05,CLI0093,PRD0182,V014,CC06,,DOC108075,21691.46,Receita
2023-07-31,CLI0142,PRD0116,V019,CC09,FOR0056,DOC108076,27184.26,Despesa
2025-08-06,CLI0137,PRD0140,V012,CC07,FOR0015,DOC108077,11526.63,Despesa
2026-02-06,CLI0110,PRD0200,V029,CC03,FOR0015,DOC108078,3210.35,Despesa
2025-09-29,CLI0088,PRD0001,V029,CC05,,DOC108079,19645.68,Receita
2025-01-25,CLI0181,PRD0104,V011,CC04,FOR0001,DOC108080,9789.58,Despesa
2023-10-23,CLI0090,PRD0075,V006,CC06,FOR0025,DOC108081,16864.14,Despesa
2026-06-27,CLI0224,PRD0171,V030,CC01,,DOC108082,22773.36,Receita
2024-07-27,CLI0149,PRD0090,V017,CC01,FOR0051,DOC108083,11033.79,Despesa
2026-03-18,CLI0085,PRD0099,V020,CC10,FOR0044,DOC108084,16007.32,Despesa
2023-03-10,CLI0104,PRD0001,V015,CC09,,DOC108085,22391.93,Receita
2023-04-26,CLI0283,PRD0124,V007,CC07,,DOC108086,11284.1,Receita
2025-05-17,CLI0261,PRD0107,V020,CC05,,DOC108087,23819.45,Receita
2023-05-28,CLI0134,PRD0185,V003,CC09,FOR0087,DOC108088,17088.03,Despesa
2024-10-19,CLI0141,PRD0113,V030,CC01,,DOC108089,15859.42,Receita
2026-10-06,CLI0227,PRD0191,V027,CC06,,DOC108090,7362.06,Receita
2023-10-31,CLI0066,PRD0149,V012,CC05,FOR0017,DOC108091,7711.15,Despesa
2026-09-13,CLI0015,PRD0098,V026,CC10,FOR0078,DOC108092,22823.47,Despesa
2023-08-08,CLI0113,PRD0084,V024,CC05,,DOC108093,29484.69,Receita
2025-02-23,CLI0205,PRD0178,V017,CC06,FOR0054,DOC108094,9822.09,Despesa
2025-08-27,CLI0031,PRD0183,V006,CC03,FOR0089,DOC108095,24006.2,Despesa
2026-09-03,CLI0268,PRD0105,V008,CC03,FOR0076,DOC108096,16028.33,Despesa
2025-05-26,CLI0006,PRD0104,V016,CC04,,DOC108097,9434.55,Receita
2024-04-13,CLI0178,PRD0055,V016,CC03,FOR0057,DOC108098,22279.92,Despesa
2025-11-21,CLI0148,PRD0184,V001,CC03,FOR0064,DOC108099,18799.2,Despesa
2026-09-27,CLI0138,PRD0181,V015,CC05,FOR0053,DOC108100,10242.49,Despesa
2025-04-20,CLI0099,PRD0169,V012,CC06,FOR0066,DOC108101,20260.77,Despesa
2026-09-09,CLI0265,PRD0016,V027,CC06,FOR0089,DOC108102,26161.01,Despesa
2023-05-15,CLI0115,PRD0120,V008,CC07,,DOC108103,11882.29,Receita
2025-06-09,CLI0221,PRD0147,V005,CC02,FOR0037,DOC108104,21143.25,Despesa
2024-05-30,CLI0276,PRD0074,V026,CC07,FOR0086,DOC108105,9424.28,Despesa
2024-02-18,CLI0099,PRD0182,V011,CC01,FOR0092,DOC108106,14695.31,Despesa
2024-09-02,CLI0046,PRD0004,V017,CC04,,DOC108107,22357.75,Receita
2024-10-28,CLI0248,PRD0186,V024,CC10,,DOC108108,19714.2,Receita
2024-03-03,CLI0238,PRD0042,V021,CC02,FOR0045,DOC108109,25619.18,Despesa
2023-09-22,CLI0243,PRD0115,V013,CC06,,DOC108110,4799.63,Receita
2023-09-21,CLI0243,PRD0039,V023,CC07,FOR0048,DOC108111,18631.33,Despesa
2026-05-13,CLI0145,PRD0004,V006,CC09,,DOC108112,29602.39,Receita
2025-02-02,CLI0161,PRD0087,V025,CC10,FOR0029,DOC108113,20284.81,Despesa
2023-09-05,CLI0057,PRD0003,V003,CC02,,DOC108114,4451.49,Receita
2026-10-29,CLI0027,PRD0003,V011,CC07,,DOC108115,14208.11,Receita
2025-11-11,CLI0137,PRD0182,V025,CC06,FOR0028,DOC108116,19433.7,Despesa
2023-10-31,CLI0007,PRD0153,V029,CC03,,DOC108117,3914.98,Receita
2025-11-21,CLI0184,PRD0039,V019,CC07,,DOC108118,19694.48,Receita
2025-06-01,CLI0281,PRD0199,V029,CC02,FOR0010,DOC108119,17875.85,Despesa
2026-08-19,CLI0097,PRD0050,V004,CC10,,DOC108120,6814.51,Receita
2026-05-04,CLI0189,PRD0067,V001,CC10,,DOC108121,9436.53,Receita
2024-04-14,CLI0226,PRD0027,V015,CC01,,DOC108122,23870.97,Receita
2023-06-08,CLI0205,PRD0185,V016,CC04,FOR0069,DOC108123,9184.65,Despesa
2024-01-17,CLI0173,PRD0155,V011,CC06,,DOC108124,10660.3,Receita
2025-07-04,CLI0240,PRD0196,V027,CC02,FOR0001,DOC108125,12056.14,Despesa
2025-01-09,CLI0082,PRD0026,V011,CC01,FOR0041,DOC108126,27192.17,Despesa
2026-01-27,CLI0176,PRD0022,V028,CC05,FOR0042,DOC108127,21573.19,Despesa
2024-10-24,CLI0027,PRD0153,V010,CC04,FOR0033,DOC108128,10373.91,Despesa
2024-01-14,CLI0127,PRD0093,V028,CC04,FOR0065,DOC108129,17239.76,Despesa
2025-08-04,CLI0277,PRD0154,V021,CC08,,DOC108130,14878.57,Receita
2024-08-26,CLI0189,PRD0159,V015,CC05,,DOC108131,4469.87,Receita
2024-02-21,CLI0013,PRD0050,V017,CC10,FOR0008,DOC108132,21922.97,Despesa
2024-11-06,CLI0026,PRD0106,V028,CC09,,DOC108133,14100.96,Receita
2025-09-16,CLI0285,PRD0063,V011,CC01,FOR0097,DOC108134,27495.25,Despesa
2024-09-30,CLI0011,PRD0117,V015,CC07,FOR0036,DOC108135,11317.29,Despesa
2024-06-06,CLI0025,PRD0038,V007,CC01,,DOC108136,1043.34,Receita
2023-08-24,CLI0210,PRD0061,V026,CC01,FOR0070,DOC108137,2617.22,Despesa
2023-02-28,CLI0049,PRD0066,V009,CC07,FOR0033,DOC108138,24378.2,Despesa
2025-02-05,CLI0067,PRD0115,V003,CC07,,DOC108139,24560.11,Receita
2024-03-24,CLI0201,PRD0092,V012,CC06,,DOC108140,28803.2,Receita
2024-04-17,CLI0136,PRD0001,V010,CC02,,DOC108141,11225.42,Receita
2026-02-04,CLI0126,PRD0098,V022,CC09,FOR0080,DOC108142,892.09,Despesa
2025-12-13,CLI0219,PRD0146,V010,CC06,FOR0065,DOC108143,16137.6,Despesa
2026-06-08,CLI0195,PRD0067,V004,CC02,,DOC108144,9371.58,Receita
2025-08-22,CLI0159,PRD0169,V024,CC06,FOR0100,DOC108145,8789.44,Despesa
2023-05-31,CLI0216,PRD0200,V008,CC09,,DOC108146,17751.81,Receita
2024-10-19,CLI0017,PRD0192,V020,CC09,FOR0042,DOC108147,2938.59,Despesa
2025-10-19,CLI0277,PRD0137,V008,CC03,FOR0081,DOC108148,25756.93,Despesa
2023-04-19,CLI0024,PRD0198,V014,CC03,FOR0005,DOC108149,22565.01,Despesa
2025-10-01,CLI0272,PRD0069,V008,CC09,,DOC108150,15144.27,Receita
2026-04-30,CLI0236,PRD0062,V005,CC06,FOR0085,DOC108151,5681.9,Despesa
2023-09-19,CLI0166,PRD0082,V023,CC03,,DOC108152,23802.57,Receita
2023-11-03,CLI0158,PRD0192,V004,CC06,FOR0032,DOC108153,25159.13,Despesa
2023-05-24,CLI0017,PRD0001,V030,CC06,,DOC108154,25235.5,Receita
2025-03-03,CLI0019,PRD0057,V028,CC02,,DOC108155,22670.52,Receita
2026-10-19,CLI0024,PRD0191,V030,CC08,,DOC108156,15736.62,Receita
2024-09-09,CLI0157,PRD0192,V015,CC01,FOR0032,DOC108157,26080.22,Despesa
2023-04-19,CLI0195,PRD0103,V023,CC04,,DOC108158,22045.3,Receita
2026-04-12,CLI0249,PRD0183,V009,CC09,,DOC108159,16315.33,Receita
2025-05-31,CLI0158,PRD0040,V018,CC04,,DOC108160,3269.15,Receita
2023-10-19,CLI0017,PRD0093,V015,CC01,,DOC108161,13583.4,Receita
2023-12-12,CLI0277,PRD0071,V012,CC02,,DOC108162,29745.03,Receita
2025-11-19,CLI0046,PRD0098,V018,CC07,,DOC108163,22097.71,Receita
2025-07-02,CLI0103,PRD0194,V019,CC01,,DOC108164,18209.66,Receita
2024-07-31,CLI0276,PRD0005,V013,CC08,,DOC108165,19558.4,Receita
2025-11-07,CLI0227,PRD0137,V012,CC01,,DOC108166,11854.92,Receita
2024-05-23,CLI0196,PRD0022,V028,CC07,,DOC108167,21310.67,Receita
2023-12-12,CLI0136,PRD0061,V016,CC05,FOR0037,DOC108168,23079.52,Despesa
2025-02-09,CLI0025,PRD0012,V003,CC06,FOR0064,DOC108169,21536.37,Despesa
2025-10-14,CLI0265,PRD0114,V006,CC06,,DOC108170,10582.12,Receita
2026-02-17,CLI0285,PRD0001,V006,CC10,,DOC108171,12077.88,Receita
2023-04-03,CLI0227,PRD0176,V002,CC08,,DOC108172,17828.11,Receita
2025-10-31,CLI0235,PRD0138,V009,CC09,,DOC108173,8042.0,Receita
2025-07-07,CLI0162,PRD0153,V007,CC02,,DOC108174,4286.76,Receita
2024-12-11,CLI0291,PRD0145,V020,CC03,FOR0031,DOC108175,24829.86,Despesa
2025-05-31,CLI0167,PRD0111,V006,CC07,,DOC108176,1522.96,Receita
2024-04-28,CLI0173,PRD0133,V006,CC01,FOR0027,DOC108177,11447.69,Despesa
2024-02-16,CLI0272,PRD0143,V007,CC09,FOR0006,DOC108178,8241.58,Despesa
2026-11-25,CLI0009,PRD0025,V015,CC03,FOR0058,DOC108179,24604.71,Despesa
2025-12-19,CLI0289,PRD0012,V003,CC03,FOR0099,DOC108180,967.29,Despesa
2024-06-16,CLI0075,PRD0145,V015,CC05,,DOC108181,21893.27,Receita
2024-10-01,CLI0062,PRD0153,V027,CC09,FOR0040,DOC108182,17384.3,Despesa
2026-03-26,CLI0268,PRD0001,V011,CC10,FOR0048,DOC108183,27355.37,Despesa
2023-09-18,CLI0112,PRD0190,V015,CC08,FOR0005,DOC108184,29283.78,Despesa
2025-06-05,CLI0274,PRD0025,V003,CC04,FOR0060,DOC108185,17069.32,Despesa
2023-05-25,CLI0108,PRD0185,V009,CC01,,DOC108186,9739.21,Receita
2026-04-06,CLI0132,PRD0168,V014,CC03,FOR0030,DOC108187,29978.5,Despesa
2026-01-03,CLI0182,PRD0172,V021,CC01,FOR0081,DOC108188,21851.49,Despesa
2024-06-24,CLI0289,PRD0031,V007,CC10,,DOC108189,3993.99,Receita
2026-12-11,CLI0035,PRD0153,V018,CC01,FOR0078,DOC108190,19710.67,Despesa
2026-08-19,CLI0250,PRD0137,V008,CC10,,DOC108191,28394.97,Receita
2026-07-11,CLI0237,PRD0055,V010,CC07,,DOC108192,3987.13,Receita
2025-07-29,CLI0112,PRD0089,V011,CC03,,DOC108193,17053.31,Receita
2026-12-14,CLI0275,PRD0034,V030,CC09,FOR0058,DOC108194,28909.04,Despesa
2025-04-27,CLI0228,PRD0091,V003,CC02,,DOC108195,2970.42,Receita
2025-01-24,CLI0060,PRD0067,V026,CC01,,DOC108196,12287.84,Receita
2023-04-11,CLI0209,PRD0004,V021,CC05,FOR0018,DOC108197,1067.18,Despesa
2026-11-12,CLI0001,PRD0073,V021,CC01,FOR0043,DOC108198,21469.12,Despesa
2023-01-31,CLI0267,PRD0126,V008,CC02,FOR0073,DOC108199,28007.78,Despesa
2026-12-15,CLI0024,PRD0011,V025,CC03,FOR0093,DOC108200,12781.09,Despesa
2024-07-20,CLI0034,PRD0085,V016,CC10,FOR0068,DOC108201,1958.05,Despesa
2023-12-07,CLI0183,PRD0195,V020,CC08,FOR0018,DOC108202,23434.05,Despesa
2026-07-13,CLI0207,PRD0124,V030,CC06,FOR0073,DOC108203,12535.3,Despesa
2026-10-20,CLI0204,PRD0031,V011,CC05,,DOC108204,6168.52,Receita
2024-03-18,CLI0077,PRD0041,V024,CC07,,DOC108205,18294.04,Receita
2026-09-02,CLI0031,PRD0191,V021,CC07,,DOC108206,24129.77,Receita
2025-06-02,CLI0289,PRD0064,V021,CC03,FOR0085,DOC108207,2768.99,Despesa
2024-02-24,CLI0256,PRD0179,V025,CC06,FOR0082,DOC108208,17890.8,Despesa
2026-09-22,CLI0151,PRD0096,V030,CC06,,DOC108209,18354.76,Receita
2025-09-21,CLI0278,PRD0149,V025,CC08,,DOC108210,5547.23,Receita
2026-09-01,CLI0114,PRD0031,V020,CC10,,DOC108211,5996.75,Receita
2023-02-06,CLI0031,PRD0170,V026,CC08,,DOC108212,7693.06,Receita
2024-06-25,CLI0053,PRD0192,V020,CC06,,DOC108213,7175.12,Receita
2026-06-14,CLI0138,PRD0055,V016,CC03,,DOC108214,8136.51,Receita
2026-09-14,CLI0068,PRD0133,V018,CC03,FOR0051,DOC108215,7737.39,Despesa
2023-11-05,CLI0141,PRD0105,V005,CC07,,DOC108216,11614.93,Receita
2024-05-17,CLI0298,PRD0143,V028,CC07,FOR0023,DOC108217,21334.23,Despesa
2026-03-18,CLI0083,PRD0075,V006,CC10,FOR0052,DOC108218,18501.64,Despesa
2025-07-14,CLI0211,PRD0060,V016,CC07,FOR0035,DOC108219,17976.79,Despesa
2024-03-01,CLI0192,PRD0069,V019,CC01,,DOC108220,20370.85,Receita
2023-11-25,CLI0293,PRD0060,V012,CC07,FOR0058,DOC108221,18142.81,Despesa
2023-10-08,CLI0175,PRD0163,V012,CC08,,DOC108222,28914.12,Receita
2023-07-02,CLI0023,PRD0007,V028,CC07,,DOC108223,12409.42,Receita
2025-03-28,CLI0299,PRD0146,V012,CC03,FOR0057,DOC108224,4568.94,Despesa
2024-01-21,CLI0120,PRD0017,V006,CC06,FOR0020,DOC108225,29071.61,Despesa
2024-04-12,CLI0046,PRD0199,V015,CC02,,DOC108226,11651.57,Receita
2023-02-17,CLI0025,PRD0008,V027,CC04,,DOC108227,21391.52,Receita
2026-03-06,CLI0289,PRD0197,V004,CC01,,DOC108228,18285.63,Receita
2023-04-25,CLI0234,PRD0113,V019,CC09,FOR0039,DOC108229,9084.09,Despesa
2026-07-18,CLI0198,PRD0024,V020,CC01,FOR0097,DOC108230,7602.78,Despesa
2026-02-28,CLI0275,PRD0026,V011,CC02,FOR0023,DOC108231,2140.71,Despesa
2024-02-13,CLI0202,PRD0046,V004,CC09,,DOC108232,7413.68,Receita
2024-04-20,CLI0239,PRD0116,V028,CC05,,DOC108233,28186.4,Receita
2024-03-20,CLI0196,PRD0074,V013,CC07,,DOC108234,26559.74,Receita
2026-03-01,CLI0154,PRD0120,V008,CC10,FOR0059,DOC108235,19860.5,Despesa
2024-12-25,CLI0011,PRD0059,V008,CC10,FOR0020,DOC108236,22697.52,Despesa
2025-02-09,CLI0177,PRD0162,V009,CC05,,DOC108237,11572.99,Receita
2026-06-28,CLI0289,PRD0181,V022,CC05,,DOC108238,1607.14,Receita
2025-12-09,CLI0281,PRD0119,V014,CC04,FOR0012,DOC108239,9414.46,Despesa
2024-12-11,CLI0279,PRD0171,V007,CC09,,DOC108240,28995.02,Receita
2025-06-24,CLI0023,PRD0017,V007,CC08,,DOC108241,3254.03,Receita
2025-07-29,CLI0054,PRD0177,V023,CC02,,DOC108242,14880.17,Receita
2025-03-28,CLI0150,PRD0107,V015,CC01,FOR0027,DOC108243,19447.9,Despesa
2023-07-12,CLI0295,PRD0113,V002,CC07,FOR0048,DOC108244,18621.82,Despesa
2025-09-07,CLI0077,PRD0040,V018,CC02,FOR0072,DOC108245,29417.37,Despesa
2023-08-16,CLI0241,PRD0041,V006,CC03,FOR0042,DOC108246,25542.54,Despesa
2025-03-16,CLI0225,PRD0199,V005,CC06,,DOC108247,12087.77,Receita
2025-02-04,CLI0020,PRD0064,V030,CC09,,DOC108248,8314.89,Receita
2025-10-06,CLI0062,PRD0184,V015,CC10,FOR0032,DOC108249,28106.33,Despesa
2026-12-05,CLI0240,PRD0126,V011,CC08,,DOC108250,15623.36,Receita
2025-11-07,CLI0057,PRD0009,V010,CC01,FOR0042,DOC108251,19544.74,Despesa
2025-03-23,CLI0102,PRD0061,V001,CC02,FOR0043,DOC108252,19808.92,Despesa
2025-04-17,CLI0174,PRD0099,V016,CC02,FOR0007,DOC108253,29778.18,Despesa
2026-03-20,CLI0169,PRD0089,V017,CC05,FOR0047,DOC108254,18570.85,Despesa
2026-08-09,CLI0283,PRD0114,V022,CC07,,DOC108255,8509.99,Receita
2025-04-14,CLI0091,PRD0114,V018,CC01,,DOC108256,5109.87,Receita
2026-03-28,CLI0108,PRD0002,V009,CC05,,DOC108257,16842.37,Receita
2026-09-19,CLI0240,PRD0068,V001,CC05,,DOC108258,20722.76,Receita
2023-04-08,CLI0064,PRD0106,V026,CC10,,DOC108259,19117.09,Receita
2025-04-06,CLI0134,PRD0083,V002,CC09,,DOC108260,17912.09,Receita
2026-04-15,CLI0289,PRD0162,V009,CC07,FOR0008,DOC108261,15737.78,Despesa
2024-07-06,CLI0250,PRD0015,V026,CC06,FOR0052,DOC108262,17185.33,Despesa
2025-02-06,CLI0174,PRD0076,V009,CC09,,DOC108263,15747.64,Receita
2026-04-01,CLI0017,PRD0014,V025,CC05,,DOC108264,28910.0,Receita
2025-07-16,CLI0111,PRD0069,V017,CC10,,DOC108265,24354.19,Receita
2024-09-30,CLI0221,PRD0174,V014,CC05,,DOC108266,16645.9,Receita
2024-12-16,CLI0257,PRD0029,V029,CC08,,DOC108267,4833.89,Receita
2023-02-22,CLI0077,PRD0137,V016,CC07,,DOC108268,9648.96,Receita
2026-11-20,CLI0054,PRD0023,V005,CC10,,DOC108269,28710.16,Receita
2026-10-29,CLI0036,PRD0060,V004,CC08,FOR0079,DOC108270,8618.13,Despesa
2023-07-06,CLI0226,PRD0189,V029,CC03,FOR0006,DOC108271,6772.12,Despesa
2025-07-21,CLI0255,PRD0033,V029,CC02,,DOC108272,26391.86,Receita
2024-03-31,CLI0124,PRD0143,V008,CC05,,DOC108273,8280.92,Receita
2026-09-24,CLI0166,PRD0041,V007,CC01,FOR0032,DOC108274,17520.9,Despesa
2026-11-15,CLI0214,PRD0194,V007,CC01,,DOC108275,27003.15,Receita
2023-01-06,CLI0090,PRD0148,V010,CC04,FOR0043,DOC108276,21282.2,Despesa
2024-04-13,CLI0146,PRD0200,V023,CC06,FOR0004,DOC108277,8906.71,Despesa
2024-12-31,CLI0235,PRD0068,V023,CC07,,DOC108278,19161.93,Receita
2025-07-15,CLI0277,PRD0173,V029,CC02,FOR0037,DOC108279,5369.75,Despesa
2023-04-26,CLI0003,PRD0120,V006,CC08,FOR0088,DOC108280,15257.39,Despesa
2024-05-22,CLI0139,PRD0134,V017,CC09,FOR0099,DOC108281,19551.44,Despesa
2026-09-18,CLI0146,PRD0069,V021,CC10,FOR0052,DOC108282,18911.8,Despesa
2024-08-19,CLI0076,PRD0103,V002,CC10,FOR0066,DOC108283,21105.75,Despesa
2025-01-01,CLI0133,PRD0059,V012,CC04,,DOC108284,6542.53,Receita
2025-03-16,CLI0038,PRD0116,V010,CC08,FOR0045,DOC108285,6161.2,Despesa
2026-05-19,CLI0072,PRD0154,V013,CC10,,DOC108286,19820.9,Receita
2025-02-02,CLI0060,PRD0125,V018,CC05,,DOC108287,9113.68,Receita
2026-09-17,CLI0185,PRD0135,V029,CC01,,DOC108288,26347.45,Receita
2023-05-22,CLI0114,PRD0099,V019,CC09,,DOC108289,17725.66,Receita
2026-03-29,CLI0250,PRD0146,V016,CC04,,DOC108290,28511.89,Receita
2024-07-22,CLI0090,PRD0197,V029,CC07,,DOC108291,13943.64,Receita
2025-07-28,CLI0054,PRD0198,V024,CC09,,DOC108292,5681.55,Receita
2025-12-23,CLI0234,PRD0047,V028,CC10,FOR0017,DOC108293,12027.78,Despesa
2026-07-25,CLI0106,PRD0014,V022,CC09,FOR0071,DOC108294,8905.74,Despesa
2023-02-08,CLI0188,PRD0002,V013,CC10,FOR0030,DOC108295,12920.39,Despesa
2025-04-08,CLI0013,PRD0160,V019,CC07,,DOC108296,18158.25,Receita
2025-07-13,CLI0157,PRD0089,V028,CC10,FOR0025,DOC108297,27270.11,Despesa
2024-05-30,CLI0118,PRD0075,V013,CC02,FOR0074,DOC108298,22552.27,Despesa
2023-05-20,CLI0056,PRD0017,V014,CC06,FOR0031,DOC108299,5801.88,Despesa
2025-05-16,CLI0155,PRD0028,V014,CC07,FOR0062,DOC108300,3368.2,Despesa
2023-08-20,CLI0012,PRD0008,V003,CC01,FOR0028,DOC108301,9257.73,Despesa
2024-11-02,CLI0108,PRD0026,V020,CC09,FOR0095,DOC108302,21118.22,Despesa
2023-04-14,CLI0176,PRD0042,V003,CC03,FOR0046,DOC108303,10029.23,Despesa
2025-02-01,CLI0121,PRD0048,V004,CC08,,DOC108304,23522.05,Receita
2025-05-21,CLI0229,PRD0181,V014,CC04,,DOC108305,2290.31,Receita
2026-08-23,CLI0013,PRD0028,V010,CC05,FOR0085,DOC108306,9594.17,Despesa
2026-02-02,CLI0106,PRD0097,V027,CC02,FOR0020,DOC108307,29810.7,Despesa
2023-02-09,CLI0300,PRD0082,V013,CC06,,DOC108308,3579.3,Receita
2024-11-04,CLI0214,PRD0012,V015,CC02,FOR0097,DOC108309,13525.74,Despesa
2025-03-14,CLI0094,PRD0160,V017,CC10,FOR0051,DOC108310,1430.27,Despesa
2023-08-09,CLI0177,PRD0021,V028,CC04,FOR0012,DOC108311,4381.5,Despesa
2025-03-18,CLI0147,PRD0065,V026,CC06,,DOC108312,16831.17,Receita
2025-12-07,CLI0116,PRD0051,V002,CC10,,DOC108313,11476.95,Receita
2025-09-04,CLI0075,PRD0115,V022,CC08,,DOC108314,8316.21,Receita
2025-10-11,CLI0044,PRD0017,V012,CC08,,DOC108315,20799.24,Receita
2024-01-30,CLI0207,PRD0085,V020,CC07,FOR0081,DOC108316,21417.52,Despesa
2025-01-10,CLI0154,PRD0070,V024,CC04,FOR0096,DOC108317,19382.07,Despesa
2025-04-28,CLI0211,PRD0199,V013,CC07,,DOC108318,367.04,Receita
2024-11-24,CLI0209,PRD0052,V003,CC09,FOR0092,DOC108319,3517.37,Despesa
2024-06-23,CLI0185,PRD0097,V027,CC05,FOR0029,DOC108320,19727.1,Despesa
2023-10-13,CLI0289,PRD0123,V011,CC08,,DOC108321,2186.09,Receita
2024-05-25,CLI0220,PRD0163,V025,CC05,,DOC108322,10102.01,Receita
2023-06-18,CLI0265,PRD0008,V022,CC05,FOR0020,DOC108323,9954.75,Despesa
2025-03-02,CLI0290,PRD0073,V016,CC08,FOR0055,DOC108324,4528.64,Despesa
2024-04-09,CLI0141,PRD0141,V028,CC03,,DOC108325,1577.82,Receita
2025-08-27,CLI0041,PRD0045,V023,CC06,,DOC108326,4672.61,Receita
2025-12-05,CLI0294,PRD0128,V029,CC01,FOR0086,DOC108327,9016.73,Despesa
2024-09-02,CLI0260,PRD0041,V029,CC09,FOR0063,DOC108328,18889.54,Despesa
2024-11-06,CLI0097,PRD0091,V001,CC03,,DOC108329,7913.21,Receita
2026-06-19,CLI0114,PRD0139,V019,CC01,FOR0080,DOC108330,16012.0,Despesa
2023-04-02,CLI0129,PRD0185,V004,CC08,,DOC108331,1915.18,Receita
2026-06-12,CLI0270,PRD0103,V028,CC08,,DOC108332,29626.18,Receita
2025-08-23,CLI0004,PRD0028,V007,CC06,,DOC108333,12201.38,Receita
2024-11-13,CLI0043,PRD0146,V024,CC10,,DOC108334,28707.19,Receita
2026-01-23,CLI0189,PRD0075,V016,CC09,FOR0025,DOC108335,22204.21,Despesa
2023-03-16,CLI0022,PRD0037,V026,CC07,FOR0063,DOC108336,8696.64,Despesa
2025-01-31,CLI0129,PRD0050,V028,CC05,,DOC108337,7316.13,Receita
2023-04-19,CLI0143,PRD0140,V010,CC07,,DOC108338,16103.56,Receita
2023-02-24,CLI0115,PRD0164,V004,CC02,,DOC108339,19933.44,Receita
2024-11-19,CLI0045,PRD0196,V018,CC01,,DOC108340,25163.53,Receita
2023-07-08,CLI0003,PRD0064,V026,CC07,FOR0083,DOC108341,10387.78,Despesa
2025-02-12,CLI0295,PRD0195,V025,CC04,,DOC108342,20120.95,Receita
2023-01-27,CLI0088,PRD0115,V015,CC07,,DOC108343,14535.37,Receita
2025-02-23,CLI0253,PRD0117,V004,CC10,,DOC108344,22869.8,Receita
2025-08-10,CLI0023,PRD0177,V015,CC06,,DOC108345,16586.34,Receita
2025-03-05,CLI0139,PRD0188,V004,CC07,FOR0093,DOC108346,24964.09,Despesa
2026-06-18,CLI0094,PRD0130,V024,CC07,FOR0035,DOC108347,15194.46,Despesa
2025-02-26,CLI0123,PRD0196,V027,CC01,,DOC108348,16899.19,Receita
2026-11-16,CLI0107,PRD0114,V006,CC06,FOR0058,DOC108349,20315.7,Despesa
2023-02-16,CLI0069,PRD0134,V005,CC08,,DOC108350,24714.51,Receita
2026-02-18,CLI0177,PRD0179,V029,CC05,FOR0045,DOC108351,8058.25,Despesa
2025-12-01,CLI0164,PRD0034,V014,CC10,FOR0015,DOC108352,7385.18,Despesa
2025-11-02,CLI0092,PRD0112,V006,CC04,FOR0071,DOC108353,26756.81,Despesa
2023-03-23,CLI0108,PRD0029,V029,CC07,FOR0014,DOC108354,22034.56,Despesa
2023-05-06,CLI0237,PRD0005,V016,CC03,FOR0020,DOC108355,23504.57,Despesa
2025-11-16,CLI0168,PRD0100,V016,CC09,FOR0068,DOC108356,28629.84,Despesa
2023-07-18,CLI0203,PRD0132,V010,CC04,FOR0009,DOC108357,11785.23,Despesa
2026-04-30,CLI0137,PRD0027,V029,CC02,FOR0009,DOC108358,11238.7,Despesa
2025-02-15,CLI0002,PRD0130,V029,CC03,FOR0010,DOC108359,21286.09,Despesa
2023-01-16,CLI0122,PRD0057,V030,CC08,FOR0027,DOC108360,3377.71,Despesa
2023-12-26,CLI0041,PRD0111,V025,CC08,FOR0090,DOC108361,6583.24,Despesa
2026-09-09,CLI0099,PRD0152,V006,CC02,FOR0043,DOC108362,21544.03,Despesa
2025-05-06,CLI0248,PRD0177,V002,CC03,,DOC108363,7186.12,Receita
2024-09-24,CLI0077,PRD0105,V028,CC05,FOR0043,DOC108364,25877.55,Despesa
2025-12-30,CLI0012,PRD0178,V006,CC10,,DOC108365,6913.73,Receita
2026-01-11,CLI0264,PRD0173,V030,CC09,,DOC108366,17221.24,Receita
2026-08-10,CLI0242,PRD0141,V026,CC09,FOR0064,DOC108367,9876.85,Despesa
2026-12-17,CLI0093,PRD0029,V012,CC02,,DOC108368,8566.35,Receita
2026-11-23,CLI0161,PRD0102,V009,CC10,FOR0079,DOC108369,16695.21,Despesa
2023-11-04,CLI0233,PRD0143,V023,CC02,,DOC108370,1172.15,Receita
2025-04-28,CLI0186,PRD0144,V006,CC04,,DOC108371,3028.13,Receita
2026-12-07,CLI0264,PRD0136,V003,CC02,FOR0017,DOC108372,4614.32,Despesa
2025-07-24,CLI0173,PRD0180,V026,CC03,,DOC108373,1153.51,Receita
2026-11-28,CLI0186,PRD0076,V004,CC05,,DOC108374,24563.78,Receita
2026-01-17,CLI0035,PRD0034,V018,CC04,FOR0077,DOC108375,6978.16,Despesa
2025-08-30,CLI0256,PRD0180,V006,CC04,FOR0073,DOC108376,18834.91,Despesa
2023-03-04,CLI0227,PRD0155,V014,CC02,FOR0022,DOC108377,24752.72,Despesa
2023-01-24,CLI0016,PRD0022,V024,CC07,FOR0046,DOC108378,5431.58,Despesa
2024-06-06,CLI0265,PRD0084,V005,CC06,FOR0032,DOC108379,21280.56,Despesa
2023-12-24,CLI0062,PRD0187,V009,CC02,,DOC108380,516.45,Receita
2024-12-26,CLI0264,PRD0143,V028,CC06,FOR0033,DOC108381,9322.59,Despesa
2025-09-21,CLI0179,PRD0088,V014,CC06,FOR0079,DOC108382,14337.19,Despesa
2023-09-08,CLI0016,PRD0021,V001,CC09,,DOC108383,29792.89,Receita
2026-03-22,CLI0264,PRD0044,V001,CC10,FOR0033,DOC108384,9353.62,Despesa
2023-01-24,CLI0006,PRD0061,V021,CC07,,DOC108385,17934.01,Receita
2023-11-19,CLI0200,PRD0027,V012,CC09,,DOC108386,26719.07,Receita
2026-03-18,CLI0023,PRD0193,V010,CC10,,DOC108387,6726.45,Receita
2025-08-12,CLI0020,PRD0111,V007,CC05,,DOC108388,13034.24,Receita
2026-02-08,CLI0051,PRD0195,V010,CC08,FOR0023,DOC108389,15158.93,Despesa
2026-11-09,CLI0030,PRD0025,V005,CC05,FOR0055,DOC108390,29398.52,Despesa
2023-07-02,CLI0256,PRD0087,V011,CC04,FOR0094,DOC108391,12578.61,Despesa
2024-06-28,CLI0077,PRD0180,V004,CC07,,DOC108392,26795.07,Receita
2025-11-22,CLI0022,PRD0042,V024,CC05,FOR0077,DOC108393,4980.65,Despesa
2024-08-30,CLI0138,PRD0089,V022,CC06,,DOC108394,24757.14,Receita
2025-12-31,CLI0140,PRD0100,V004,CC01,,DOC108395,29499.67,Receita
2025-11-08,CLI0300,PRD0086,V011,CC04,,DOC108396,7630.98,Receita
2024-04-18,CLI0290,PRD0022,V029,CC06,,DOC108397,17142.26,Receita
2026-02-09,CLI0293,PRD0157,V020,CC07,FOR0081,DOC108398,25035.55,Despesa
2024-03-28,CLI0176,PRD0133,V023,CC03,FOR0007,DOC108399,26314.89,Despesa
2026-11-18,CLI0001,PRD0073,V023,CC06,FOR0096,DOC108400,13510.5,Despesa
2024-06-07,CLI0289,PRD0097,V013,CC09,FOR0088,DOC108401,12171.25,Despesa
2023-01-23,CLI0022,PRD0102,V011,CC07,,DOC108402,7565.48,Receita
2025-10-02,CLI0138,PRD0034,V028,CC05,,DOC108403,16697.16,Receita
2023-09-09,CLI0180,PRD0070,V025,CC05,,DOC108404,3040.04,Receita
2025-12-28,CLI0244,PRD0059,V010,CC02,,DOC108405,5795.45,Receita
2023-12-21,CLI0171,PRD0140,V025,CC02,,DOC108406,1647.69,Receita
2024-03-01,CLI0014,PRD0170,V027,CC10,FOR0012,DOC108407,26134.85,Despesa
2026-04-03,CLI0260,PRD0176,V012,CC03,FOR0058,DOC108408,15224.73,Despesa
2025-09-09,CLI0006,PRD0192,V012,CC06,FOR0074,DOC108409,15298.77,Despesa
2023-09-13,CLI0103,PRD0047,V029,CC07,,DOC108410,11135.31,Receita
2025-03-09,CLI0172,PRD0123,V008,CC03,,DOC108411,20950.44,Receita
2023-10-13,CLI0290,PRD0137,V022,CC09,FOR0022,DOC108412,21336.39,Despesa
2025-10-25,CLI0261,PRD0136,V008,CC07,,DOC108413,18979.94,Receita
2024-04-12,CLI0073,PRD0012,V014,CC04,FOR0096,DOC108414,25318.92,Despesa
2026-12-05,CLI0161,PRD0166,V028,CC07,FOR0097,DOC108415,25468.79,Despesa
2026-10-21,CLI0263,PRD0061,V002,CC03,,DOC108416,5487.51,Receita
2025-02-02,CLI0135,PRD0127,V028,CC10,FOR0092,DOC108417,25322.19,Despesa
2024-12-19,CLI0056,PRD0153,V024,CC08,,DOC108418,9555.86,Receita
2025-08-31,CLI0126,PRD0176,V029,CC05,FOR0057,DOC108419,12722.35,Despesa
2025-06-04,CLI0016,PRD0140,V003,CC02,,DOC108420,16712.05,Receita
2023-08-18,CLI0275,PRD0143,V012,CC01,,DOC108421,664.77,Receita
2026-03-26,CLI0226,PRD0111,V016,CC08,FOR0055,DOC108422,10882.66,Despesa
2025-11-23,CLI0184,PRD0171,V029,CC08,FOR0092,DOC108423,16520.05,Despesa
2025-07-05,CLI0268,PRD0186,V004,CC01,FOR0014,DOC108424,28567.36,Despesa
2024-01-04,CLI0202,PRD0133,V024,CC03,,DOC108425,9937.38,Receita
2025-07-31,CLI0050,PRD0145,V024,CC02,,DOC108426,20872.69,Receita
2023-04-22,CLI0163,PRD0026,V015,CC04,,DOC108427,13369.83,Receita
2023-02-17,CLI0128,PRD0126,V026,CC02,,DOC108428,808.49,Receita
2026-12-15,CLI0287,PRD0079,V009,CC01,FOR0025,DOC108429,5419.53,Despesa
2026-07-26,CLI0051,PRD0194,V001,CC08,FOR0021,DOC108430,8565.44,Despesa
2026-02-16,CLI0136,PRD0117,V011,CC10,,DOC108431,11848.62,Receita
2025-02-08,CLI0064,PRD0185,V001,CC07,,DOC108432,8778.74,Receita
2024-08-14,CLI0242,PRD0052,V020,CC01,FOR0006,DOC108433,1943.17,Despesa
2024-10-26,CLI0212,PRD0175,V002,CC05,FOR0009,DOC108434,2635.93,Despesa
2023-04-22,CLI0262,PRD0199,V026,CC01,,DOC108435,21261.13,Receita
2023-03-27,CLI0284,PRD0019,V013,CC08,,DOC108436,14378.82,Receita
2026-04-18,CLI0127,PRD0139,V028,CC08,FOR0097,DOC108437,20580.6,Despesa
2026-04-09,CLI0250,PRD0069,V008,CC08,FOR0080,DOC108438,1145.25,Despesa
2025-02-11,CLI0069,PRD0184,V006,CC01,FOR0044,DOC108439,11291.37,Despesa
2023-12-16,CLI0229,PRD0058,V003,CC03,FOR0081,DOC108440,14378.92,Despesa
2024-01-26,CLI0232,PRD0134,V006,CC08,FOR0098,DOC108441,860.65,Despesa
2026-08-17,CLI0106,PRD0143,V026,CC04,,DOC108442,4682.57,Receita
2024-07-02,CLI0001,PRD0008,V002,CC03,,DOC108443,8332.17,Receita
2024-03-22,CLI0201,PRD0180,V018,CC10,FOR0022,DOC108444,442.65,Despesa
2025-08-30,CLI0192,PRD0082,V004,CC10,FOR0089,DOC108445,4359.79,Despesa
2025-06-16,CLI0231,PRD0171,V010,CC09,FOR0083,DOC108446,4211.67,Despesa
2026-03-03,CLI0184,PRD0162,V004,CC10,FOR0079,DOC108447,17214.69,Despesa
2026-07-15,CLI0130,PRD0003,V026,CC08,,DOC108448,9410.21,Receita
2023-07-09,CLI0280,PRD0117,V023,CC02,FOR0053,DOC108449,23309.87,Despesa
2023-05-08,CLI0288,PRD0093,V006,CC06,FOR0037,DOC108450,5952.55,Despesa
2025-09-14,CLI0017,PRD0148,V005,CC08,FOR0041,DOC108451,20286.71,Despesa
2026-02-13,CLI0205,PRD0175,V003,CC06,,DOC108452,28527.75,Receita
2026-12-29,CLI0279,PRD0193,V019,CC07,FOR0052,DOC108453,18822.19,Despesa
2025-11-26,CLI0175,PRD0171,V002,CC05,FOR0075,DOC108454,28103.07,Despesa
2026-04-21,CLI0169,PRD0141,V028,CC10,FOR0021,DOC108455,19053.26,Despesa
2026-09-13,CLI0097,PRD0102,V023,CC03,FOR0025,DOC108456,21953.71,Despesa
2026-04-01,CLI0089,PRD0024,V021,CC03,,DOC108457,18892.77,Receita
2024-06-24,CLI0077,PRD0156,V030,CC07,FOR0032,DOC108458,29637.52,Despesa
2026-02-08,CLI0032,PRD0068,V029,CC06,,DOC108459,8011.08,Receita
2023-05-14,CLI0011,PRD0098,V006,CC01,,DOC108460,15995.45,Receita
2024-03-10,CLI0238,PRD0099,V027,CC01,FOR0047,DOC108461,25897.26,Despesa
2026-12-26,CLI0183,PRD0164,V017,CC02,FOR0025,DOC108462,7026.09,Despesa
2025-09-23,CLI0270,PRD0110,V005,CC10,,DOC108463,13468.36,Receita
2024-03-11,CLI0104,PRD0078,V012,CC01,FOR0088,DOC108464,17583.59,Despesa
2023-07-31,CLI0178,PRD0039,V003,CC02,FOR0018,DOC108465,12332.78,Despesa
2025-12-07,CLI0073,PRD0196,V008,CC01,,DOC108466,28936.98,Receita
2026-05-07,CLI0270,PRD0177,V014,CC02,FOR0099,DOC108467,13146.2,Despesa
2023-12-10,CLI0173,PRD0005,V020,CC02,,DOC108468,17525.43,Receita
2024-02-26,CLI0233,PRD0070,V005,CC02,,DOC108469,12637.87,Receita
2026-04-05,CLI0240,PRD0022,V026,CC01,FOR0099,DOC108470,9076.76,Despesa
2026-01-05,CLI0093,PRD0018,V010,CC09,FOR0004,DOC108471,8780.22,Despesa
2023-11-28,CLI0046,PRD0116,V018,CC07,,DOC108472,3384.19,Receita
2024-06-30,CLI0276,PRD0017,V013,CC07,,DOC108473,8481.74,Receita
2023-02-27,CLI0089,PRD0087,V022,CC01,,DOC108474,9556.41,Receita
2024-07-02,CLI0105,PRD0153,V008,CC07,,DOC108475,1588.5,Receita
2023-02-22,CLI0158,PRD0074,V015,CC05,FOR0094,DOC108476,1234.45,Despesa
2026-02-06,CLI0216,PRD0007,V022,CC05,FOR0091,DOC108477,13190.88,Despesa
2025-05-15,CLI0175,PRD0021,V008,CC02,,DOC108478,5338.35,Receita
2025-01-22,CLI0096,PRD0144,V023,CC04,FOR0048,DOC108479,21566.88,Despesa
2023-05-30,CLI0008,PRD0173,V018,CC10,FOR0009,DOC108480,2001.77,Despesa
2025-02-09,CLI0249,PRD0061,V011,CC06,,DOC108481,463.47,Receita
2023-03-15,CLI0211,PRD0075,V019,CC08,FOR0072,DOC108482,16697.45,Despesa
2023-02-28,CLI0187,PRD0068,V017,CC10,,DOC108483,3158.46,Receita
2023-09-04,CLI0005,PRD0040,V025,CC01,FOR0030,DOC108484,16887.25,Despesa
2026-06-01,CLI0261,PRD0170,V027,CC05,FOR0003,DOC108485,6538.91,Despesa
2023-09-01,CLI0139,PRD0156,V026,CC03,,DOC108486,11326.73,Receita
2023-02-28,CLI0218,PRD0016,V004,CC06,,DOC108487,267.05,Receita
2026-04-06,CLI0148,PRD0066,V021,CC04,,DOC108488,15343.04,Receita
2026-09-14,CLI0294,PRD0114,V017,CC10,FOR0030,DOC108489,11628.83,Despesa
2026-03-30,CLI0109,PRD0146,V007,CC06,,DOC108490,5942.9,Receita
2026-03-18,CLI0214,PRD0103,V007,CC10,FOR0015,DOC108491,3422.19,Despesa
2026-08-07,CLI0169,PRD0009,V022,CC01,,DOC108492,9936.94,Receita
2025-03-02,CLI0074,PRD0065,V006,CC08,FOR0100,DOC108493,1253.0,Despesa
2024-11-08,CLI0233,PRD0008,V016,CC09,,DOC108494,19008.03,Receita
2025-10-15,CLI0014,PRD0175,V001,CC03,FOR0012,DOC108495,17704.5,Despesa
2023-07-31,CLI0186,PRD0139,V002,CC05,,DOC108496,490.75,Receita
2025-05-03,CLI0096,PRD0095,V021,CC10,FOR0085,DOC108497,9746.84,Despesa
2026-11-22,CLI0202,PRD0083,V012,CC04,,DOC108498,18843.34,Receita
2024-10-28,CLI0249,PRD0123,V001,CC02,FOR0029,DOC108499,23017.92,Despesa
2023-02-21,CLI0280,PRD0027,V013,CC02,,DOC108500,15311.78,Receita
2023-05-18,CLI0153,PRD0172,V011,CC02,FOR0060,DOC108501,25950.1,Despesa
2025-10-09,CLI0283,PRD0060,V026,CC01,,DOC108502,18040.66,Receita
2023-09-23,CLI0184,PRD0198,V023,CC02,,DOC108503,661.72,Receita
2025-02-04,CLI0128,PRD0105,V022,CC01,FOR0073,DOC108504,18664.89,Despesa
2024-02-02,CLI0038,PRD0083,V008,CC01,FOR0076,DOC108505,24629.14,Despesa
2024-06-25,CLI0144,PRD0140,V001,CC03,FOR0065,DOC108506,23174.09,Despesa
2023-08-30,CLI0266,PRD0142,V024,CC07,,DOC108507,12599.78,Receita
2025-12-18,CLI0078,PRD0117,V008,CC06,FOR0078,DOC108508,20867.76,Despesa
2023-12-22,CLI0169,PRD0129,V024,CC09,FOR0001,DOC108509,20887.64,Despesa
2025-09-10,CLI0191,PRD0034,V030,CC01,FOR0035,DOC108510,28824.66,Despesa
2026-11-25,CLI0259,PRD0030,V023,CC03,,DOC108511,18845.44,Receita
2023-09-28,CLI0237,PRD0084,V013,CC03,,DOC108512,20519.95,Receita
2023-08-18,CLI0048,PRD0045,V026,CC07,,DOC108513,5991.01,Receita
2024-09-08,CLI0061,PRD0170,V006,CC05,,DOC108514,7255.61,Receita
2023-12-13,CLI0198,PRD0187,V029,CC02,FOR0078,DOC108515,29528.13,Despesa
2025-12-31,CLI0284,PRD0161,V017,CC09,FOR0059,DOC108516,27457.51,Despesa
2025-02-15,CLI0225,PRD0180,V022,CC07,FOR0081,DOC108517,20392.4,Despesa
2024-02-19,CLI0246,PRD0115,V003,CC09,FOR0065,DOC108518,28512.19,Despesa
2025-06-18,CLI0132,PRD0049,V003,CC09,FOR0095,DOC108519,24048.59,Despesa
2024-07-19,CLI0186,PRD0140,V009,CC02,,DOC108520,18837.39,Receita
2023-08-05,CLI0096,PRD0095,V020,CC04,,DOC108521,13253.32,Receita
2024-02-11,CLI0025,PRD0015,V025,CC03,FOR0053,DOC108522,19915.11,Despesa
2024-01-17,CLI0285,PRD0055,V015,CC09,,DOC108523,20934.66,Receita
2023-01-16,CLI0256,PRD0091,V020,CC01,FOR0077,DOC108524,15396.4,Despesa
2024-07-01,CLI0170,PRD0032,V020,CC04,,DOC108525,16796.23,Receita
2026-08-27,CLI0269,PRD0063,V013,CC07,,DOC108526,11874.22,Receita
2023-11-09,CLI0268,PRD0088,V018,CC09,FOR0026,DOC108527,9979.18,Despesa
2023-12-15,CLI0051,PRD0098,V024,CC10,FOR0002,DOC108528,8455.56,Despesa
2026-09-18,CLI0180,PRD0001,V017,CC02,FOR0001,DOC108529,22241.89,Despesa
2026-06-15,CLI0064,PRD0018,V025,CC05,FOR0088,DOC108530,12169.93,Despesa
2026-04-11,CLI0164,PRD0002,V018,CC10,,DOC108531,23136.27,Receita
2023-12-19,CLI0025,PRD0060,V030,CC01,FOR0014,DOC108532,14916.23,Despesa
2023-03-24,CLI0121,PRD0077,V010,CC04,,DOC108533,10229.68,Receita
2024-08-02,CLI0092,PRD0037,V019,CC01,FOR0061,DOC108534,3180.84,Despesa
2023-02-15,CLI0130,PRD0183,V023,CC08,,DOC108535,6959.72,Receita
2023-03-06,CLI0002,PRD0092,V017,CC09,,DOC108536,172.15,Receita
2023-01-21,CLI0068,PRD0043,V028,CC03,,DOC108537,10163.3,Receita
2024-07-03,CLI0078,PRD0150,V022,CC08,FOR0049,DOC108538,3739.62,Despesa
2024-11-06,CLI0034,PRD0028,V001,CC05,,DOC108539,29013.31,Receita
2023-09-26,CLI0156,PRD0145,V013,CC07,FOR0019,DOC108540,23914.88,Despesa
2023-10-06,CLI0004,PRD0081,V014,CC05,FOR0091,DOC108541,25133.83,Despesa
2024-10-10,CLI0152,PRD0149,V024,CC10,FOR0072,DOC108542,17889.98,Despesa
2026-11-19,CLI0267,PRD0045,V026,CC10,FOR0085,DOC108543,18365.15,Despesa
2024-09-21,CLI0027,PRD0137,V013,CC02,FOR0088,DOC108544,1356.54,Despesa
2024-12-27,CLI0291,PRD0017,V003,CC06,,DOC108545,16900.57,Receita
2026-01-03,CLI0097,PRD0129,V010,CC09,,DOC108546,25720.72,Receita
2024-01-06,CLI0114,PRD0167,V024,CC01,FOR0098,DOC108547,11293.83,Despesa
2024-01-28,CLI0063,PRD0118,V024,CC03,,DOC108548,3791.88,Receita
2023-06-18,CLI0202,PRD0005,V024,CC07,FOR0036,DOC108549,22233.83,Despesa
2025-02-05,CLI0028,PRD0062,V003,CC02,,DOC108550,6842.07,Receita
2025-06-05,CLI0281,PRD0043,V007,CC08,,DOC108551,16980.02,Receita
2025-06-18,CLI0020,PRD0014,V015,CC05,FOR0026,DOC108552,11570.9,Despesa
2023-06-11,CLI0180,PRD0167,V016,CC02,,DOC108553,14101.94,Receita
2023-09-12,CLI0295,PRD0076,V018,CC08,,DOC108554,10520.07,Receita
2023-05-26,CLI0156,PRD0120,V017,CC02,FOR0034,DOC108555,8889.0,Despesa
2025-02-11,CLI0086,PRD0195,V014,CC08,FOR0065,DOC108556,14677.17,Despesa
2025-01-07,CLI0192,PRD0029,V001,CC09,,DOC108557,17236.58,Receita
2023-07-01,CLI0202,PRD0145,V001,CC07,,DOC108558,7209.28,Receita
2026-06-20,CLI0246,PRD0093,V028,CC03,,DOC108559,29482.08,Receita
2025-03-13,CLI0287,PRD0098,V005,CC07,FOR0008,DOC108560,13703.64,Despesa
2026-05-30,CLI0027,PRD0077,V004,CC07,FOR0072,DOC108561,17715.42,Despesa
2026-06-03,CLI0137,PRD0094,V028,CC04,,DOC108562,18474.71,Receita
2023-05-26,CLI0110,PRD0151,V017,CC01,,DOC108563,3117.41,Receita
2026-01-03,CLI0228,PRD0093,V023,CC05,,DOC108564,3267.56,Receita
2025-04-05,CLI0116,PRD0159,V012,CC04,,DOC108565,6585.95,Receita
2026-11-23,CLI0183,PRD0009,V005,CC08,FOR0098,DOC108566,2291.84,Despesa
2025-11-20,CLI0074,PRD0064,V025,CC08,,DOC108567,1658.6,Receita
2023-09-02,CLI0274,PRD0030,V015,CC08,FOR0016,DOC108568,26606.57,Despesa
2025-04-14,CLI0107,PRD0196,V009,CC07,FOR0001,DOC108569,20082.04,Despesa
2026-06-07,CLI0196,PRD0073,V027,CC08,,DOC108570,7496.54,Receita
2024-08-01,CLI0209,PRD0196,V004,CC06,,DOC108571,22024.92,Receita
2025-02-04,CLI0234,PRD0126,V012,CC05,,DOC108572,29221.94,Receita
2024-03-11,CLI0205,PRD0125,V021,CC09,FOR0001,DOC108573,17597.2,Despesa
2023-12-04,CLI0028,PRD0002,V014,CC01,,DOC108574,19961.2,Receita
2025-07-19,CLI0189,PRD0104,V007,CC03,FOR0033,DOC108575,16670.32,Despesa
2023-12-28,CLI0285,PRD0028,V009,CC05,,DOC108576,24636.57,Receita
2025-07-07,CLI0149,PRD0067,V015,CC01,FOR0008,DOC108577,20194.84,Despesa
2023-03-14,CLI0167,PRD0058,V014,CC01,FOR0041,DOC108578,827.1,Despesa
2023-01-15,CLI0184,PRD0058,V021,CC05,,DOC108579,25166.99,Receita
2024-07-19,CLI0042,PRD0185,V030,CC08,,DOC108580,10704.87,Receita
2024-02-12,CLI0003,PRD0188,V011,CC01,FOR0010,DOC108581,10490.43,Despesa
2023-02-19,CLI0014,PRD0072,V022,CC02,FOR0013,DOC108582,10594.99,Despesa
2026-12-24,CLI0055,PRD0154,V007,CC06,FOR0094,DOC108583,7305.63,Despesa
2026-07-08,CLI0119,PRD0023,V026,CC06,FOR0086,DOC108584,18593.36,Despesa
2024-03-03,CLI0290,PRD0200,V028,CC04,,DOC108585,14325.23,Receita
2025-07-26,CLI0162,PRD0048,V025,CC08,FOR0026,DOC108586,11661.18,Despesa
2024-08-20,CLI0146,PRD0092,V021,CC06,,DOC108587,18705.7,Receita
2026-11-18,CLI0209,PRD0014,V010,CC04,,DOC108588,10668.1,Receita
2024-07-01,CLI0077,PRD0199,V017,CC05,,DOC108589,20212.05,Receita
2024-07-01,CLI0024,PRD0011,V021,CC10,,DOC108590,22581.95,Receita
2025-05-04,CLI0057,PRD0196,V001,CC08,FOR0073,DOC108591,12143.11,Despesa
2026-05-09,CLI0216,PRD0132,V024,CC10,FOR0020,DOC108592,18836.59,Despesa
2024-11-18,CLI0235,PRD0125,V008,CC02,FOR0070,DOC108593,28696.29,Despesa
2023-04-28,CLI0179,PRD0150,V024,CC08,FOR0018,DOC108594,4693.18,Despesa
2023-03-03,CLI0248,PRD0024,V013,CC06,,DOC108595,17329.27,Receita
2025-06-02,CLI0088,PRD0130,V004,CC01,,DOC108596,19183.83,Receita
2026-05-14,CLI0006,PRD0155,V028,CC04,,DOC108597,16487.2,Receita
2026-12-18,CLI0109,PRD0018,V029,CC04,FOR0087,DOC108598,20289.27,Despesa
2024-01-19,CLI0273,PRD0122,V003,CC07,FOR0058,DOC108599,815.0,Despesa
2023-10-24,CLI0059,PRD0100,V016,CC10,,DOC108600,12080.81,Receita
2024-04-21,CLI0170,PRD0156,V010,CC10,,DOC108601,9102.11,Receita
2026-09-12,CLI0057,PRD0125,V023,CC04,FOR0081,DOC108602,15748.42,Despesa
2024-07-25,CLI0252,PRD0009,V016,CC05,,DOC108603,6803.21,Receita
2024-02-21,CLI0118,PRD0170,V007,CC02,FOR0049,DOC108604,668.62,Despesa
2026-11-22,CLI0207,PRD0038,V001,CC07,FOR0089,DOC108605,12032.18,Despesa
2026-01-30,CLI0084,PRD0074,V026,CC08,FOR0049,DOC108606,28470.72,Despesa
2024-12-06,CLI0255,PRD0111,V020,CC09,FOR0047,DOC108607,27538.94,Despesa
2023-10-28,CLI0252,PRD0161,V028,CC05,FOR0085,DOC108608,2376.11,Despesa
2023-05-13,CLI0013,PRD0070,V019,CC09,FOR0062,DOC108609,20565.78,Despesa
2026-10-09,CLI0140,PRD0199,V014,CC10,FOR0063,DOC108610,12645.01,Despesa
2023-06-26,CLI0281,PRD0021,V004,CC06,,DOC108611,4638.95,Receita
2026-02-21,CLI0222,PRD0109,V010,CC08,,DOC108612,4639.43,Receita
2025-04-29,CLI0029,PRD0042,V022,CC08,,DOC108613,4396.64,Receita
2023-12-06,CLI0208,PRD0137,V001,CC03,,DOC108614,20397.01,Receita
2026-12-10,CLI0096,PRD0112,V024,CC09,,DOC108615,10968.78,Receita
2025-12-23,CLI0002,PRD0122,V005,CC05,FOR0057,DOC108616,349.55,Despesa
2026-01-28,CLI0253,PRD0079,V009,CC02,,DOC108617,6380.91,Receita
2024-04-28,CLI0291,PRD0126,V004,CC04,FOR0095,DOC108618,6709.64,Despesa
2026-06-05,CLI0160,PRD0031,V013,CC05,,DOC108619,19151.93,Receita
2025-12-09,CLI0296,PRD0146,V017,CC01,,DOC108620,17834.67,Receita
2026-04-14,CLI0099,PRD0008,V016,CC03,FOR0009,DOC108621,19925.57,Despesa
2024-05-15,CLI0048,PRD0109,V013,CC03,FOR0099,DOC108622,24283.85,Despesa
2023-06-20,CLI0124,PRD0199,V025,CC01,FOR0058,DOC108623,5169.29,Despesa
2026-10-17,CLI0140,PRD0064,V003,CC08,,DOC108624,16154.76,Receita
2026-01-30,CLI0122,PRD0189,V002,CC02,FOR0002,DOC108625,7381.67,Despesa
2023-04-08,CLI0208,PRD0098,V009,CC02,FOR0087,DOC108626,1642.19,Despesa
2023-11-02,CLI0049,PRD0045,V002,CC10,,DOC108627,17821.65,Receita
2025-03-30,CLI0031,PRD0108,V014,CC09,,DOC108628,26733.14,Receita
2024-01-17,CLI0088,PRD0087,V001,CC06,,DOC108629,29200.52,Receita
2023-08-26,CLI0061,PRD0104,V029,CC04,,DOC108630,5566.4,Receita
2023-10-20,CLI0200,PRD0019,V012,CC08,,DOC108631,27088.52,Receita
2026-01-11,CLI0085,PRD0004,V001,CC09,,DOC108632,25578.74,Receita
2025-08-30,CLI0011,PRD0044,V020,CC10,FOR0093,DOC108633,28772.55,Despesa
2023-12-30,CLI0161,PRD0016,V018,CC10,,DOC108634,8990.77,Receita
2025-04-21,CLI0175,PRD0013,V021,CC10,FOR0016,DOC108635,20672.69,Despesa
2026-09-17,CLI0205,PRD0197,V002,CC09,,DOC108636,26710.43,Receita
2026-09-11,CLI0210,PRD0161,V028,CC03,,DOC108637,22771.32,Receita
2026-03-29,CLI0164,PRD0061,V014,CC03,,DOC108638,4151.11,Receita
2026-05-12,CLI0003,PRD0165,V014,CC06,,DOC108639,6107.47,Receita
2024-07-26,CLI0034,PRD0121,V028,CC09,FOR0069,DOC108640,20964.37,Despesa
2025-08-20,CLI0061,PRD0043,V005,CC08,FOR0049,DOC108641,21557.94,Despesa
2026-12-29,CLI0174,PRD0148,V016,CC05,,DOC108642,7340.62,Receita
2025-04-12,CLI0180,PRD0016,V022,CC07,FOR0064,DOC108643,9779.95,Despesa
2023-01-28,CLI0069,PRD0132,V022,CC07,,DOC108644,12249.72,Receita
2023-07-08,CLI0117,PRD0130,V007,CC08,,DOC108645,25359.9,Receita
2025-03-03,CLI0112,PRD0108,V018,CC08,FOR0079,DOC108646,25592.25,Despesa
2026-10-26,CLI0194,PRD0143,V011,CC08,FOR0044,DOC108647,7545.36,Despesa
2026-12-28,CLI0058,PRD0023,V026,CC04,FOR0020,DOC108648,20636.95,Despesa
2024-12-24,CLI0007,PRD0033,V029,CC07,FOR0083,DOC108649,4616.75,Despesa
2024-04-15,CLI0101,PRD0131,V022,CC03,FOR0013,DOC108650,19403.33,Despesa
2023-07-17,CLI0299,PRD0042,V029,CC08,FOR0036,DOC108651,3298.0,Despesa
2023-09-03,CLI0203,PRD0053,V008,CC03,,DOC108652,5931.34,Receita
2024-07-29,CLI0089,PRD0029,V012,CC06,,DOC108653,27551.51,Receita
2026-06-24,CLI0065,PRD0111,V019,CC06,FOR0038,DOC108654,23022.21,Despesa
2024-04-02,CLI0145,PRD0024,V019,CC07,FOR0081,DOC108655,29134.77,Despesa
2024-07-05,CLI0100,PRD0015,V030,CC03,FOR0094,DOC108656,29751.34,Despesa
2026-01-13,CLI0139,PRD0174,V018,CC04,FOR0069,DOC108657,18202.91,Despesa
2026-06-22,CLI0071,PRD0015,V002,CC07,FOR0078,DOC108658,13588.51,Despesa
2026-01-13,CLI0076,PRD0117,V002,CC08,,DOC108659,19560.44,Receita
2023-02-03,CLI0181,PRD0200,V009,CC01,FOR0031,DOC108660,13541.5,Despesa
2024-03-24,CLI0043,PRD0018,V007,CC10,FOR0031,DOC108661,29918.42,Despesa
2026-04-14,CLI0220,PRD0044,V008,CC08,FOR0038,DOC108662,20721.45,Despesa
2024-07-04,CLI0026,PRD0149,V023,CC10,FOR0053,DOC108663,6380.13,Despesa
2023-03-22,CLI0033,PRD0009,V012,CC05,,DOC108664,8639.28,Receita
2023-07-21,CLI0239,PRD0165,V029,CC08,,DOC108665,18179.08,Receita
2023-02-01,CLI0116,PRD0089,V012,CC01,FOR0033,DOC108666,6763.37,Despesa
2025-05-03,CLI0218,PRD0150,V006,CC01,,DOC108667,19435.23,Receita
2024-11-07,CLI0035,PRD0110,V004,CC03,,DOC108668,29744.09,Receita
2025-07-08,CLI0109,PRD0196,V006,CC09,,DOC108669,16706.42,Receita
2023-04-05,CLI0145,PRD0172,V025,CC10,FOR0064,DOC108670,4273.96,Despesa
2026-02-13,CLI0194,PRD0156,V006,CC05,FOR0003,DOC108671,1230.29,Despesa
2024-11-11,CLI0240,PRD0189,V007,CC06,FOR0074,DOC108672,7793.33,Despesa
2026-02-01,CLI0286,PRD0082,V025,CC06,,DOC108673,10974.72,Receita
2025-03-22,CLI0252,PRD0107,V023,CC04,,DOC108674,14377.05,Receita
2024-07-20,CLI0256,PRD0105,V025,CC10,,DOC108675,1321.21,Receita
2026-12-09,CLI0019,PRD0040,V007,CC03,,DOC108676,13135.82,Receita
2023-05-24,CLI0059,PRD0002,V014,CC10,FOR0067,DOC108677,19695.9,Despesa
2026-10-09,CLI0026,PRD0070,V028,CC01,FOR0044,DOC108678,10026.61,Despesa
2023-04-08,CLI0288,PRD0044,V005,CC04,FOR0061,DOC108679,2470.55,Despesa
2026-12-14,CLI0189,PRD0164,V021,CC01,FOR0075,DOC108680,5996.97,Despesa
2024-08-29,CLI0248,PRD0103,V024,CC04,FOR0097,DOC108681,18382.27,Despesa
2026-05-09,CLI0230,PRD0132,V020,CC08,FOR0085,DOC108682,29855.78,Despesa
2026-08-07,CLI0244,PRD0042,V001,CC06,FOR0035,DOC108683,20968.82,Despesa
2023-01-24,CLI0026,PRD0090,V013,CC06,FOR0090,DOC108684,17062.82,Despesa
2025-06-03,CLI0209,PRD0021,V008,CC02,,DOC108685,1991.09,Receita
2023-03-24,CLI0051,PRD0003,V024,CC01,FOR0073,DOC108686,9089.53,Despesa
2024-07-01,CLI0192,PRD0146,V002,CC04,,DOC108687,28816.42,Receita
2023-11-11,CLI0243,PRD0131,V023,CC06,FOR0048,DOC108688,12636.28,Despesa
2026-10-28,CLI0201,PRD0073,V020,CC09,,DOC108689,12468.28,Receita
2026-09-24,CLI0004,PRD0067,V012,CC10,,DOC108690,4682.52,Receita
2024-03-24,CLI0235,PRD0144,V012,CC07,FOR0018,DOC108691,13137.03,Despesa
2023-02-15,CLI0145,PRD0121,V022,CC10,FOR0057,DOC108692,26293.04,Despesa
2024-01-01,CLI0256,PRD0095,V028,CC09,,DOC108693,29155.2,Receita
2026-06-06,CLI0012,PRD0081,V012,CC06,FOR0060,DOC108694,17740.91,Despesa
2026-10-29,CLI0008,PRD0128,V027,CC10,FOR0079,DOC108695,19233.37,Despesa
2026-01-11,CLI0227,PRD0060,V018,CC06,FOR0018,DOC108696,29998.55,Despesa
2025-12-07,CLI0300,PRD0128,V015,CC01,,DOC108697,11846.11,Receita
2025-10-03,CLI0232,PRD0146,V013,CC03,,DOC108698,26073.03,Receita
2025-01-18,CLI0173,PRD0106,V011,CC06,,DOC108699,17490.59,Receita
2023-02-23,CLI0291,PRD0133,V016,CC08,FOR0066,DOC108700,2394.32,Despesa
2025-11-11,CLI0145,PRD0020,V023,CC05,,DOC108701,7532.71,Receita
2026-10-07,CLI0280,PRD0170,V001,CC04,,DOC108702,11573.71,Receita
2023-11-30,CLI0010,PRD0084,V023,CC01,,DOC108703,9738.1,Receita
2023-03-05,CLI0258,PRD0177,V002,CC03,,DOC108704,3361.62,Receita
2023-06-04,CLI0204,PRD0165,V024,CC02,FOR0035,DOC108705,28900.76,Despesa
2023-02-04,CLI0156,PRD0060,V015,CC05,FOR0084,DOC108706,5334.19,Despesa
2023-10-30,CLI0107,PRD0079,V026,CC03,FOR0034,DOC108707,13507.03,Despesa
2023-12-15,CLI0259,PRD0123,V011,CC02,,DOC108708,14597.89,Receita
2025-12-25,CLI0197,PRD0116,V001,CC03,FOR0028,DOC108709,23532.49,Despesa
2023-12-22,CLI0065,PRD0143,V021,CC10,,DOC108710,28673.21,Receita
2023-05-26,CLI0157,PRD0002,V005,CC03,FOR0081,DOC108711,4039.05,Despesa
2026-08-16,CLI0199,PRD0020,V017,CC05,FOR0014,DOC108712,1843.37,Despesa
2023-09-12,CLI0063,PRD0196,V013,CC06,,DOC108713,21586.66,Receita
2025-12-21,CLI0085,PRD0164,V025,CC07,FOR0071,DOC108714,9266.07,Despesa
2026-07-07,CLI0078,PRD0180,V026,CC07,,DOC108715,1288.72,Receita
2025-04-16,CLI0261,PRD0083,V017,CC06,FOR0030,DOC108716,5000.95,Despesa
2024-09-26,CLI0283,PRD0051,V003,CC02,,DOC108717,15042.31,Receita
2026-01-12,CLI0233,PRD0041,V028,CC10,,DOC108718,29861.73,Receita
2025-04-01,CLI0074,PRD0182,V023,CC10,FOR0091,DOC108719,15218.6,Despesa
2023-09-20,CLI0044,PRD0062,V017,CC05,,DOC108720,7992.05,Receita
2024-09-23,CLI0231,PRD0001,V029,CC04,,DOC108721,5729.34,Receita
2026-08-26,CLI0274,PRD0070,V023,CC10,FOR0016,DOC108722,28927.74,Despesa
2026-12-03,CLI0038,PRD0086,V006,CC03,FOR0031,DOC108723,11226.08,Despesa
2023-03-08,CLI0137,PRD0045,V027,CC10,,DOC108724,6783.51,Receita
2026-08-16,CLI0008,PRD0083,V007,CC10,FOR0002,DOC108725,15881.88,Despesa
2024-07-26,CLI0018,PRD0117,V019,CC05,,DOC108726,10927.11,Receita
2023-10-16,CLI0274,PRD0130,V017,CC09,,DOC108727,28688.67,Receita
2025-02-17,CLI0262,PRD0163,V019,CC07,,DOC108728,15700.03,Receita
2024-01-28,CLI0058,PRD0198,V006,CC01,,DOC108729,8387.8,Receita
2025-11-30,CLI0231,PRD0043,V005,CC07,,DOC108730,6211.8,Receita
2023-09-10,CLI0211,PRD0053,V028,CC04,,DOC108731,16546.72,Receita
2023-08-13,CLI0063,PRD0043,V001,CC09,,DOC108732,26069.36,Receita
2025-08-22,CLI0095,PRD0014,V029,CC01,FOR0023,DOC108733,15270.14,Despesa
2023-02-24,CLI0286,PRD0075,V015,CC02,FOR0015,DOC108734,5863.74,Despesa
2025-11-22,CLI0143,PRD0144,V004,CC05,FOR0073,DOC108735,7931.19,Despesa
2026-08-25,CLI0087,PRD0074,V024,CC09,,DOC108736,19705.81,Receita
2026-01-14,CLI0123,PRD0093,V014,CC06,FOR0063,DOC108737,146.58,Despesa
2023-05-11,CLI0023,PRD0119,V013,CC02,FOR0036,DOC108738,27209.93,Despesa
2026-01-10,CLI0023,PRD0044,V019,CC09,FOR0061,DOC108739,15629.08,Despesa
2023-05-28,CLI0204,PRD0030,V014,CC02,,DOC108740,13570.21,Receita
2025-02-22,CLI0081,PRD0057,V018,CC07,,DOC108741,6991.7,Receita
2026-12-17,CLI0233,PRD0171,V006,CC09,FOR0031,DOC108742,8772.82,Despesa
2023-12-27,CLI0037,PRD0166,V005,CC03,FOR0051,DOC108743,18457.7,Despesa
2024-08-03,CLI0186,PRD0188,V003,CC10,FOR0027,DOC108744,6290.47,Despesa
2025-08-29,CLI0187,PRD0074,V024,CC01,FOR0012,DOC108745,1394.16,Despesa
2025-05-17,CLI0153,PRD0198,V007,CC05,,DOC108746,433.83,Receita
2024-11-11,CLI0184,PRD0010,V010,CC04,FOR0096,DOC108747,4727.0,Despesa
2023-05-06,CLI0143,PRD0053,V007,CC09,,DOC108748,14246.72,Receita
2023-03-05,CLI0157,PRD0162,V024,CC08,FOR0097,DOC108749,8724.36,Despesa
2026-01-20,CLI0161,PRD0061,V029,CC10,FOR0057,DOC108750,1582.8,Despesa
2023-10-18,CLI0153,PRD0032,V021,CC02,,DOC108751,10532.69,Receita
2024-10-23,CLI0186,PRD0140,V028,CC02,FOR0079,DOC108752,4785.38,Despesa
2025-05-25,CLI0094,PRD0104,V029,CC06,,DOC108753,2434.03,Receita
2026-11-03,CLI0288,PRD0053,V021,CC09,FOR0051,DOC108754,2550.47,Despesa
2024-02-11,CLI0282,PRD0028,V002,CC03,,DOC108755,19271.16,Receita
2025-09-10,CLI0160,PRD0023,V005,CC09,,DOC108756,3786.16,Receita
2026-03-24,CLI0241,PRD0033,V001,CC06,FOR0010,DOC108757,13262.62,Despesa
2025-07-13,CLI0273,PRD0118,V014,CC04,FOR0078,DOC108758,12912.98,Despesa
2024-02-19,CLI0273,PRD0005,V017,CC08,FOR0067,DOC108759,10448.01,Despesa
2024-08-11,CLI0091,PRD0174,V011,CC01,FOR0013,DOC108760,9813.87,Despesa
2025-06-30,CLI0272,PRD0005,V010,CC09,FOR0010,DOC108761,12355.88,Despesa
2023-03-23,CLI0058,PRD0156,V016,CC05,,DOC108762,13963.96,Receita
2026-03-28,CLI0081,PRD0182,V010,CC04,FOR0099,DOC108763,16565.39,Despesa
2023-07-21,CLI0179,PRD0127,V005,CC01,FOR0059,DOC108764,29061.15,Despesa
2024-08-20,CLI0064,PRD0004,V024,CC07,FOR0090,DOC108765,26744.44,Despesa
2026-12-24,CLI0170,PRD0019,V027,CC01,FOR0025,DOC108766,21314.67,Despesa
2023-08-20,CLI0149,PRD0054,V008,CC09,,DOC108767,25686.8,Receita
2023-03-15,CLI0265,PRD0114,V010,CC04,FOR0038,DOC108768,4779.44,Despesa
2026-11-19,CLI0236,PRD0022,V007,CC10,,DOC108769,8852.65,Receita
2024-03-15,CLI0243,PRD0061,V009,CC02,,DOC108770,7687.76,Receita
2026-06-18,CLI0260,PRD0088,V026,CC04,,DOC108771,2999.56,Receita
2023-01-03,CLI0216,PRD0007,V020,CC01,,DOC108772,10937.03,Receita
2026-12-14,CLI0271,PRD0093,V024,CC02,FOR0037,DOC108773,19728.56,Despesa
2023-01-22,CLI0169,PRD0188,V001,CC01,,DOC108774,24165.86,Receita
2023-01-20,CLI0219,PRD0086,V008,CC07,,DOC108775,13611.93,Receita
2024-11-02,CLI0139,PRD0145,V015,CC10,FOR0056,DOC108776,20784.0,Despesa
2024-04-16,CLI0148,PRD0199,V005,CC06,FOR0033,DOC108777,25656.59,Despesa
2024-11-14,CLI0094,PRD0199,V001,CC01,,DOC108778,16410.66,Receita
2026-11-12,CLI0111,PRD0042,V026,CC09,FOR0044,DOC108779,4587.46,Despesa
2024-10-21,CLI0164,PRD0144,V007,CC09,FOR0030,DOC108780,5300.9,Despesa
2026-11-17,CLI0085,PRD0007,V008,CC04,FOR0072,DOC108781,28172.65,Despesa
2024-10-25,CLI0079,PRD0083,V015,CC01,FOR0017,DOC108782,14517.86,Despesa
2024-07-19,CLI0181,PRD0179,V026,CC04,,DOC108783,25095.37,Receita
2023-10-24,CLI0023,PRD0185,V023,CC01,,DOC108784,20255.3,Receita
2024-04-01,CLI0154,PRD0046,V008,CC04,,DOC108785,20348.77,Receita
2025-08-28,CLI0100,PRD0188,V027,CC07,FOR0026,DOC108786,4240.3,Despesa
2023-01-29,CLI0188,PRD0158,V027,CC03,,DOC108787,19082.81,Receita
2025-06-22,CLI0237,PRD0193,V013,CC04,FOR0002,DOC108788,23771.27,Despesa
2024-07-24,CLI0091,PRD0001,V018,CC05,FOR0059,DOC108789,27575.56,Despesa
2026-03-10,CLI0115,PRD0034,V020,CC03,FOR0041,DOC108790,13773.54,Despesa
2023-06-20,CLI0118,PRD0063,V005,CC09,FOR0043,DOC108791,29955.95,Despesa
2025-09-22,CLI0129,PRD0112,V010,CC07,FOR0052,DOC108792,23769.01,Despesa
2024-06-22,CLI0121,PRD0167,V008,CC02,FOR0054,DOC108793,3959.37,Despesa
2024-09-09,CLI0136,PRD0108,V005,CC09,FOR0003,DOC108794,16437.45,Despesa
2025-01-06,CLI0173,PRD0048,V028,CC07,FOR0001,DOC108795,29335.49,Despesa
2024-10-24,CLI0159,PRD0194,V013,CC07,FOR0091,DOC108796,22883.69,Despesa
2023-09-23,CLI0235,PRD0144,V024,CC10,,DOC108797,27222.01,Receita
2026-11-27,CLI0183,PRD0095,V015,CC04,,DOC108798,7991.88,Receita
2023-06-13,CLI0184,PRD0197,V001,CC08,,DOC108799,14254.43,Receita
2024-05-02,CLI0186,PRD0009,V027,CC05,FOR0064,DOC108800,22159.24,Despesa
2025-06-24,CLI0235,PRD0197,V024,CC05,FOR0058,DOC108801,3113.1,Despesa
2023-01-23,CLI0235,PRD0023,V021,CC05,,DOC108802,15869.67,Receita
2024-05-04,CLI0286,PRD0066,V008,CC06,FOR0087,DOC108803,9359.96,Despesa
2025-04-19,CLI0013,PRD0001,V008,CC10,FOR0051,DOC108804,1141.0,Despesa
2026-01-07,CLI0257,PRD0086,V017,CC07,,DOC108805,9560.42,Receita
2023-05-13,CLI0083,PRD0047,V016,CC02,FOR0001,DOC108806,17045.5,Despesa
2026-09-25,CLI0006,PRD0170,V029,CC05,FOR0041,DOC108807,11076.76,Despesa
2023-03-19,CLI0238,PRD0172,V006,CC05,,DOC108808,14219.98,Receita
2025-04-12,CLI0108,PRD0034,V025,CC03,FOR0013,DOC108809,3929.89,Despesa
2025-10-04,CLI0173,PRD0181,V017,CC05,FOR0054,DOC108810,16990.08,Despesa
2026-05-14,CLI0054,PRD0071,V002,CC05,,DOC108811,6754.55,Receita
2026-05-13,CLI0115,PRD0158,V019,CC07,FOR0042,DOC108812,15974.3,Despesa
2024-01-09,CLI0240,PRD0160,V011,CC06,FOR0034,DOC108813,548.18,Despesa
2026-05-27,CLI0285,PRD0085,V026,CC08,FOR0051,DOC108814,24591.95,Despesa
2025-02-24,CLI0259,PRD0062,V001,CC09,FOR0026,DOC108815,23322.18,Despesa
2024-12-13,CLI0122,PRD0107,V028,CC01,FOR0069,DOC108816,19392.71,Despesa
2025-08-11,CLI0037,PRD0094,V016,CC10,FOR0079,DOC108817,7882.54,Despesa
2026-05-12,CLI0013,PRD0199,V026,CC08,FOR0073,DOC108818,4239.68,Despesa
2026-07-28,CLI0038,PRD0116,V025,CC02,FOR0005,DOC108819,29371.06,Despesa
2026-06-24,CLI0064,PRD0018,V010,CC10,FOR0067,DOC108820,4185.32,Despesa
2024-07-17,CLI0080,PRD0029,V003,CC05,,DOC108821,16395.36,Receita
2025-05-15,CLI0204,PRD0098,V007,CC03,FOR0040,DOC108822,19982.68,Despesa
2024-05-17,CLI0164,PRD0099,V021,CC06,FOR0024,DOC108823,23705.39,Despesa
2023-05-12,CLI0130,PRD0068,V002,CC03,FOR0031,DOC108824,29322.94,Despesa
2026-07-10,CLI0295,PRD0019,V005,CC01,FOR0020,DOC108825,27880.28,Despesa
2026-10-18,CLI0038,PRD0100,V020,CC09,,DOC108826,10746.57,Receita
2024-01-04,CLI0076,PRD0032,V007,CC02,,DOC108827,9475.91,Receita
2026-05-08,CLI0112,PRD0175,V007,CC05,FOR0023,DOC108828,14011.08,Despesa
2023-02-06,CLI0279,PRD0068,V021,CC03,FOR0083,DOC108829,6037.66,Despesa
2025-09-21,CLI0248,PRD0007,V025,CC08,,DOC108830,29394.13,Receita
2024-09-23,CLI0021,PRD0026,V004,CC05,,DOC108831,19414.02,Receita
2026-11-25,CLI0221,PRD0079,V010,CC06,,DOC108832,4663.83,Receita
2026-12-05,CLI0229,PRD0122,V011,CC08,FOR0013,DOC108833,10179.86,Despesa
2026-04-25,CLI0015,PRD0090,V024,CC03,FOR0047,DOC108834,21733.16,Despesa
2026-02-19,CLI0264,PRD0189,V005,CC01,,DOC108835,25566.3,Receita
2023-12-17,CLI0211,PRD0050,V008,CC05,,DOC108836,6561.69,Receita
2024-01-08,CLI0085,PRD0155,V014,CC01,FOR0006,DOC108837,27713.46,Despesa
2023-11-02,CLI0137,PRD0189,V012,CC04,FOR0012,DOC108838,25059.83,Despesa
2024-05-05,CLI0097,PRD0170,V010,CC07,,DOC108839,4301.62,Receita
2023-07-13,CLI0032,PRD0165,V006,CC10,,DOC108840,27417.85,Receita
2023-05-17,CLI0281,PRD0051,V029,CC02,,DOC108841,3037.91,Receita
2023-06-30,CLI0154,PRD0116,V016,CC09,,DOC108842,5436.36,Receita
2023-07-22,CLI0159,PRD0107,V011,CC05,FOR0032,DOC108843,15417.6,Despesa
2026-02-16,CLI0244,PRD0159,V007,CC04,FOR0059,DOC108844,2566.48,Despesa
2025-01-16,CLI0135,PRD0035,V017,CC08,FOR0030,DOC108845,2254.99,Despesa
2026-10-25,CLI0148,PRD0165,V003,CC05,FOR0077,DOC108846,23131.43,Despesa
2024-12-11,CLI0067,PRD0032,V017,CC08,FOR0011,DOC108847,11998.45,Despesa
2023-05-02,CLI0115,PRD0076,V001,CC10,,DOC108848,7820.13,Receita
2026-06-06,CLI0192,PRD0095,V006,CC10,,DOC108849,19358.67,Receita
2025-05-11,CLI0157,PRD0118,V022,CC06,FOR0008,DOC108850,23891.29,Despesa
2025-05-05,CLI0022,PRD0181,V014,CC04,FOR0021,DOC108851,14002.22,Despesa
2025-04-12,CLI0197,PRD0150,V014,CC03,FOR0058,DOC108852,21407.3,Despesa
2024-06-24,CLI0115,PRD0041,V005,CC04,FOR0037,DOC108853,6508.06,Despesa
2024-08-10,CLI0083,PRD0135,V024,CC05,FOR0058,DOC108854,22807.61,Despesa
2023-07-07,CLI0063,PRD0056,V011,CC09,FOR0099,DOC108855,23908.4,Despesa
2025-06-13,CLI0154,PRD0033,V013,CC04,FOR0027,DOC108856,26935.69,Despesa
2026-01-20,CLI0061,PRD0154,V027,CC10,,DOC108857,19101.18,Receita
2026-01-07,CLI0098,PRD0126,V007,CC05,,DOC108858,12434.75,Receita
2025-01-11,CLI0233,PRD0001,V012,CC05,FOR0032,DOC108859,7749.52,Despesa
2024-02-14,CLI0249,PRD0016,V021,CC04,,DOC108860,25058.98,Receita
2026-10-21,CLI0233,PRD0187,V019,CC09,FOR0010,DOC108861,12470.28,Despesa
2024-09-24,CLI0278,PRD0138,V007,CC09,FOR0058,DOC108862,6062.16,Despesa
2026-03-03,CLI0188,PRD0103,V021,CC08,FOR0048,DOC108863,22374.72,Despesa
2025-08-17,CLI0031,PRD0139,V027,CC07,FOR0043,DOC108864,14670.8,Despesa
2026-05-06,CLI0056,PRD0003,V011,CC10,,DOC108865,20005.61,Receita
2025-05-25,CLI0270,PRD0014,V017,CC06,FOR0005,DOC108866,26059.38,Despesa
2023-05-26,CLI0153,PRD0111,V014,CC01,,DOC108867,8300.68,Receita
2024-12-13,CLI0130,PRD0150,V001,CC07,,DOC108868,27677.83,Receita
2025-06-05,CLI0203,PRD0042,V018,CC04,FOR0007,DOC108869,24167.36,Despesa
2025-02-06,CLI0105,PRD0075,V030,CC07,,DOC108870,21084.06,Receita
2025-12-08,CLI0263,PRD0181,V016,CC04,FOR0040,DOC108871,23335.2,Despesa
2023-07-30,CLI0162,PRD0115,V018,CC10,FOR0020,DOC108872,25095.53,Despesa
2024-06-03,CLI0238,PRD0183,V017,CC03,,DOC108873,12244.03,Receita
2024-03-20,CLI0158,PRD0097,V028,CC06,,DOC108874,12041.9,Receita
2024-04-09,CLI0257,PRD0171,V012,CC08,FOR0072,DOC108875,19257.02,Despesa
2023-12-29,CLI0131,PRD0107,V003,CC02,FOR0057,DOC108876,17098.64,Despesa
2026-11-11,CLI0106,PRD0024,V015,CC06,,DOC108877,6799.97,Receita
2024-11-14,CLI0188,PRD0165,V002,CC07,,DOC108878,9639.87,Receita
2026-04-05,CLI0187,PRD0160,V015,CC06,FOR0100,DOC108879,19116.03,Despesa
2025-06-02,CLI0066,PRD0018,V027,CC02,,DOC108880,27883.36,Receita
2024-11-24,CLI0036,PRD0029,V013,CC09,FOR0040,DOC108881,11439.91,Despesa
2024-02-23,CLI0168,PRD0091,V003,CC06,FOR0038,DOC108882,13470.89,Despesa
2026-10-07,CLI0077,PRD0073,V010,CC05,FOR0011,DOC108883,26020.89,Despesa
2023-10-28,CLI0147,PRD0031,V026,CC10,,DOC108884,1504.94,Receita
2025-02-20,CLI0245,PRD0040,V013,CC08,FOR0084,DOC108885,27076.86,Despesa
2023-05-19,CLI0078,PRD0068,V017,CC03,FOR0007,DOC108886,19144.64,Despesa
2026-09-07,CLI0104,PRD0181,V026,CC05,,DOC108887,27288.7,Receita
2024-04-02,CLI0241,PRD0155,V026,CC06,,DOC108888,16174.58,Receita
2024-05-07,CLI0116,PRD0038,V003,CC07,FOR0029,DOC108889,3204.35,Despesa
2025-07-21,CLI0055,PRD0132,V017,CC10,,DOC108890,14169.88,Receita
2026-03-15,CLI0115,PRD0162,V009,CC09,,DOC108891,17798.36,Receita
2023-03-27,CLI0052,PRD0115,V011,CC02,FOR0062,DOC108892,6578.52,Despesa
2023-11-19,CLI0051,PRD0116,V015,CC03,FOR0047,DOC108893,23458.62,Despesa
2024-12-11,CLI0074,PRD0043,V027,CC09,,DOC108894,14537.67,Receita
2026-09-08,CLI0264,PRD0071,V015,CC07,,DOC108895,10595.5,Receita
2025-08-05,CLI0086,PRD0050,V025,CC03,FOR0080,DOC108896,21731.99,Despesa
2025-04-05,CLI0107,PRD0063,V019,CC09,,DOC108897,10417.81,Receita
2024-02-08,CLI0058,PRD0041,V008,CC08,FOR0046,DOC108898,25622.04,Despesa
2024-06-16,CLI0028,PRD0127,V016,CC02,FOR0091,DOC108899,2912.93,Despesa
2025-06-14,CLI0116,PRD0085,V015,CC06,FOR0012,DOC108900,131.71,Despesa
2025-01-31,CLI0189,PRD0191,V024,CC09,,DOC108901,9034.81,Receita
2025-05-14,CLI0215,PRD0114,V018,CC05,FOR0091,DOC108902,26258.31,Despesa
2023-04-13,CLI0202,PRD0130,V005,CC09,FOR0077,DOC108903,10728.85,Despesa
2023-08-11,CLI0263,PRD0137,V025,CC08,FOR0047,DOC108904,17364.15,Despesa
2025-11-20,CLI0098,PRD0103,V018,CC06,,DOC108905,14808.65,Receita
2025-10-01,CLI0111,PRD0081,V019,CC01,FOR0088,DOC108906,19520.61,Despesa
2026-07-06,CLI0217,PRD0071,V008,CC04,FOR0006,DOC108907,8910.65,Despesa
2023-12-27,CLI0063,PRD0053,V026,CC05,,DOC108908,10114.05,Receita
2026-01-19,CLI0146,PRD0007,V002,CC06,FOR0039,DOC108909,12211.83,Despesa
2026-04-22,CLI0215,PRD0018,V001,CC09,FOR0054,DOC108910,21255.9,Despesa
2026-09-18,CLI0214,PRD0057,V005,CC08,FOR0021,DOC108911,26629.79,Despesa
2025-05-03,CLI0072,PRD0113,V030,CC05,FOR0080,DOC108912,25914.34,Despesa
2024-08-12,CLI0175,PRD0110,V008,CC01,FOR0063,DOC108913,13314.1,Despesa
2023-06-28,CLI0053,PRD0144,V003,CC03,,DOC108914,9985.32,Receita
2024-05-20,CLI0092,PRD0105,V008,CC01,FOR0098,DOC108915,11928.02,Despesa
2025-04-13,CLI0166,PRD0144,V017,CC06,,DOC108916,3657.89,Receita
2025-06-11,CLI0223,PRD0022,V009,CC08,,DOC108917,14664.93,Receita
2024-01-10,CLI0157,PRD0041,V007,CC03,FOR0032,DOC108918,24221.91,Despesa
2025-05-14,CLI0064,PRD0004,V012,CC06,FOR0015,DOC108919,22834.41,Despesa
2025-08-24,CLI0061,PRD0008,V019,CC10,,DOC108920,5463.15,Receita
2026-07-11,CLI0093,PRD0070,V029,CC01,FOR0096,DOC108921,24453.44,Despesa
2025-06-26,CLI0261,PRD0187,V027,CC10,FOR0070,DOC108922,18003.18,Despesa
2026-01-18,CLI0036,PRD0008,V021,CC10,,DOC108923,13467.63,Receita
2024-09-26,CLI0175,PRD0080,V002,CC03,,DOC108924,10896.5,Receita
2026-07-27,CLI0019,PRD0198,V008,CC10,FOR0067,DOC108925,10652.11,Despesa
2026-04-18,CLI0288,PRD0093,V006,CC01,FOR0016,DOC108926,12248.94,Despesa
2025-01-27,CLI0103,PRD0112,V019,CC08,,DOC108927,12930.82,Receita
2026-05-11,CLI0251,PRD0013,V025,CC03,,DOC108928,4825.75,Receita
2024-04-05,CLI0295,PRD0148,V006,CC08,FOR0055,DOC108929,1167.6,Despesa
2025-09-04,CLI0177,PRD0046,V020,CC06,FOR0093,DOC108930,4099.76,Despesa
2023-10-10,CLI0051,PRD0116,V025,CC02,,DOC108931,25638.55,Receita
2026-10-08,CLI0013,PRD0086,V029,CC07,,DOC108932,28052.12,Receita
2025-04-24,CLI0084,PRD0086,V026,CC09,,DOC108933,9241.92,Receita
2023-09-23,CLI0269,PRD0107,V019,CC10,,DOC108934,11608.73,Receita
2023-08-25,CLI0166,PRD0093,V016,CC05,FOR0075,DOC108935,18760.43,Despesa
2026-02-16,CLI0127,PRD0126,V027,CC05,FOR0041,DOC108936,8341.75,Despesa
2026-05-08,CLI0044,PRD0164,V013,CC03,,DOC108937,7430.73,Receita
2024-06-15,CLI0185,PRD0132,V005,CC07,FOR0024,DOC108938,8586.25,Despesa
2023-10-03,CLI0067,PRD0039,V015,CC02,,DOC108939,3868.14,Receita
2025-10-30,CLI0233,PRD0147,V021,CC06,,DOC108940,1403.88,Receita
2026-09-22,CLI0189,PRD0157,V009,CC09,FOR0028,DOC108941,12544.18,Despesa
2025-07-27,CLI0159,PRD0056,V001,CC08,,DOC108942,21321.67,Receita
2025-09-03,CLI0025,PRD0011,V008,CC06,FOR0064,DOC108943,15579.23,Despesa
2025-03-02,CLI0085,PRD0001,V003,CC07,,DOC108944,10633.16,Receita
2023-02-09,CLI0186,PRD0027,V005,CC08,FOR0084,DOC108945,17878.56,Despesa
2025-06-30,CLI0048,PRD0126,V018,CC03,,DOC108946,17565.34,Receita
2025-11-02,CLI0109,PRD0175,V016,CC02,,DOC108947,15462.23,Receita
2023-04-12,CLI0223,PRD0051,V030,CC03,FOR0068,DOC108948,29298.0,Despesa
2023-03-24,CLI0214,PRD0011,V020,CC04,FOR0012,DOC108949,2849.84,Despesa
2025-07-15,CLI0226,PRD0027,V001,CC09,,DOC108950,26273.38,Receita
2024-07-24,CLI0261,PRD0023,V005,CC08,FOR0016,DOC108951,21512.21,Despesa
2026-02-07,CLI0183,PRD0044,V023,CC03,,DOC108952,13212.89,Receita
2023-09-30,CLI0284,PRD0016,V022,CC04,FOR0008,DOC108953,1866.73,Despesa
2023-12-30,CLI0235,PRD0073,V017,CC06,,DOC108954,27631.8,Receita
2025-06-14,CLI0163,PRD0088,V024,CC05,,DOC108955,2931.54,Receita
2024-04-15,CLI0237,PRD0023,V014,CC09,FOR0038,DOC108956,8150.69,Despesa
2023-11-29,CLI0015,PRD0198,V003,CC02,,DOC108957,8944.93,Receita
2026-07-01,CLI0018,PRD0187,V024,CC10,FOR0097,DOC108958,28406.84,Despesa
2023-07-13,CLI0266,PRD0151,V028,CC01,,DOC108959,13249.76,Receita
2024-07-08,CLI0184,PRD0073,V014,CC08,FOR0062,DOC108960,10458.03,Despesa
2025-03-23,CLI0240,PRD0194,V017,CC01,FOR0079,DOC108961,29425.54,Despesa
2023-11-03,CLI0100,PRD0148,V006,CC05,,DOC108962,15438.95,Receita
2025-06-07,CLI0140,PRD0144,V016,CC05,FOR0042,DOC108963,19097.91,Despesa
2026-08-25,CLI0275,PRD0176,V010,CC08,,DOC108964,18308.39,Receita
2026-09-17,CLI0077,PRD0198,V007,CC06,FOR0061,DOC108965,4368.34,Despesa
2023-12-11,CLI0122,PRD0088,V003,CC05,FOR0087,DOC108966,1896.94,Despesa
2023-11-03,CLI0166,PRD0017,V005,CC04,FOR0026,DOC108967,8589.98,Despesa
2023-07-07,CLI0241,PRD0137,V023,CC03,FOR0100,DOC108968,23811.94,Despesa
2023-05-03,CLI0025,PRD0087,V018,CC09,,DOC108969,5798.3,Receita
2023-10-22,CLI0038,PRD0179,V005,CC04,,DOC108970,15214.18,Receita
2024-07-17,CLI0164,PRD0126,V022,CC05,FOR0074,DOC108971,14851.36,Despesa
2025-10-14,CLI0152,PRD0027,V011,CC09,FOR0034,DOC108972,15161.6,Despesa
2026-05-27,CLI0092,PRD0156,V029,CC08,FOR0016,DOC108973,12075.35,Despesa
2023-01-27,CLI0075,PRD0193,V004,CC07,,DOC108974,17701.26,Receita
2023-04-25,CLI0030,PRD0173,V021,CC06,FOR0098,DOC108975,2741.66,Despesa
2025-12-19,CLI0268,PRD0092,V014,CC07,,DOC108976,5374.17,Receita
2023-08-28,CLI0187,PRD0026,V020,CC01,,DOC108977,18874.99,Receita
2026-06-03,CLI0136,PRD0001,V012,CC09,FOR0034,DOC108978,21842.14,Despesa
2023-01-02,CLI0163,PRD0107,V026,CC03,,DOC108979,15394.8,Receita
2025-06-14,CLI0052,PRD0123,V030,CC05,,DOC108980,26831.42,Receita
2024-01-03,CLI0292,PRD0032,V014,CC09,FOR0081,DOC108981,4301.83,Despesa
2024-04-23,CLI0092,PRD0173,V022,CC03,FOR0002,DOC108982,13743.21,Despesa
2025-06-18,CLI0001,PRD0171,V021,CC04,,DOC108983,429.9,Receita
2025-10-15,CLI0243,PRD0153,V023,CC08,FOR0039,DOC108984,26488.45,Despesa
2026-05-05,CLI0050,PRD0190,V030,CC03,,DOC108985,9681.1,Receita
2024-05-15,CLI0168,PRD0133,V001,CC08,,DOC108986,26293.26,Receita
2023-10-11,CLI0278,PRD0074,V029,CC07,FOR0025,DOC108987,594.79,Despesa
2023-10-18,CLI0020,PRD0080,V025,CC01,FOR0051,DOC108988,6511.35,Despesa
2023-07-13,CLI0253,PRD0119,V026,CC07,,DOC108989,9351.65,Receita
2024-06-06,CLI0020,PRD0055,V013,CC05,FOR0091,DOC108990,13194.65,Despesa
2025-02-15,CLI0117,PRD0042,V024,CC08,FOR0001,DOC108991,9577.16,Despesa
2023-03-10,CLI0289,PRD0004,V003,CC04,FOR0084,DOC108992,14165.75,Despesa
2023-05-15,CLI0237,PRD0113,V008,CC05,,DOC108993,1061.53,Receita
2023-07-04,CLI0292,PRD0123,V020,CC10,FOR0054,DOC108994,26566.6,Despesa
2026-05-04,CLI0263,PRD0123,V026,CC09,FOR0008,DOC108995,16473.92,Despesa
2026-02-11,CLI0218,PRD0036,V009,CC08,,DOC108996,14731.88,Receita
2025-04-09,CLI0079,PRD0098,V016,CC07,FOR0058,DOC108997,18701.3,Despesa
2024-07-25,CLI0282,PRD0009,V020,CC02,FOR0051,DOC108998,5813.44,Despesa
2025-03-24,CLI0080,PRD0077,V012,CC07,FOR0006,DOC108999,7971.7,Despesa
2025-06-19,CLI0214,PRD0014,V004,CC08,FOR0091,DOC109000,16251.55,Despesa
2025-08-11,CLI0280,PRD0092,V018,CC03,,DOC109001,15169.48,Receita
2023-07-09,CLI0245,PRD0095,V006,CC06,FOR0073,DOC109002,2865.1,Despesa
2025-02-08,CLI0166,PRD0110,V018,CC07,FOR0058,DOC109003,6190.19,Despesa
2024-08-26,CLI0126,PRD0185,V028,CC06,,DOC109004,6980.04,Receita
2026-07-05,CLI0087,PRD0148,V024,CC05,,DOC109005,16194.66,Receita
2026-01-04,CLI0238,PRD0021,V005,CC09,FOR0050,DOC109006,28745.53,Despesa
2023-07-30,CLI0193,PRD0124,V011,CC10,,DOC109007,26181.72,Receita
2026-09-28,CLI0187,PRD0149,V021,CC09,FOR0088,DOC109008,9640.89,Despesa
2023-04-09,CLI0015,PRD0150,V020,CC01,FOR0078,DOC109009,25121.88,Despesa
2024-05-27,CLI0053,PRD0182,V029,CC06,FOR0044,DOC109010,18597.24,Despesa
2023-08-30,CLI0124,PRD0068,V023,CC05,,DOC109011,813.16,Receita
2025-01-07,CLI0236,PRD0137,V004,CC09,,DOC109012,13073.99,Receita
2023-05-01,CLI0160,PRD0102,V018,CC10,FOR0069,DOC109013,23505.63,Despesa
2025-05-28,CLI0022,PRD0007,V021,CC03,FOR0098,DOC109014,740.72,Despesa
2023-02-27,CLI0067,PRD0187,V030,CC07,,DOC109015,23420.0,Receita
2025-06-28,CLI0175,PRD0066,V009,CC07,,DOC109016,3538.53,Receita
2023-03-14,CLI0043,PRD0042,V018,CC01,FOR0007,DOC109017,22867.08,Despesa
2023-05-03,CLI0148,PRD0169,V004,CC05,,DOC109018,22759.65,Receita
2023-10-02,CLI0032,PRD0196,V012,CC08,FOR0015,DOC109019,18255.84,Despesa
2024-08-03,CLI0021,PRD0161,V027,CC10,FOR0053,DOC109020,9126.94,Despesa
2023-03-02,CLI0144,PRD0104,V013,CC05,,DOC109021,29049.24,Receita
2024-01-26,CLI0246,PRD0175,V015,CC06,,DOC109022,25462.63,Receita
2025-05-16,CLI0036,PRD0173,V017,CC04,,DOC109023,7107.08,Receita
2024-10-21,CLI0008,PRD0155,V028,CC05,,DOC109024,13655.36,Receita
2024-08-18,CLI0091,PRD0073,V029,CC09,FOR0005,DOC109025,21158.36,Despesa
2026-03-28,CLI0241,PRD0194,V025,CC09,FOR0060,DOC109026,8902.83,Despesa
2026-06-24,CLI0081,PRD0171,V015,CC07,,DOC109027,16393.86,Receita
2023-03-17,CLI0268,PRD0060,V009,CC02,FOR0094,DOC109028,4136.89,Despesa
2026-12-01,CLI0241,PRD0007,V025,CC06,FOR0054,DOC109029,21509.68,Despesa
2025-03-03,CLI0130,PRD0163,V009,CC10,,DOC109030,21699.39,Receita
2026-10-19,CLI0196,PRD0100,V003,CC10,FOR0012,DOC109031,29183.21,Despesa
2024-04-12,CLI0190,PRD0042,V021,CC03,,DOC109032,7425.69,Receita
2026-08-27,CLI0067,PRD0128,V011,CC06,,DOC109033,18265.87,Receita
2023-11-21,CLI0130,PRD0136,V010,CC07,FOR0038,DOC109034,18978.0,Despesa
2025-08-30,CLI0284,PRD0135,V009,CC06,,DOC109035,27789.33,Receita
2026-04-25,CLI0033,PRD0034,V001,CC05,,DOC109036,4594.58,Receita
2025-03-13,CLI0246,PRD0036,V029,CC07,FOR0085,DOC109037,14971.85,Despesa
2023-01-04,CLI0257,PRD0043,V002,CC05,,DOC109038,14547.18,Receita
2024-09-04,CLI0125,PRD0027,V016,CC02,,DOC109039,15261.21,Receita
2025-12-08,CLI0168,PRD0014,V029,CC04,FOR0014,DOC109040,16414.59,Despesa
2025-11-07,CLI0129,PRD0025,V010,CC10,FOR0075,DOC109041,3105.92,Despesa
2024-09-12,CLI0122,PRD0067,V002,CC10,FOR0017,DOC109042,21037.06,Despesa
2023-06-09,CLI0003,PRD0089,V003,CC08,FOR0043,DOC109043,6675.0,Despesa
2023-10-06,CLI0278,PRD0118,V025,CC04,FOR0082,DOC109044,8048.51,Despesa
2024-05-30,CLI0047,PRD0050,V025,CC08,FOR0017,DOC109045,16294.55,Despesa
2024-04-24,CLI0277,PRD0157,V028,CC06,FOR0002,DOC109046,10957.16,Despesa
2024-03-19,CLI0017,PRD0182,V010,CC08,,DOC109047,15246.23,Receita
2026-05-31,CLI0065,PRD0009,V016,CC08,FOR0044,DOC109048,29900.07,Despesa
2024-04-17,CLI0264,PRD0157,V012,CC01,FOR0071,DOC109049,19585.24,Despesa
2026-12-24,CLI0240,PRD0187,V008,CC07,,DOC109050,6599.8,Receita
2023-10-26,CLI0077,PRD0151,V023,CC01,FOR0085,DOC109051,9088.7,Despesa
2023-12-17,CLI0220,PRD0061,V004,CC03,,DOC109052,21596.47,Receita
2023-01-21,CLI0078,PRD0079,V017,CC03,,DOC109053,1433.95,Receita
2024-12-08,CLI0007,PRD0042,V027,CC09,,DOC109054,6709.65,Receita
2024-03-16,CLI0206,PRD0108,V019,CC03,,DOC109055,22669.2,Receita
2025-04-10,CLI0217,PRD0073,V002,CC03,,DOC109056,14734.25,Receita
2025-11-16,CLI0231,PRD0083,V020,CC02,,DOC109057,29412.32,Receita
2023-02-18,CLI0261,PRD0044,V005,CC09,FOR0020,DOC109058,24824.4,Despesa
2023-07-11,CLI0118,PRD0096,V019,CC07,,DOC109059,443.53,Receita
2025-10-09,CLI0155,PRD0193,V021,CC04,FOR0096,DOC109060,24426.55,Despesa
2023-09-20,CLI0165,PRD0065,V005,CC06,FOR0098,DOC109061,28430.74,Despesa
2023-05-28,CLI0206,PRD0121,V006,CC10,,DOC109062,18768.42,Receita
2024-06-15,CLI0285,PRD0016,V023,CC02,FOR0009,DOC109063,23342.86,Despesa
2023-02-04,CLI0091,PRD0174,V021,CC07,FOR0030,DOC109064,3642.37,Despesa
2025-11-27,CLI0117,PRD0141,V026,CC04,,DOC109065,5878.22,Receita
2026-08-25,CLI0062,PRD0120,V015,CC05,,DOC109066,4348.14,Receita
2026-06-25,CLI0230,PRD0164,V019,CC10,FOR0017,DOC109067,29707.82,Despesa
2024-05-15,CLI0172,PRD0156,V008,CC04,FOR0058,DOC109068,29494.9,Despesa
2024-09-07,CLI0202,PRD0020,V025,CC05,,DOC109069,21872.48,Receita
2025-09-14,CLI0165,PRD0040,V019,CC04,FOR0027,DOC109070,9047.82,Despesa
2024-09-01,CLI0228,PRD0119,V004,CC09,,DOC109071,21012.15,Receita
2023-10-25,CLI0213,PRD0125,V029,CC01,FOR0085,DOC109072,23077.36,Despesa
2024-09-16,CLI0292,PRD0165,V008,CC10,FOR0080,DOC109073,28332.63,Despesa
2026-10-03,CLI0194,PRD0048,V006,CC08,,DOC109074,11964.3,Receita
2025-05-05,CLI0277,PRD0100,V012,CC06,FOR0043,DOC109075,7705.54,Despesa
2023-12-09,CLI0127,PRD0062,V004,CC01,,DOC109076,28170.18,Receita
2024-12-14,CLI0237,PRD0031,V022,CC01,,DOC109077,26623.57,Receita
2026-05-13,CLI0024,PRD0033,V001,CC04,,DOC109078,25428.65,Receita
2026-03-08,CLI0215,PRD0178,V015,CC07,,DOC109079,9463.01,Receita
2023-08-22,CLI0282,PRD0147,V020,CC04,,DOC109080,15269.3,Receita
2024-05-31,CLI0009,PRD0112,V008,CC10,,DOC109081,8943.19,Receita
2023-03-07,CLI0043,PRD0074,V010,CC07,FOR0009,DOC109082,22915.56,Despesa
2023-08-09,CLI0104,PRD0186,V009,CC05,,DOC109083,11975.01,Receita
2026-06-08,CLI0085,PRD0197,V009,CC01,FOR0036,DOC109084,5410.67,Despesa
2024-12-29,CLI0221,PRD0187,V008,CC09,FOR0015,DOC109085,22538.31,Despesa
2023-03-31,CLI0197,PRD0106,V021,CC08,FOR0099,DOC109086,16774.15,Despesa
2025-10-26,CLI0054,PRD0009,V006,CC05,FOR0061,DOC109087,2577.31,Despesa
2025-02-16,CLI0053,PRD0038,V030,CC10,FOR0081,DOC109088,22495.12,Despesa
2024-12-19,CLI0099,PRD0146,V026,CC02,FOR0099,DOC109089,1768.2,Despesa
2023-02-08,CLI0217,PRD0029,V023,CC03,FOR0003,DOC109090,13054.01,Despesa
2025-12-29,CLI0166,PRD0091,V023,CC06,FOR0034,DOC109091,15669.54,Despesa
2026-10-16,CLI0030,PRD0024,V013,CC02,FOR0097,DOC109092,18574.07,Despesa
2026-05-23,CLI0267,PRD0047,V009,CC08,FOR0008,DOC109093,5279.91,Despesa
2023-06-26,CLI0287,PRD0111,V030,CC10,FOR0022,DOC109094,13590.71,Despesa
2026-07-14,CLI0175,PRD0150,V016,CC02,FOR0094,DOC109095,811.99,Despesa
2025-03-26,CLI0126,PRD0156,V030,CC10,,DOC109096,12326.61,Receita
2025-08-05,CLI0094,PRD0103,V021,CC09,,DOC109097,25139.1,Receita
2024-06-10,CLI0259,PRD0193,V023,CC01,FOR0079,DOC109098,29680.62,Despesa
2025-09-08,CLI0267,PRD0196,V013,CC04,FOR0098,DOC109099,20496.15,Despesa
2026-01-16,CLI0249,PRD0044,V008,CC03,FOR0033,DOC109100,29984.0,Despesa
2026-08-04,CLI0171,PRD0103,V026,CC02,FOR0061,DOC109101,26681.01,Despesa
2024-05-31,CLI0256,PRD0147,V002,CC08,FOR0072,DOC109102,19341.87,Despesa
2026-12-10,CLI0059,PRD0148,V017,CC08,,DOC109103,18274.3,Receita
2025-03-09,CLI0237,PRD0158,V007,CC09,,DOC109104,5203.83,Receita
2025-06-03,CLI0277,PRD0075,V002,CC02,,DOC109105,14181.72,Receita
2023-07-27,CLI0293,PRD0122,V027,CC02,FOR0089,DOC109106,8258.72,Despesa
2025-06-03,CLI0268,PRD0038,V008,CC04,,DOC109107,8711.87,Receita
2025-07-10,CLI0066,PRD0190,V006,CC01,,DOC109108,1018.46,Receita
2025-04-10,CLI0092,PRD0047,V012,CC09,,DOC109109,2988.99,Receita
2025-01-01,CLI0204,PRD0190,V024,CC02,,DOC109110,21507.57,Receita
2023-12-02,CLI0130,PRD0181,V020,CC02,,DOC109111,8926.26,Receita
2023-02-06,CLI0234,PRD0085,V006,CC07,FOR0092,DOC109112,11630.31,Despesa
2026-06-27,CLI0239,PRD0199,V029,CC05,FOR0092,DOC109113,15487.17,Despesa
2024-04-26,CLI0095,PRD0165,V002,CC08,FOR0095,DOC109114,1791.16,Despesa
2026-04-01,CLI0131,PRD0027,V017,CC01,,DOC109115,25792.77,Receita
2023-09-01,CLI0252,PRD0093,V022,CC09,,DOC109116,2811.63,Receita
2024-04-25,CLI0038,PRD0107,V018,CC01,FOR0057,DOC109117,15292.57,Despesa
2023-09-29,CLI0014,PRD0041,V006,CC05,FOR0005,DOC109118,2609.4,Despesa
2025-05-22,CLI0237,PRD0140,V007,CC07,FOR0042,DOC109119,24398.14,Despesa
2024-09-28,CLI0298,PRD0086,V010,CC09,FOR0049,DOC109120,4062.59,Despesa
2026-07-15,CLI0053,PRD0098,V001,CC07,,DOC109121,7479.37,Receita
2026-03-07,CLI0249,PRD0042,V027,CC08,,DOC109122,20052.12,Receita
2026-08-19,CLI0182,PRD0061,V024,CC06,,DOC109123,574.94,Receita
2023-09-17,CLI0141,PRD0013,V013,CC05,FOR0021,DOC109124,2936.79,Despesa
2025-11-21,CLI0263,PRD0104,V023,CC05,FOR0009,DOC109125,4699.04,Despesa
2025-12-16,CLI0185,PRD0083,V013,CC04,FOR0095,DOC109126,23587.1,Despesa
2025-05-22,CLI0204,PRD0186,V026,CC02,,DOC109127,594.5,Receita
2023-11-19,CLI0131,PRD0065,V015,CC04,,DOC109128,23056.71,Receita
2026-04-18,CLI0160,PRD0016,V025,CC05,FOR0058,DOC109129,28196.03,Despesa
2025-12-08,CLI0292,PRD0119,V011,CC06,,DOC109130,27842.18,Receita
2024-02-18,CLI0059,PRD0022,V014,CC06,FOR0061,DOC109131,26471.95,Despesa
2023-03-08,CLI0003,PRD0194,V014,CC06,,DOC109132,11720.3,Receita
2024-07-30,CLI0128,PRD0120,V015,CC07,FOR0036,DOC109133,14030.98,Despesa
2023-09-14,CLI0056,PRD0030,V003,CC06,,DOC109134,23879.22,Receita
2024-04-06,CLI0107,PRD0179,V030,CC09,,DOC109135,4963.03,Receita
2025-04-16,CLI0254,PRD0116,V002,CC05,,DOC109136,9711.77,Receita
2023-07-23,CLI0227,PRD0151,V010,CC03,FOR0074,DOC109137,12387.5,Despesa
2024-09-11,CLI0239,PRD0142,V010,CC03,FOR0092,DOC109138,10360.93,Despesa
2024-03-02,CLI0230,PRD0013,V007,CC08,FOR0019,DOC109139,24900.59,Despesa
2025-05-28,CLI0170,PRD0068,V025,CC07,FOR0002,DOC109140,11939.65,Despesa
2025-12-01,CLI0209,PRD0115,V006,CC01,FOR0057,DOC109141,8627.98,Despesa
2026-09-10,CLI0125,PRD0057,V001,CC07,FOR0081,DOC109142,2127.14,Despesa
2026-08-24,CLI0124,PRD0148,V006,CC01,,DOC109143,17969.65,Receita
2023-02-14,CLI0187,PRD0078,V029,CC07,,DOC109144,4463.99,Receita
2025-02-19,CLI0012,PRD0118,V024,CC05,,DOC109145,7341.55,Receita
2023-01-03,CLI0228,PRD0017,V023,CC06,FOR0003,DOC109146,8664.09,Despesa
2023-07-24,CLI0230,PRD0025,V030,CC09,FOR0076,DOC109147,24533.04,Despesa
2023-10-24,CLI0268,PRD0004,V008,CC05,,DOC109148,19440.06,Receita
2026-03-24,CLI0102,PRD0033,V015,CC09,,DOC109149,25603.78,Receita
2023-04-25,CLI0157,PRD0019,V023,CC07,,DOC109150,26323.0,Receita
2025-06-08,CLI0140,PRD0123,V028,CC05,FOR0063,DOC109151,27144.8,Despesa
2024-05-24,CLI0082,PRD0147,V013,CC07,,DOC109152,2972.42,Receita
2023-04-04,CLI0173,PRD0016,V011,CC07,FOR0013,DOC109153,19034.67,Despesa
2024-04-22,CLI0047,PRD0141,V010,CC04,FOR0035,DOC109154,20228.17,Despesa
2025-05-12,CLI0085,PRD0152,V017,CC07,,DOC109155,29775.51,Receita
2025-06-15,CLI0060,PRD0193,V001,CC02,FOR0005,DOC109156,8393.91,Despesa
2025-11-25,CLI0215,PRD0092,V017,CC06,FOR0065,DOC109157,3293.41,Despesa
2026-06-24,CLI0197,PRD0069,V020,CC02,,DOC109158,9438.21,Receita
2026-07-29,CLI0145,PRD0159,V018,CC06,,DOC109159,2041.3,Receita
2026-09-19,CLI0280,PRD0043,V009,CC01,FOR0010,DOC109160,21270.05,Despesa
2026-08-11,CLI0267,PRD0083,V006,CC10,FOR0022,DOC109161,28430.09,Despesa
2023-08-27,CLI0120,PRD0115,V014,CC06,FOR0071,DOC109162,810.33,Despesa
2026-09-21,CLI0149,PRD0025,V018,CC06,FOR0025,DOC109163,6629.74,Despesa
2025-10-30,CLI0052,PRD0158,V011,CC08,FOR0041,DOC109164,4364.29,Despesa
2024-06-03,CLI0062,PRD0166,V015,CC04,FOR0008,DOC109165,4389.54,Despesa
2026-01-31,CLI0060,PRD0016,V006,CC10,FOR0006,DOC109166,19893.32,Despesa
2024-11-02,CLI0183,PRD0025,V019,CC01,FOR0034,DOC109167,21702.13,Despesa
2026-01-11,CLI0214,PRD0047,V028,CC10,FOR0013,DOC109168,6484.97,Despesa
2024-05-14,CLI0123,PRD0059,V025,CC10,,DOC109169,14511.28,Receita
2025-03-08,CLI0061,PRD0196,V009,CC01,,DOC109170,23969.05,Receita
2024-04-27,CLI0105,PRD0188,V021,CC07,,DOC109171,13952.62,Receita
2024-08-21,CLI0108,PRD0008,V004,CC10,,DOC109172,3725.69,Receita
2023-01-15,CLI0211,PRD0156,V018,CC05,,DOC109173,17834.47,Receita
2023-01-09,CLI0076,PRD0033,V030,CC08,FOR0042,DOC109174,15160.76,Despesa
2024-09-05,CLI0194,PRD0194,V025,CC08,,DOC109175,23709.69,Receita
2023-09-22,CLI0090,PRD0092,V026,CC01,,DOC109176,8257.42,Receita
2025-05-25,CLI0029,PRD0103,V030,CC06,FOR0002,DOC109177,15441.6,Despesa
2023-08-11,CLI0268,PRD0166,V014,CC01,FOR0053,DOC109178,1136.35,Despesa
2025-09-04,CLI0242,PRD0071,V025,CC01,FOR0012,DOC109179,18703.24,Despesa
2024-11-13,CLI0075,PRD0016,V001,CC04,FOR0002,DOC109180,26404.55,Despesa
2024-10-03,CLI0296,PRD0141,V024,CC01,FOR0072,DOC109181,29312.8,Despesa
2025-08-07,CLI0198,PRD0192,V014,CC01,FOR0029,DOC109182,22079.52,Despesa
2025-06-16,CLI0296,PRD0168,V012,CC02,,DOC109183,16500.01,Receita
2024-10-09,CLI0179,PRD0016,V009,CC05,,DOC109184,29211.89,Receita
2024-01-21,CLI0285,PRD0127,V022,CC09,FOR0002,DOC109185,29127.17,Despesa
2024-02-18,CLI0113,PRD0024,V019,CC03,FOR0064,DOC109186,7912.62,Despesa
2024-11-17,CLI0036,PRD0140,V018,CC03,FOR0009,DOC109187,14180.22,Despesa
2026-02-15,CLI0227,PRD0151,V030,CC07,FOR0018,DOC109188,23974.61,Despesa
2026-06-12,CLI0275,PRD0159,V006,CC01,FOR0029,DOC109189,957.1,Despesa
2024-10-22,CLI0156,PRD0141,V006,CC02,FOR0026,DOC109190,10300.94,Despesa
2026-03-30,CLI0244,PRD0042,V027,CC08,,DOC109191,3960.4,Receita
2024-03-17,CLI0278,PRD0024,V023,CC02,,DOC109192,22993.67,Receita
2023-11-25,CLI0043,PRD0024,V011,CC10,FOR0005,DOC109193,26888.05,Despesa
2026-12-01,CLI0119,PRD0144,V027,CC07,FOR0088,DOC109194,26819.28,Despesa
2023-01-21,CLI0268,PRD0016,V029,CC06,FOR0100,DOC109195,23069.73,Despesa
2024-12-21,CLI0052,PRD0019,V006,CC01,FOR0061,DOC109196,17719.91,Despesa
2025-01-17,CLI0127,PRD0157,V017,CC10,FOR0030,DOC109197,23603.84,Despesa
2026-03-07,CLI0088,PRD0199,V004,CC01,FOR0017,DOC109198,26563.78,Despesa
2025-09-26,CLI0019,PRD0012,V001,CC06,,DOC109199,15701.81,Receita
2023-07-28,CLI0300,PRD0004,V018,CC04,FOR0090,DOC109200,2401.78,Despesa
2026-04-04,CLI0277,PRD0041,V027,CC08,,DOC109201,13743.0,Receita
2025-05-23,CLI0256,PRD0129,V002,CC08,FOR0063,DOC109202,21813.45,Despesa
2025-11-29,CLI0050,PRD0195,V026,CC07,FOR0051,DOC109203,992.52,Despesa
2024-11-02,CLI0236,PRD0191,V021,CC01,FOR0050,DOC109204,9368.93,Despesa
2026-07-23,CLI0152,PRD0066,V001,CC04,,DOC109205,18496.02,Receita
2025-06-04,CLI0137,PRD0064,V006,CC10,,DOC109206,26643.61,Receita
2025-06-30,CLI0203,PRD0178,V010,CC02,FOR0075,DOC109207,25462.15,Despesa
2026-09-12,CLI0131,PRD0071,V025,CC08,FOR0047,DOC109208,13800.5,Despesa
2023-05-16,CLI0245,PRD0134,V021,CC03,,DOC109209,19430.12,Receita
2026-04-16,CLI0143,PRD0197,V015,CC05,,DOC109210,23329.01,Receita
2026-10-15,CLI0047,PRD0134,V006,CC03,FOR0010,DOC109211,5236.68,Despesa
2023-08-21,CLI0037,PRD0098,V004,CC09,,DOC109212,13061.35,Receita
2026-04-27,CLI0293,PRD0034,V012,CC02,FOR0066,DOC109213,17886.51,Despesa
2024-01-01,CLI0022,PRD0013,V003,CC08,FOR0100,DOC109214,5913.91,Despesa
2024-07-05,CLI0126,PRD0052,V006,CC03,FOR0078,DOC109215,13790.63,Despesa
2025-04-03,CLI0175,PRD0070,V004,CC04,,DOC109216,4327.46,Receita
2026-02-02,CLI0297,PRD0165,V013,CC07,FOR0021,DOC109217,2349.94,Despesa
2026-02-14,CLI0009,PRD0020,V007,CC02,FOR0056,DOC109218,18563.91,Despesa
2025-12-08,CLI0300,PRD0027,V025,CC01,FOR0079,DOC109219,23916.19,Despesa
2026-12-20,CLI0249,PRD0018,V023,CC10,FOR0076,DOC109220,14188.58,Despesa
2023-08-09,CLI0187,PRD0103,V009,CC04,,DOC109221,16335.43,Receita
2025-07-28,CLI0244,PRD0100,V010,CC01,FOR0019,DOC109222,28978.08,Despesa
2026-01-04,CLI0006,PRD0193,V005,CC09,FOR0068,DOC109223,27013.09,Despesa
2026-12-17,CLI0219,PRD0150,V004,CC02,FOR0033,DOC109224,17029.7,Despesa
2023-03-20,CLI0286,PRD0145,V008,CC09,,DOC109225,24388.39,Receita
2025-01-01,CLI0275,PRD0100,V027,CC07,FOR0010,DOC109226,8506.28,Despesa
2023-10-27,CLI0102,PRD0044,V007,CC08,FOR0002,DOC109227,7131.48,Despesa
2023-12-18,CLI0249,PRD0185,V015,CC04,FOR0070,DOC109228,6599.72,Despesa
2026-01-27,CLI0191,PRD0066,V023,CC07,,DOC109229,24388.16,Receita
2025-07-03,CLI0122,PRD0137,V010,CC05,,DOC109230,29054.83,Receita
2024-11-27,CLI0025,PRD0051,V028,CC08,,DOC109231,22484.88,Receita
2023-05-09,CLI0093,PRD0159,V009,CC06,,DOC109232,21338.28,Receita
2026-12-15,CLI0008,PRD0200,V018,CC10,,DOC109233,16137.52,Receita
2025-11-15,CLI0172,PRD0161,V017,CC09,FOR0040,DOC109234,16318.44,Despesa
2026-01-30,CLI0006,PRD0168,V002,CC08,FOR0075,DOC109235,10195.17,Despesa
2024-07-17,CLI0189,PRD0005,V026,CC03,FOR0042,DOC109236,14044.98,Despesa
2023-01-09,CLI0040,PRD0066,V026,CC09,FOR0020,DOC109237,29481.42,Despesa
2025-05-01,CLI0111,PRD0021,V001,CC09,,DOC109238,29791.1,Receita
2023-09-01,CLI0087,PRD0011,V018,CC08,,DOC109239,4319.7,Receita
2025-03-17,CLI0088,PRD0040,V023,CC06,,DOC109240,8480.03,Receita
2023-02-10,CLI0169,PRD0084,V024,CC05,,DOC109241,7492.24,Receita
2026-05-07,CLI0174,PRD0034,V016,CC02,FOR0086,DOC109242,4977.72,Despesa
2025-05-24,CLI0120,PRD0027,V030,CC10,FOR0014,DOC109243,5392.41,Despesa
2023-05-09,CLI0156,PRD0026,V030,CC07,FOR0032,DOC109244,9759.74,Despesa
2024-09-14,CLI0253,PRD0182,V008,CC10,,DOC109245,17468.54,Receita
2026-05-10,CLI0242,PRD0006,V007,CC08,FOR0028,DOC109246,15406.51,Despesa
2024-07-07,CLI0256,PRD0095,V015,CC05,,DOC109247,1420.75,Receita
2026-05-29,CLI0008,PRD0186,V008,CC01,FOR0034,DOC109248,28712.35,Despesa
2026-12-04,CLI0062,PRD0079,V008,CC05,FOR0032,DOC109249,4578.27,Despesa
2024-10-21,CLI0107,PRD0129,V010,CC07,FOR0018,DOC109250,9173.71,Despesa
2026-11-02,CLI0217,PRD0191,V020,CC09,FOR0033,DOC109251,20670.62,Despesa
2024-05-11,CLI0245,PRD0009,V018,CC08,FOR0056,DOC109252,6301.09,Despesa
2025-03-30,CLI0024,PRD0043,V011,CC04,,DOC109253,26040.32,Receita
2026-10-03,CLI0129,PRD0116,V016,CC06,FOR0012,DOC109254,22360.87,Despesa
2023-10-08,CLI0166,PRD0050,V026,CC10,,DOC109255,1585.15,Receita
2025-04-29,CLI0236,PRD0039,V008,CC06,FOR0005,DOC109256,5396.08,Despesa
2024-03-21,CLI0091,PRD0029,V030,CC06,,DOC109257,23658.86,Receita
2024-06-26,CLI0078,PRD0018,V019,CC03,FOR0001,DOC109258,3755.43,Despesa
2024-07-09,CLI0176,PRD0030,V002,CC04,FOR0069,DOC109259,20093.68,Despesa
2024-10-31,CLI0259,PRD0180,V009,CC06,FOR0065,DOC109260,1114.98,Despesa
2025-06-24,CLI0266,PRD0043,V012,CC01,FOR0099,DOC109261,26368.04,Despesa
2024-03-18,CLI0224,PRD0102,V004,CC01,,DOC109262,13301.22,Receita
2023-09-23,CLI0060,PRD0041,V028,CC05,FOR0066,DOC109263,23630.79,Despesa
2025-05-01,CLI0241,PRD0066,V012,CC02,,DOC109264,22184.94,Receita
2024-12-22,CLI0010,PRD0050,V013,CC05,,DOC109265,15803.6,Receita
2025-07-16,CLI0220,PRD0200,V012,CC08,FOR0058,DOC109266,12151.7,Despesa
2026-09-26,CLI0180,PRD0079,V018,CC10,,DOC109267,29524.25,Receita
2023-04-29,CLI0193,PRD0102,V017,CC07,,DOC109268,16168.01,Receita
2024-11-27,CLI0199,PRD0087,V019,CC05,,DOC109269,26052.31,Receita
2025-06-23,CLI0019,PRD0178,V005,CC02,FOR0067,DOC109270,4844.64,Despesa
2024-07-16,CLI0059,PRD0029,V021,CC05,,DOC109271,11676.19,Receita
2024-11-01,CLI0074,PRD0100,V005,CC01,,DOC109272,12266.27,Receita
2023-09-03,CLI0254,PRD0151,V014,CC06,,DOC109273,14732.19,Receita
2024-03-20,CLI0252,PRD0032,V001,CC03,,DOC109274,17843.71,Receita
2026-01-22,CLI0114,PRD0106,V011,CC08,FOR0003,DOC109275,18283.64,Despesa
2025-04-10,CLI0101,PRD0104,V030,CC05,,DOC109276,18740.03,Receita
2024-02-28,CLI0246,PRD0187,V014,CC09,FOR0044,DOC109277,16566.78,Despesa
2023-01-17,CLI0064,PRD0010,V025,CC01,FOR0050,DOC109278,29837.53,Despesa
2024-11-12,CLI0038,PRD0160,V008,CC06,FOR0033,DOC109279,24674.45,Despesa
2024-11-06,CLI0043,PRD0050,V016,CC02,,DOC109280,906.28,Receita
2025-09-09,CLI0135,PRD0167,V028,CC01,,DOC109281,21968.65,Receita
2023-03-15,CLI0009,PRD0036,V015,CC03,,DOC109282,1545.91,Receita
2025-06-14,CLI0114,PRD0083,V008,CC02,,DOC109283,14204.54,Receita
2024-06-11,CLI0216,PRD0111,V021,CC10,,DOC109284,9374.34,Receita
2026-01-11,CLI0140,PRD0172,V029,CC09,,DOC109285,28590.86,Receita
2026-03-29,CLI0237,PRD0106,V008,CC05,FOR0087,DOC109286,12970.27,Despesa
2024-05-10,CLI0072,PRD0067,V027,CC02,,DOC109287,11185.67,Receita
2024-11-16,CLI0277,PRD0041,V011,CC02,FOR0076,DOC109288,18531.57,Despesa
2023-02-28,CLI0054,PRD0199,V009,CC06,FOR0038,DOC109289,6734.51,Despesa
2024-03-22,CLI0101,PRD0190,V027,CC06,,DOC109290,29553.93,Receita
2024-10-19,CLI0283,PRD0029,V010,CC06,FOR0007,DOC109291,12821.58,Despesa
2026-11-05,CLI0266,PRD0057,V015,CC01,,DOC109292,22493.5,Receita
2025-09-21,CLI0043,PRD0096,V017,CC02,FOR0083,DOC109293,9830.82,Despesa
2023-04-19,CLI0135,PRD0058,V001,CC06,FOR0081,DOC109294,17434.14,Despesa
2025-11-23,CLI0037,PRD0085,V002,CC03,,DOC109295,15063.0,Receita
2024-03-11,CLI0129,PRD0014,V022,CC01,,DOC109296,8998.5,Receita
2024-05-26,CLI0174,PRD0067,V017,CC04,,DOC109297,1317.78,Receita
2025-05-26,CLI0187,PRD0168,V017,CC09,,DOC109298,26839.5,Receita
2023-03-14,CLI0072,PRD0187,V024,CC05,FOR0091,DOC109299,2902.15,Despesa
2023-10-08,CLI0068,PRD0066,V015,CC01,FOR0097,DOC109300,12814.65,Despesa
2025-04-20,CLI0123,PRD0135,V014,CC03,,DOC109301,2969.33,Receita
2024-05-15,CLI0092,PRD0036,V006,CC08,FOR0038,DOC109302,29564.83,Despesa
2023-06-10,CLI0177,PRD0063,V014,CC01,FOR0067,DOC109303,23572.79,Despesa
2023-06-18,CLI0260,PRD0187,V008,CC01,,DOC109304,25105.15,Receita
2026-01-02,CLI0288,PRD0092,V025,CC09,FOR0072,DOC109305,26316.34,Despesa
2024-07-11,CLI0238,PRD0080,V002,CC09,,DOC109306,26247.69,Receita
2025-07-23,CLI0222,PRD0184,V027,CC02,FOR0097,DOC109307,28860.62,Despesa
2025-11-15,CLI0110,PRD0139,V003,CC10,,DOC109308,27910.95,Receita
2024-11-07,CLI0223,PRD0115,V016,CC05,,DOC109309,13045.3,Receita
2023-01-26,CLI0212,PRD0039,V017,CC09,,DOC109310,28604.82,Receita
2025-04-20,CLI0239,PRD0097,V019,CC05,,DOC109311,9442.69,Receita
2025-10-17,CLI0281,PRD0143,V017,CC02,FOR0086,DOC109312,23689.0,Despesa
2025-11-06,CLI0130,PRD0151,V008,CC05,FOR0081,DOC109313,28373.48,Despesa
2024-07-03,CLI0150,PRD0098,V026,CC08,FOR0020,DOC109314,829.47,Despesa
2023-02-09,CLI0152,PRD0166,V006,CC04,FOR0093,DOC109315,7670.59,Despesa
2023-01-01,CLI0034,PRD0009,V015,CC04,,DOC109316,19840.19,Receita
2026-10-07,CLI0020,PRD0181,V009,CC07,FOR0026,DOC109317,2123.94,Despesa
2026-12-12,CLI0229,PRD0016,V027,CC03,FOR0013,DOC109318,4942.21,Despesa
2023-08-24,CLI0252,PRD0145,V019,CC09,,DOC109319,10639.83,Receita
2026-09-07,CLI0029,PRD0076,V018,CC05,,DOC109320,29612.37,Receita
2024-05-17,CLI0027,PRD0152,V006,CC03,,DOC109321,24941.93,Receita
2025-05-30,CLI0224,PRD0005,V011,CC09,FOR0041,DOC109322,6403.19,Despesa
2025-02-18,CLI0294,PRD0081,V021,CC04,FOR0100,DOC109323,11520.01,Despesa
2024-11-30,CLI0190,PRD0025,V010,CC09,,DOC109324,16579.87,Receita
2026-07-17,CLI0294,PRD0024,V028,CC06,FOR0080,DOC109325,25058.5,Despesa
2023-09-07,CLI0121,PRD0195,V015,CC10,,DOC109326,28295.54,Receita
2025-08-03,CLI0101,PRD0195,V021,CC01,FOR0076,DOC109327,15111.41,Despesa
2025-12-22,CLI0089,PRD0025,V027,CC02,,DOC109328,21766.51,Receita
2023-08-20,CLI0020,PRD0021,V002,CC04,,DOC109329,26094.74,Receita
2026-10-12,CLI0121,PRD0167,V016,CC08,,DOC109330,20723.96,Receita
2024-12-05,CLI0152,PRD0081,V004,CC06,,DOC109331,2065.71,Receita
2023-06-27,CLI0019,PRD0039,V028,CC04,,DOC109332,10777.05,Receita
2023-11-19,CLI0134,PRD0014,V012,CC02,FOR0043,DOC109333,16676.49,Despesa
2024-05-12,CLI0053,PRD0072,V003,CC01,FOR0041,DOC109334,2977.76,Despesa
2025-02-27,CLI0060,PRD0160,V016,CC02,,DOC109335,27796.43,Receita
2026-03-13,CLI0164,PRD0129,V001,CC05,FOR0013,DOC109336,15264.36,Despesa
2023-09-02,CLI0021,PRD0150,V020,CC06,FOR0010,DOC109337,2778.63,Despesa
2024-09-20,CLI0145,PRD0176,V016,CC02,,DOC109338,14758.65,Receita
2023-03-25,CLI0172,PRD0170,V022,CC02,,DOC109339,3751.86,Receita
2024-03-29,CLI0200,PRD0190,V027,CC10,,DOC109340,22817.47,Receita
2024-02-23,CLI0002,PRD0143,V028,CC06,,DOC109341,16774.53,Receita
2024-07-01,CLI0042,PRD0099,V003,CC03,FOR0089,DOC109342,19732.88,Despesa
2023-11-30,CLI0058,PRD0047,V001,CC10,,DOC109343,1383.18,Receita
2024-01-11,CLI0017,PRD0041,V007,CC01,FOR0045,DOC109344,27518.96,Despesa
2025-06-01,CLI0166,PRD0071,V002,CC05,FOR0035,DOC109345,27039.53,Despesa
2023-09-08,CLI0183,PRD0114,V013,CC04,,DOC109346,29623.68,Receita
2023-06-09,CLI0083,PRD0157,V014,CC05,,DOC109347,16018.15,Receita
2025-08-26,CLI0035,PRD0135,V016,CC03,,DOC109348,20888.61,Receita
2024-04-18,CLI0034,PRD0026,V013,CC05,,DOC109349,20897.75,Receita
2024-06-04,CLI0234,PRD0111,V028,CC03,FOR0084,DOC109350,4686.39,Despesa
2023-09-21,CLI0260,PRD0043,V011,CC04,,DOC109351,5999.8,Receita
2024-01-29,CLI0273,PRD0179,V006,CC04,FOR0015,DOC109352,2211.76,Despesa
2024-01-24,CLI0193,PRD0132,V026,CC09,FOR0013,DOC109353,9265.12,Despesa
2023-05-09,CLI0040,PRD0036,V017,CC03,FOR0091,DOC109354,11931.74,Despesa
2023-05-28,CLI0025,PRD0042,V013,CC06,,DOC109355,10278.74,Receita
2025-07-08,CLI0004,PRD0083,V027,CC05,FOR0041,DOC109356,20599.63,Despesa
2026-06-16,CLI0211,PRD0069,V027,CC03,FOR0002,DOC109357,5371.67,Despesa
2025-07-02,CLI0228,PRD0021,V003,CC06,FOR0049,DOC109358,4702.63,Despesa
2025-07-08,CLI0237,PRD0065,V022,CC04,FOR0034,DOC109359,18586.4,Despesa
2023-03-08,CLI0175,PRD0004,V004,CC01,,DOC109360,27299.64,Receita
2026-10-26,CLI0125,PRD0098,V025,CC02,,DOC109361,21792.89,Receita
2024-09-20,CLI0088,PRD0120,V001,CC09,FOR0002,DOC109362,7956.95,Despesa
2023-06-13,CLI0183,PRD0019,V004,CC02,,DOC109363,26540.09,Receita
2024-04-01,CLI0296,PRD0196,V008,CC10,FOR0090,DOC109364,20756.79,Despesa
2024-11-26,CLI0155,PRD0137,V017,CC09,FOR0044,DOC109365,16629.88,Despesa
2026-12-16,CLI0098,PRD0051,V030,CC08,,DOC109366,3019.29,Receita
2025-11-12,CLI0030,PRD0097,V006,CC09,FOR0075,DOC109367,11615.67,Despesa
2025-07-26,CLI0292,PRD0164,V019,CC03,,DOC109368,23137.33,Receita
2024-08-14,CLI0139,PRD0074,V017,CC03,,DOC109369,29507.98,Receita
2025-07-30,CLI0150,PRD0128,V027,CC04,FOR0088,DOC109370,20556.49,Despesa
2024-02-13,CLI0198,PRD0097,V004,CC07,FOR0089,DOC109371,9029.06,Despesa
2026-02-15,CLI0054,PRD0017,V008,CC04,FOR0073,DOC109372,12538.47,Despesa
2023-12-24,CLI0244,PRD0098,V004,CC10,,DOC109373,12728.08,Receita
2025-10-11,CLI0130,PRD0075,V001,CC05,FOR0046,DOC109374,4202.99,Despesa
2024-07-22,CLI0268,PRD0191,V005,CC02,FOR0026,DOC109375,23427.9,Despesa
2024-06-18,CLI0080,PRD0109,V004,CC07,FOR0051,DOC109376,17941.21,Despesa
2025-10-20,CLI0036,PRD0023,V014,CC09,FOR0009,DOC109377,11945.2,Despesa
2026-06-02,CLI0039,PRD0153,V008,CC05,,DOC109378,9364.49,Receita
2024-01-29,CLI0280,PRD0160,V011,CC05,,DOC109379,27155.14,Receita
2025-10-21,CLI0258,PRD0159,V008,CC05,FOR0037,DOC109380,3145.7,Despesa
2023-12-30,CLI0167,PRD0075,V024,CC09,,DOC109381,22140.17,Receita
2023-06-12,CLI0285,PRD0111,V021,CC02,,DOC109382,949.92,Receita
2023-04-17,CLI0178,PRD0010,V016,CC08,FOR0014,DOC109383,7381.72,Despesa
2024-04-04,CLI0286,PRD0048,V010,CC04,FOR0001,DOC109384,29773.84,Despesa
2025-05-07,CLI0024,PRD0089,V016,CC05,FOR0098,DOC109385,14883.41,Despesa
2025-09-17,CLI0046,PRD0122,V006,CC10,FOR0069,DOC109386,18056.9,Despesa
2024-12-12,CLI0005,PRD0112,V026,CC05,FOR0056,DOC109387,15114.76,Despesa
2026-04-29,CLI0100,PRD0123,V027,CC05,FOR0048,DOC109388,26153.4,Despesa
2026-10-24,CLI0011,PRD0093,V016,CC01,FOR0089,DOC109389,25902.97,Despesa
2023-01-02,CLI0035,PRD0100,V016,CC01,FOR0065,DOC109390,25301.53,Despesa
2026-02-17,CLI0067,PRD0037,V009,CC02,FOR0039,DOC109391,12341.29,Despesa
2024-10-15,CLI0257,PRD0169,V011,CC10,FOR0064,DOC109392,156.9,Despesa
2026-05-12,CLI0260,PRD0197,V007,CC02,FOR0072,DOC109393,15397.79,Despesa
2023-05-10,CLI0058,PRD0055,V022,CC09,FOR0020,DOC109394,23991.54,Despesa
2023-11-07,CLI0217,PRD0032,V004,CC05,,DOC109395,12163.3,Receita
2026-04-23,CLI0026,PRD0157,V010,CC05,,DOC109396,26829.78,Receita
2024-09-15,CLI0248,PRD0094,V018,CC08,,DOC109397,10037.62,Receita
2024-09-30,CLI0231,PRD0002,V017,CC04,FOR0074,DOC109398,22075.98,Despesa
2026-01-29,CLI0116,PRD0187,V012,CC09,FOR0017,DOC109399,2914.29,Despesa
2025-03-21,CLI0058,PRD0099,V020,CC05,,DOC109400,17852.18,Receita
2024-04-29,CLI0061,PRD0002,V015,CC01,FOR0003,DOC109401,28689.32,Despesa
2026-09-24,CLI0290,PRD0102,V010,CC08,FOR0011,DOC109402,16903.65,Despesa
2024-11-05,CLI0212,PRD0136,V005,CC08,FOR0075,DOC109403,19489.29,Despesa
2024-07-10,CLI0188,PRD0147,V022,CC02,FOR0024,DOC109404,8709.02,Despesa
2026-10-03,CLI0178,PRD0088,V029,CC06,,DOC109405,14292.64,Receita
2023-03-02,CLI0177,PRD0117,V003,CC04,,DOC109406,26108.8,Receita
2025-03-06,CLI0031,PRD0188,V026,CC06,FOR0056,DOC109407,14184.36,Despesa
2026-06-02,CLI0084,PRD0009,V024,CC06,,DOC109408,23164.05,Receita
2023-01-29,CLI0049,PRD0011,V025,CC03,FOR0067,DOC109409,1586.14,Despesa
2024-01-09,CLI0218,PRD0062,V025,CC04,,DOC109410,3566.1,Receita
2023-03-20,CLI0135,PRD0084,V020,CC06,FOR0018,DOC109411,9587.34,Despesa
2025-12-14,CLI0098,PRD0117,V006,CC05,,DOC109412,22050.55,Receita
2023-07-30,CLI0294,PRD0030,V024,CC03,FOR0012,DOC109413,13616.47,Despesa
2025-09-19,CLI0101,PRD0105,V028,CC03,FOR0078,DOC109414,1579.37,Despesa
2023-03-08,CLI0203,PRD0118,V005,CC03,FOR0057,DOC109415,10818.64,Despesa
2025-03-09,CLI0079,PRD0146,V011,CC02,FOR0010,DOC109416,27471.78,Despesa
2024-04-19,CLI0014,PRD0128,V002,CC01,,DOC109417,907.13,Receita
2024-04-18,CLI0284,PRD0143,V028,CC01,,DOC109418,16843.99,Receita
2026-01-09,CLI0059,PRD0044,V003,CC04,FOR0017,DOC109419,25592.13,Despesa
2023-01-01,CLI0288,PRD0150,V011,CC05,FOR0022,DOC109420,20880.97,Despesa
2024-12-19,CLI0008,PRD0177,V027,CC05,,DOC109421,20165.57,Receita
2025-11-27,CLI0158,PRD0149,V030,CC02,,DOC109422,15534.25,Receita
2024-12-01,CLI0036,PRD0159,V017,CC10,FOR0093,DOC109423,7719.94,Despesa
2024-05-31,CLI0295,PRD0082,V001,CC04,FOR0075,DOC109424,11250.03,Despesa
2023-05-15,CLI0106,PRD0174,V026,CC06,FOR0069,DOC109425,5716.12,Despesa
2023-04-08,CLI0271,PRD0025,V006,CC09,,DOC109426,6565.82,Receita
2026-01-02,CLI0251,PRD0132,V013,CC07,,DOC109427,24578.79,Receita
2026-04-03,CLI0092,PRD0114,V017,CC09,,DOC109428,22069.37,Receita
2024-04-14,CLI0012,PRD0088,V011,CC01,,DOC109429,2139.24,Receita
2026-05-24,CLI0002,PRD0070,V001,CC04,,DOC109430,3919.35,Receita
2026-10-30,CLI0080,PRD0134,V006,CC10,FOR0047,DOC109431,215.42,Despesa
2023-08-25,CLI0073,PRD0068,V012,CC09,FOR0026,DOC109432,26791.56,Despesa
2023-01-16,CLI0209,PRD0030,V010,CC02,FOR0097,DOC109433,24413.17,Despesa
2025-08-18,CLI0009,PRD0151,V003,CC08,FOR0039,DOC109434,23923.32,Despesa
2024-09-30,CLI0279,PRD0102,V021,CC06,FOR0022,DOC109435,6528.81,Despesa
2023-07-23,CLI0192,PRD0171,V012,CC01,,DOC109436,14672.39,Receita
2024-02-16,CLI0137,PRD0117,V021,CC06,,DOC109437,723.14,Receita
2025-12-09,CLI0239,PRD0058,V005,CC01,FOR0093,DOC109438,9174.72,Despesa
2024-10-22,CLI0064,PRD0006,V003,CC03,,DOC109439,12247.9,Receita
2023-07-05,CLI0072,PRD0059,V014,CC02,FOR0047,DOC109440,10281.36,Despesa
2026-07-13,CLI0002,PRD0038,V007,CC07,FOR0023,DOC109441,27257.99,Despesa
2026-03-01,CLI0299,PRD0148,V002,CC04,,DOC109442,10619.26,Receita
2024-10-19,CLI0206,PRD0049,V004,CC06,FOR0060,DOC109443,25102.21,Despesa
2026-06-25,CLI0010,PRD0038,V025,CC02,,DOC109444,4429.62,Receita
2025-03-07,CLI0099,PRD0160,V030,CC06,,DOC109445,15790.74,Receita
2024-05-06,CLI0139,PRD0018,V010,CC10,FOR0079,DOC109446,18738.11,Despesa
2025-01-07,CLI0237,PRD0175,V007,CC04,FOR0017,DOC109447,20134.74,Despesa
2024-06-25,CLI0003,PRD0048,V012,CC03,FOR0079,DOC109448,276.17,Despesa
2023-03-18,CLI0100,PRD0090,V014,CC07,,DOC109449,3753.33,Receita
2026-04-07,CLI0156,PRD0002,V009,CC03,,DOC109450,13463.32,Receita
2023-11-23,CLI0236,PRD0009,V005,CC07,,DOC109451,6042.69,Receita
2026-09-10,CLI0241,PRD0158,V014,CC10,FOR0085,DOC109452,10050.24,Despesa
2024-07-18,CLI0154,PRD0117,V004,CC04,FOR0040,DOC109453,20122.3,Despesa
2024-08-08,CLI0174,PRD0096,V025,CC10,FOR0038,DOC109454,15127.55,Despesa
2024-09-11,CLI0120,PRD0171,V008,CC07,,DOC109455,10813.28,Receita
2023-03-27,CLI0251,PRD0081,V021,CC01,,DOC109456,217.87,Receita
2023-06-11,CLI0196,PRD0158,V019,CC01,FOR0023,DOC109457,4282.33,Despesa
2025-12-20,CLI0007,PRD0159,V007,CC04,,DOC109458,12143.53,Receita
2025-04-13,CLI0217,PRD0140,V003,CC06,,DOC109459,15149.11,Receita
2025-02-05,CLI0013,PRD0165,V027,CC05,,DOC109460,18714.46,Receita
2025-05-28,CLI0240,PRD0117,V028,CC05,FOR0010,DOC109461,1638.52,Despesa
2025-05-13,CLI0222,PRD0098,V020,CC08,,DOC109462,7378.49,Receita
2025-03-13,CLI0069,PRD0118,V002,CC07,,DOC109463,15667.32,Receita
2026-11-08,CLI0219,PRD0128,V029,CC04,FOR0021,DOC109464,10601.11,Despesa
2025-02-07,CLI0230,PRD0016,V024,CC08,FOR0057,DOC109465,24437.69,Despesa
2023-10-11,CLI0260,PRD0061,V030,CC09,FOR0063,DOC109466,4596.93,Despesa
2026-05-19,CLI0062,PRD0180,V015,CC01,,DOC109467,4427.08,Receita
2024-03-19,CLI0252,PRD0063,V013,CC02,FOR0019,DOC109468,26310.17,Despesa
2026-05-05,CLI0266,PRD0145,V025,CC04,FOR0009,DOC109469,3662.01,Despesa
2025-02-07,CLI0247,PRD0103,V023,CC09,FOR0016,DOC109470,20104.39,Despesa
2026-07-09,CLI0149,PRD0032,V016,CC09,FOR0097,DOC109471,4150.5,Despesa
2026-12-12,CLI0245,PRD0173,V026,CC02,FOR0003,DOC109472,14133.55,Despesa
2024-07-31,CLI0258,PRD0005,V021,CC02,FOR0038,DOC109473,19215.43,Despesa
2024-04-25,CLI0100,PRD0015,V002,CC05,FOR0066,DOC109474,29353.21,Despesa
2026-12-02,CLI0118,PRD0026,V009,CC09,,DOC109475,23758.2,Receita
2023-08-18,CLI0299,PRD0036,V030,CC07,FOR0090,DOC109476,17013.91,Despesa
2024-09-11,CLI0170,PRD0011,V030,CC06,FOR0048,DOC109477,6710.09,Despesa
2025-04-04,CLI0268,PRD0173,V015,CC09,FOR0031,DOC109478,6405.85,Despesa
2024-07-18,CLI0138,PRD0131,V006,CC03,FOR0084,DOC109479,728.43,Despesa
2023-05-31,CLI0245,PRD0160,V008,CC06,,DOC109480,22138.61,Receita
2026-10-28,CLI0083,PRD0170,V029,CC09,,DOC109481,28842.31,Receita
2026-12-01,CLI0172,PRD0022,V021,CC03,FOR0062,DOC109482,28754.13,Despesa
2023-04-17,CLI0157,PRD0117,V010,CC08,,DOC109483,2940.79,Receita
2023-01-18,CLI0117,PRD0069,V028,CC04,,DOC109484,2174.93,Receita
2024-10-20,CLI0013,PRD0079,V003,CC05,FOR0059,DOC109485,13238.85,Despesa
2026-05-20,CLI0220,PRD0110,V006,CC06,,DOC109486,3254.95,Receita
2023-04-12,CLI0042,PRD0150,V010,CC03,,DOC109487,12186.9,Receita
2024-03-29,CLI0059,PRD0098,V030,CC08,,DOC109488,16524.91,Receita
2026-01-12,CLI0098,PRD0032,V011,CC06,,DOC109489,7920.08,Receita
2025-03-24,CLI0121,PRD0199,V010,CC01,,DOC109490,26165.36,Receita
2023-12-04,CLI0279,PRD0028,V028,CC01,,DOC109491,21742.4,Receita
2025-05-14,CLI0039,PRD0052,V018,CC03,,DOC109492,25924.16,Receita
2023-10-13,CLI0265,PRD0149,V001,CC10,FOR0011,DOC109493,8082.57,Despesa
2025-08-13,CLI0195,PRD0034,V007,CC02,,DOC109494,7159.13,Receita
2024-05-07,CLI0235,PRD0095,V001,CC04,FOR0084,DOC109495,25958.17,Despesa
2024-01-25,CLI0236,PRD0142,V019,CC09,FOR0026,DOC109496,20085.35,Despesa
2026-05-22,CLI0231,PRD0019,V001,CC02,,DOC109497,7288.58,Receita
2026-04-29,CLI0182,PRD0046,V007,CC10,,DOC109498,4540.95,Receita
2025-12-25,CLI0235,PRD0083,V009,CC10,,DOC109499,402.2,Receita
2023-11-15,CLI0182,PRD0118,V001,CC07,FOR0009,DOC109500,12975.82,Despesa
2023-07-29,CLI0221,PRD0194,V002,CC04,FOR0043,DOC109501,3796.75,Despesa
2026-04-28,CLI0231,PRD0148,V018,CC09,,DOC109502,17590.38,Receita
2024-07-09,CLI0123,PRD0074,V020,CC08,FOR0029,DOC109503,16178.33,Despesa
2026-08-15,CLI0246,PRD0095,V012,CC05,,DOC109504,1600.18,Receita
2024-05-27,CLI0109,PRD0169,V024,CC07,,DOC109505,29086.05,Receita
2026-08-01,CLI0213,PRD0081,V011,CC10,,DOC109506,13172.58,Receita
2023-07-29,CLI0166,PRD0090,V023,CC04,,DOC109507,11601.73,Receita
2026-08-18,CLI0167,PRD0195,V003,CC07,FOR0035,DOC109508,9829.88,Despesa
2023-11-13,CLI0033,PRD0174,V018,CC06,,DOC109509,10659.0,Receita
2024-11-02,CLI0289,PRD0175,V002,CC07,FOR0020,DOC109510,10112.32,Despesa
2023-01-09,CLI0297,PRD0168,V019,CC01,,DOC109511,2585.67,Receita
2023-12-07,CLI0013,PRD0037,V002,CC09,FOR0084,DOC109512,28873.35,Despesa
2026-01-14,CLI0220,PRD0097,V013,CC03,,DOC109513,10810.26,Receita
2024-10-22,CLI0249,PRD0184,V013,CC09,,DOC109514,14309.66,Receita
2026-06-06,CLI0206,PRD0122,V019,CC09,,DOC109515,3760.95,Receita
2024-02-29,CLI0257,PRD0146,V010,CC01,FOR0089,DOC109516,24312.04,Despesa
2025-06-22,CLI0067,PRD0145,V024,CC04,FOR0093,DOC109517,28343.59,Despesa
2024-08-25,CLI0283,PRD0137,V003,CC06,,DOC109518,9847.99,Receita
2023-08-26,CLI0008,PRD0120,V030,CC02,,DOC109519,7378.75,Receita
2025-11-20,CLI0176,PRD0076,V020,CC06,FOR0094,DOC109520,18503.71,Despesa
2023-11-15,CLI0294,PRD0158,V013,CC06,FOR0013,DOC109521,5556.27,Despesa
2023-11-15,CLI0071,PRD0186,V004,CC05,FOR0009,DOC109522,18468.41,Despesa
2024-04-23,CLI0092,PRD0126,V013,CC06,FOR0005,DOC109523,17921.35,Despesa
2024-05-16,CLI0186,PRD0021,V014,CC01,FOR0081,DOC109524,25247.38,Despesa
2026-04-23,CLI0069,PRD0173,V017,CC10,,DOC109525,27948.66,Receita
2023-10-01,CLI0111,PRD0011,V004,CC08,FOR0023,DOC109526,25807.13,Despesa
2026-04-21,CLI0268,PRD0125,V017,CC09,,DOC109527,29798.12,Receita
2026-09-28,CLI0261,PRD0155,V024,CC02,FOR0014,DOC109528,10450.11,Despesa
2026-12-10,CLI0194,PRD0104,V022,CC06,FOR0034,DOC109529,2386.67,Despesa
2026-01-01,CLI0117,PRD0176,V024,CC02,FOR0024,DOC109530,19442.93,Despesa
2026-03-31,CLI0124,PRD0011,V026,CC03,,DOC109531,15860.13,Receita
2024-03-11,CLI0093,PRD0072,V022,CC03,FOR0008,DOC109532,23907.92,Despesa
2025-03-04,CLI0054,PRD0024,V024,CC02,FOR0006,DOC109533,11522.12,Despesa
2024-11-04,CLI0267,PRD0104,V016,CC06,FOR0079,DOC109534,28793.99,Despesa
2023-11-30,CLI0240,PRD0107,V030,CC04,FOR0037,DOC109535,2217.58,Despesa
2026-01-11,CLI0075,PRD0097,V005,CC07,FOR0072,DOC109536,14344.9,Despesa
2025-02-28,CLI0022,PRD0047,V006,CC03,FOR0003,DOC109537,26464.01,Despesa
2024-06-08,CLI0238,PRD0021,V030,CC06,FOR0077,DOC109538,18620.73,Despesa
2025-04-24,CLI0297,PRD0100,V023,CC03,FOR0069,DOC109539,12456.53,Despesa
2024-06-17,CLI0284,PRD0129,V030,CC08,FOR0007,DOC109540,24582.91,Despesa
2023-05-28,CLI0091,PRD0148,V012,CC05,FOR0088,DOC109541,10460.09,Despesa
2023-05-31,CLI0113,PRD0093,V008,CC08,,DOC109542,27993.87,Receita
2024-05-11,CLI0229,PRD0123,V008,CC10,FOR0020,DOC109543,18224.13,Despesa
2023-06-04,CLI0001,PRD0111,V007,CC10,FOR0039,DOC109544,13344.65,Despesa
2025-12-23,CLI0283,PRD0007,V002,CC04,,DOC109545,2255.12,Receita
2024-07-29,CLI0205,PRD0031,V030,CC09,FOR0003,DOC109546,17292.24,Despesa
2026-04-08,CLI0006,PRD0103,V024,CC07,,DOC109547,1479.08,Receita
2024-09-30,CLI0046,PRD0122,V004,CC03,FOR0089,DOC109548,26304.86,Despesa
2026-03-14,CLI0079,PRD0023,V013,CC08,FOR0021,DOC109549,26702.31,Despesa
2026-09-30,CLI0257,PRD0120,V029,CC09,,DOC109550,20753.15,Receita
2026-06-04,CLI0131,PRD0181,V003,CC10,,DOC109551,3766.4,Receita
2025-07-07,CLI0029,PRD0023,V006,CC08,FOR0093,DOC109552,7789.69,Despesa
2024-01-20,CLI0124,PRD0154,V027,CC06,FOR0093,DOC109553,15405.46,Despesa
2024-07-15,CLI0128,PRD0073,V020,CC04,FOR0020,DOC109554,10071.84,Despesa
2023-11-16,CLI0084,PRD0031,V015,CC01,,DOC109555,19827.58,Receita
2023-04-12,CLI0155,PRD0069,V027,CC08,,DOC109556,1578.8,Receita
2024-08-10,CLI0002,PRD0147,V009,CC01,FOR0088,DOC109557,20517.26,Despesa
2024-07-23,CLI0052,PRD0090,V022,CC04,FOR0034,DOC109558,22785.4,Despesa
2025-10-01,CLI0046,PRD0073,V018,CC09,FOR0026,DOC109559,20915.8,Despesa
2025-07-28,CLI0270,PRD0053,V011,CC06,FOR0095,DOC109560,16512.76,Despesa
2023-06-20,CLI0162,PRD0013,V023,CC05,FOR0063,DOC109561,5807.98,Despesa
2025-06-08,CLI0219,PRD0048,V028,CC04,,DOC109562,23559.53,Receita
2026-05-27,CLI0101,PRD0088,V025,CC07,FOR0004,DOC109563,10355.66,Despesa
2026-11-13,CLI0298,PRD0088,V008,CC10,FOR0043,DOC109564,2877.54,Despesa
2025-04-22,CLI0231,PRD0040,V021,CC02,FOR0048,DOC109565,18374.86,Despesa
2023-12-29,CLI0247,PRD0166,V014,CC10,FOR0066,DOC109566,24466.99,Despesa
2025-09-15,CLI0221,PRD0183,V023,CC07,FOR0089,DOC109567,18294.79,Despesa
2023-06-12,CLI0290,PRD0026,V015,CC05,FOR0055,DOC109568,10058.16,Despesa
2024-06-29,CLI0228,PRD0129,V010,CC04,,DOC109569,16161.38,Receita
2023-07-30,CLI0293,PRD0078,V022,CC03,FOR0059,DOC109570,8051.46,Despesa
2025-12-08,CLI0070,PRD0113,V017,CC08,,DOC109571,10338.4,Receita
2023-07-26,CLI0061,PRD0171,V029,CC05,,DOC109572,26064.56,Receita
2023-02-23,CLI0087,PRD0014,V024,CC04,FOR0002,DOC109573,21647.41,Despesa
2026-12-29,CLI0172,PRD0080,V028,CC07,,DOC109574,5036.17,Receita
2024-10-16,CLI0073,PRD0041,V025,CC07,,DOC109575,22639.79,Receita
2024-09-30,CLI0166,PRD0185,V012,CC10,FOR0028,DOC109576,9900.08,Despesa
2024-04-26,CLI0246,PRD0035,V004,CC03,,DOC109577,29753.82,Receita
2025-03-06,CLI0075,PRD0027,V008,CC02,FOR0081,DOC109578,18812.98,Despesa
2025-07-30,CLI0019,PRD0066,V009,CC04,,DOC109579,26289.39,Receita
2024-10-22,CLI0219,PRD0016,V020,CC06,,DOC109580,8389.26,Receita
2026-11-04,CLI0176,PRD0166,V022,CC04,FOR0048,DOC109581,6460.41,Despesa
2025-07-21,CLI0264,PRD0049,V003,CC02,FOR0058,DOC109582,27900.17,Despesa
2024-05-08,CLI0222,PRD0114,V024,CC06,,DOC109583,28530.4,Receita
2026-08-05,CLI0064,PRD0103,V020,CC01,,DOC109584,23358.94,Receita
2026-10-23,CLI0139,PRD0082,V030,CC04,FOR0074,DOC109585,16252.21,Despesa
2025-09-04,CLI0173,PRD0100,V026,CC08,,DOC109586,10878.48,Receita
2023-05-17,CLI0132,PRD0104,V023,CC06,FOR0048,DOC109587,13784.33,Despesa
2025-10-25,CLI0290,PRD0063,V001,CC07,FOR0089,DOC109588,4416.2,Despesa
2026-03-11,CLI0116,PRD0155,V007,CC03,,DOC109589,24338.83,Receita
2025-10-03,CLI0117,PRD0103,V018,CC07,FOR0026,DOC109590,28718.29,Despesa
2024-01-07,CLI0071,PRD0036,V013,CC05,,DOC109591,26252.38,Receita
2023-10-20,CLI0139,PRD0186,V013,CC08,FOR0062,DOC109592,26389.28,Despesa
2024-06-12,CLI0043,PRD0130,V003,CC07,FOR0062,DOC109593,18019.85,Despesa
2026-09-20,CLI0154,PRD0005,V024,CC10,FOR0050,DOC109594,13645.86,Despesa
2023-07-16,CLI0168,PRD0081,V028,CC02,FOR0091,DOC109595,29185.9,Despesa
2024-07-29,CLI0019,PRD0038,V029,CC01,,DOC109596,14622.32,Receita
2024-02-25,CLI0142,PRD0141,V017,CC03,,DOC109597,14668.25,Receita
2023-10-06,CLI0260,PRD0166,V010,CC08,FOR0007,DOC109598,13841.8,Despesa
2026-05-18,CLI0263,PRD0087,V020,CC06,FOR0024,DOC109599,25214.16,Despesa
2024-01-12,CLI0224,PRD0159,V018,CC06,FOR0097,DOC109600,23502.16,Despesa
2025-02-15,CLI0075,PRD0062,V004,CC07,FOR0063,DOC109601,14774.73,Despesa
2026-09-19,CLI0241,PRD0152,V020,CC05,,DOC109602,22737.58,Receita
2024-08-01,CLI0199,PRD0008,V025,CC07,FOR0015,DOC109603,5360.64,Despesa
2025-09-20,CLI0145,PRD0072,V022,CC02,,DOC109604,8833.89,Receita
2023-10-03,CLI0208,PRD0122,V020,CC04,,DOC109605,3740.52,Receita
2023-05-04,CLI0200,PRD0179,V006,CC09,FOR0074,DOC109606,26466.44,Despesa
2025-03-10,CLI0153,PRD0081,V022,CC04,FOR0054,DOC109607,14613.64,Despesa
2024-08-06,CLI0111,PRD0035,V015,CC02,,DOC109608,6162.99,Receita
2025-06-17,CLI0031,PRD0043,V018,CC10,,DOC109609,26511.36,Receita
2024-10-04,CLI0296,PRD0062,V013,CC05,,DOC109610,29326.64,Receita
2025-04-03,CLI0173,PRD0065,V004,CC08,FOR0043,DOC109611,25275.07,Despesa
2024-06-18,CLI0159,PRD0029,V015,CC10,FOR0010,DOC109612,7241.96,Despesa
2026-01-04,CLI0097,PRD0089,V015,CC02,,DOC109613,9733.83,Receita
2026-05-25,CLI0284,PRD0127,V019,CC06,FOR0100,DOC109614,8664.68,Despesa
2023-04-03,CLI0227,PRD0138,V010,CC05,,DOC109615,6443.57,Receita
2025-04-19,CLI0033,PRD0150,V001,CC07,FOR0002,DOC109616,17304.69,Despesa
2023-10-02,CLI0215,PRD0016,V023,CC05,FOR0082,DOC109617,26202.43,Despesa
2024-11-10,CLI0026,PRD0021,V008,CC08,FOR0097,DOC109618,23160.29,Despesa
2026-04-22,CLI0044,PRD0175,V009,CC01,,DOC109619,22409.01,Receita
2026-11-11,CLI0122,PRD0051,V028,CC09,FOR0085,DOC109620,25363.76,Despesa
2024-08-14,CLI0293,PRD0105,V018,CC10,FOR0071,DOC109621,897.72,Despesa
2024-11-13,CLI0072,PRD0063,V008,CC02,FOR0092,DOC109622,13814.47,Despesa
2026-08-05,CLI0178,PRD0129,V005,CC06,,DOC109623,13256.88,Receita
2023-04-30,CLI0048,PRD0188,V002,CC07,,DOC109624,27533.23,Receita
2023-08-01,CLI0087,PRD0180,V003,CC09,,DOC109625,20288.53,Receita
2024-12-23,CLI0141,PRD0001,V001,CC10,,DOC109626,17371.68,Receita
2024-10-08,CLI0171,PRD0170,V008,CC06,,DOC109627,24592.66,Receita
2023-05-21,CLI0138,PRD0027,V021,CC09,,DOC109628,9692.11,Receita
2025-01-24,CLI0283,PRD0109,V011,CC01,FOR0050,DOC109629,17542.37,Despesa
2026-11-13,CLI0165,PRD0159,V020,CC10,FOR0078,DOC109630,29834.26,Despesa
2023-12-08,CLI0211,PRD0041,V011,CC06,FOR0025,DOC109631,11883.81,Despesa
2025-07-04,CLI0043,PRD0184,V020,CC03,FOR0055,DOC109632,27544.29,Despesa
2023-12-11,CLI0025,PRD0195,V021,CC08,FOR0014,DOC109633,3956.87,Despesa
2025-01-09,CLI0203,PRD0005,V022,CC04,,DOC109634,25734.9,Receita
2024-09-28,CLI0264,PRD0035,V021,CC04,FOR0012,DOC109635,14236.19,Despesa
2026-10-02,CLI0271,PRD0088,V023,CC02,,DOC109636,2553.32,Receita
2026-03-01,CLI0026,PRD0047,V015,CC09,FOR0082,DOC109637,28969.73,Despesa
2023-02-26,CLI0175,PRD0156,V022,CC09,FOR0097,DOC109638,6654.4,Despesa
2026-03-20,CLI0172,PRD0189,V005,CC05,,DOC109639,6799.46,Receita
2026-01-16,CLI0216,PRD0082,V002,CC01,FOR0021,DOC109640,12891.29,Despesa
2025-06-03,CLI0190,PRD0040,V014,CC07,FOR0099,DOC109641,19730.86,Despesa
2024-03-17,CLI0090,PRD0196,V001,CC04,,DOC109642,15387.86,Receita
2025-01-04,CLI0045,PRD0029,V023,CC04,FOR0007,DOC109643,20679.54,Despesa
2024-07-20,CLI0297,PRD0089,V013,CC10,,DOC109644,18605.15,Receita
2023-09-30,CLI0232,PRD0077,V027,CC09,,DOC109645,24742.34,Receita
2026-12-28,CLI0271,PRD0015,V002,CC05,,DOC109646,8525.53,Receita
2025-10-02,CLI0152,PRD0200,V022,CC05,,DOC109647,20018.7,Receita
2026-02-06,CLI0169,PRD0116,V030,CC03,FOR0023,DOC109648,2306.2,Despesa
2026-02-01,CLI0029,PRD0093,V019,CC01,,DOC109649,1665.1,Receita
2025-10-29,CLI0140,PRD0110,V019,CC08,FOR0006,DOC109650,20863.26,Despesa
2024-11-20,CLI0294,PRD0050,V022,CC09,FOR0064,DOC109651,4374.06,Despesa
2025-01-19,CLI0189,PRD0077,V005,CC10,FOR0050,DOC109652,18495.99,Despesa
2024-08-24,CLI0044,PRD0130,V019,CC01,FOR0079,DOC109653,15386.66,Despesa
2023-04-22,CLI0022,PRD0089,V003,CC02,FOR0053,DOC109654,25797.31,Despesa
2025-11-02,CLI0235,PRD0098,V014,CC06,FOR0082,DOC109655,29368.46,Despesa
2026-11-22,CLI0223,PRD0013,V017,CC07,,DOC109656,11509.8,Receita
2023-03-08,CLI0041,PRD0069,V005,CC07,FOR0014,DOC109657,20560.46,Despesa
2023-03-19,CLI0030,PRD0057,V002,CC02,,DOC109658,3394.26,Receita
2023-05-03,CLI0013,PRD0006,V016,CC03,,DOC109659,28044.51,Receita
2026-08-13,CLI0090,PRD0152,V021,CC10,FOR0042,DOC109660,14512.49,Despesa
2023-12-20,CLI0001,PRD0093,V024,CC01,FOR0069,DOC109661,3341.28,Despesa
2026-01-25,CLI0035,PRD0096,V008,CC04,,DOC109662,18937.7,Receita
2023-07-30,CLI0241,PRD0103,V022,CC01,,DOC109663,6906.57,Receita
2025-11-22,CLI0102,PRD0065,V028,CC07,FOR0035,DOC109664,11080.08,Despesa
2025-08-11,CLI0112,PRD0043,V013,CC06,,DOC109665,14469.97,Receita
2026-10-11,CLI0108,PRD0003,V007,CC09,FOR0049,DOC109666,21585.67,Despesa
2025-07-27,CLI0164,PRD0054,V026,CC10,FOR0025,DOC109667,29062.98,Despesa
2025-02-09,CLI0009,PRD0094,V023,CC01,,DOC109668,14611.12,Receita
2026-07-17,CLI0021,PRD0084,V026,CC10,,DOC109669,14338.89,Receita
2025-08-24,CLI0173,PRD0126,V005,CC01,,DOC109670,12583.3,Receita
2024-12-17,CLI0113,PRD0039,V001,CC10,FOR0046,DOC109671,23909.96,Despesa
2025-03-08,CLI0240,PRD0173,V024,CC10,FOR0042,DOC109672,16030.23,Despesa
2024-04-03,CLI0159,PRD0150,V024,CC01,FOR0100,DOC109673,12298.77,Despesa
2026-12-12,CLI0059,PRD0017,V003,CC09,,DOC109674,1254.74,Receita
2026-11-27,CLI0100,PRD0070,V012,CC02,,DOC109675,721.49,Receita
2026-08-30,CLI0213,PRD0089,V018,CC06,FOR0045,DOC109676,2642.5,Despesa
2026-12-28,CLI0034,PRD0124,V021,CC09,FOR0043,DOC109677,23395.67,Despesa
2023-10-15,CLI0160,PRD0048,V008,CC04,FOR0015,DOC109678,11597.18,Despesa
2025-07-22,CLI0021,PRD0197,V005,CC02,FOR0036,DOC109679,17328.54,Despesa
2026-10-29,CLI0233,PRD0145,V004,CC02,,DOC109680,13864.62,Receita
2024-04-16,CLI0264,PRD0010,V004,CC08,FOR0018,DOC109681,29459.57,Despesa
2025-03-02,CLI0245,PRD0106,V014,CC06,FOR0019,DOC109682,18513.64,Despesa
2024-01-22,CLI0102,PRD0001,V025,CC09,,DOC109683,28469.28,Receita
2023-03-04,CLI0227,PRD0011,V018,CC04,FOR0032,DOC109684,3369.54,Despesa
2025-02-12,CLI0131,PRD0108,V024,CC10,FOR0005,DOC109685,28617.44,Despesa
2023-03-15,CLI0279,PRD0094,V011,CC05,FOR0082,DOC109686,10287.39,Despesa
2025-01-14,CLI0154,PRD0110,V023,CC10,,DOC109687,29172.49,Receita
2025-09-12,CLI0116,PRD0193,V016,CC03,,DOC109688,12203.96,Receita
2025-05-08,CLI0243,PRD0143,V016,CC04,,DOC109689,14473.51,Receita
2025-12-06,CLI0074,PRD0166,V019,CC03,FOR0032,DOC109690,3766.04,Despesa
2026-07-12,CLI0076,PRD0003,V018,CC09,FOR0033,DOC109691,1180.39,Despesa
2024-10-12,CLI0242,PRD0119,V003,CC06,,DOC109692,1095.81,Receita
2023-02-17,CLI0097,PRD0121,V004,CC04,FOR0063,DOC109693,16505.59,Despesa
2026-09-19,CLI0169,PRD0162,V003,CC03,FOR0090,DOC109694,9410.41,Despesa
2025-06-18,CLI0206,PRD0047,V027,CC06,FOR0082,DOC109695,23302.23,Despesa
2023-12-08,CLI0170,PRD0149,V007,CC01,,DOC109696,9190.68,Receita
2025-08-31,CLI0052,PRD0169,V029,CC06,FOR0016,DOC109697,15632.05,Despesa
2026-02-26,CLI0099,PRD0125,V021,CC08,FOR0031,DOC109698,24458.99,Despesa
2024-01-05,CLI0288,PRD0181,V002,CC03,FOR0058,DOC109699,585.06,Despesa
2024-12-13,CLI0111,PRD0139,V023,CC10,FOR0044,DOC109700,900.53,Despesa
2023-01-19,CLI0194,PRD0048,V028,CC06,FOR0004,DOC109701,5890.41,Despesa
2023-08-24,CLI0023,PRD0044,V005,CC07,,DOC109702,1921.27,Receita
2023-11-05,CLI0117,PRD0192,V003,CC02,,DOC109703,11119.05,Receita
2025-10-06,CLI0261,PRD0046,V028,CC09,,DOC109704,15159.34,Receita
2026-04-15,CLI0247,PRD0110,V030,CC04,,DOC109705,11716.88,Receita
2024-11-22,CLI0006,PRD0167,V006,CC10,,DOC109706,12577.84,Receita
2025-02-01,CLI0172,PRD0028,V024,CC06,FOR0084,DOC109707,25669.65,Despesa
2025-03-16,CLI0223,PRD0162,V029,CC06,FOR0058,DOC109708,16054.53,Despesa
2024-07-19,CLI0023,PRD0145,V012,CC04,,DOC109709,28364.97,Receita
2025-08-31,CLI0167,PRD0182,V002,CC05,FOR0078,DOC109710,18868.08,Despesa
2023-02-23,CLI0240,PRD0157,V029,CC06,,DOC109711,17224.97,Receita
2026-07-19,CLI0120,PRD0125,V013,CC10,FOR0100,DOC109712,2489.23,Despesa
2026-08-14,CLI0119,PRD0079,V010,CC09,,DOC109713,17324.07,Receita
2023-09-11,CLI0085,PRD0182,V006,CC10,,DOC109714,11962.86,Receita
2025-07-05,CLI0057,PRD0010,V012,CC07,,DOC109715,2292.96,Receita
2025-07-13,CLI0073,PRD0156,V018,CC02,FOR0006,DOC109716,2603.68,Despesa
2025-04-21,CLI0049,PRD0108,V008,CC09,FOR0015,DOC109717,12532.95,Despesa
2024-12-17,CLI0002,PRD0001,V024,CC04,,DOC109718,11896.74,Receita
2023-03-26,CLI0117,PRD0192,V024,CC01,FOR0054,DOC109719,16842.79,Despesa
2025-01-05,CLI0178,PRD0012,V017,CC07,FOR0050,DOC109720,10704.34,Despesa
2023-07-05,CLI0295,PRD0093,V016,CC02,FOR0027,DOC109721,26299.78,Despesa
2025-12-03,CLI0004,PRD0043,V026,CC01,FOR0062,DOC109722,3824.01,Despesa
2024-06-26,CLI0027,PRD0072,V001,CC03,FOR0034,DOC109723,688.46,Despesa
2023-09-20,CLI0006,PRD0082,V013,CC06,FOR0033,DOC109724,11301.51,Despesa
2026-08-18,CLI0081,PRD0040,V012,CC01,FOR0026,DOC109725,19680.52,Despesa
2023-07-01,CLI0083,PRD0160,V026,CC03,FOR0029,DOC109726,5380.29,Despesa
2025-05-14,CLI0242,PRD0131,V026,CC01,,DOC109727,7999.43,Receita
2026-02-16,CLI0025,PRD0143,V009,CC03,,DOC109728,15813.59,Receita
2025-05-21,CLI0052,PRD0132,V017,CC08,,DOC109729,6871.37,Receita
2023-08-31,CLI0054,PRD0071,V009,CC03,FOR0073,DOC109730,10125.75,Despesa
2023-11-05,CLI0160,PRD0112,V011,CC07,FOR0011,DOC109731,12467.2,Despesa
2024-07-14,CLI0015,PRD0120,V023,CC04,FOR0054,DOC109732,24391.85,Despesa
2025-06-03,CLI0121,PRD0007,V022,CC05,,DOC109733,22113.83,Receita
2023-01-17,CLI0289,PRD0184,V025,CC05,FOR0024,DOC109734,14135.08,Despesa
2023-12-07,CLI0150,PRD0172,V016,CC08,FOR0027,DOC109735,12237.86,Despesa
2023-07-05,CLI0288,PRD0095,V005,CC04,,DOC109736,1648.81,Receita
2025-06-18,CLI0174,PRD0130,V024,CC06,,DOC109737,5581.49,Receita
2026-04-08,CLI0038,PRD0051,V030,CC01,FOR0039,DOC109738,18711.19,Despesa
2025-12-01,CLI0028,PRD0005,V006,CC08,FOR0076,DOC109739,9744.35,Despesa
2023-12-30,CLI0009,PRD0123,V010,CC06,FOR0087,DOC109740,10251.21,Despesa
2023-06-26,CLI0187,PRD0117,V011,CC05,FOR0038,DOC109741,5417.97,Despesa
2023-04-15,CLI0274,PRD0032,V030,CC04,,DOC109742,21386.62,Receita
2023-11-11,CLI0208,PRD0082,V006,CC04,,DOC109743,11677.52,Receita
2025-06-21,CLI0272,PRD0133,V023,CC09,,DOC109744,4126.96,Receita
2025-03-16,CLI0093,PRD0162,V023,CC01,FOR0051,DOC109745,8287.68,Despesa
2026-01-11,CLI0102,PRD0077,V030,CC03,FOR0021,DOC109746,14459.91,Despesa
2023-11-29,CLI0199,PRD0070,V020,CC07,,DOC109747,29704.8,Receita
2024-11-20,CLI0016,PRD0069,V006,CC04,,DOC109748,4448.86,Receita
2023-01-14,CLI0112,PRD0001,V018,CC02,FOR0046,DOC109749,2044.01,Despesa
2024-01-29,CLI0278,PRD0030,V027,CC06,,DOC109750,16094.95,Receita
2024-01-12,CLI0057,PRD0064,V007,CC05,FOR0092,DOC109751,5390.66,Despesa
2024-07-27,CLI0042,PRD0184,V020,CC08,FOR0013,DOC109752,23904.96,Despesa
2025-12-04,CLI0191,PRD0155,V028,CC03,,DOC109753,19760.57,Receita
2026-06-26,CLI0044,PRD0197,V008,CC03,FOR0057,DOC109754,2217.09,Despesa
2025-05-28,CLI0107,PRD0176,V030,CC03,,DOC109755,5764.18,Receita
2025-11-22,CLI0282,PRD0047,V024,CC03,FOR0060,DOC109756,28952.49,Despesa
2024-10-13,CLI0059,PRD0087,V025,CC01,FOR0053,DOC109757,17560.66,Despesa
2024-02-24,CLI0114,PRD0128,V005,CC01,FOR0036,DOC109758,18933.04,Despesa
2025-10-12,CLI0255,PRD0190,V004,CC10,FOR0064,DOC109759,7044.78,Despesa
2025-02-25,CLI0045,PRD0057,V011,CC07,,DOC109760,27503.94,Receita
2023-01-05,CLI0269,PRD0133,V006,CC09,FOR0093,DOC109761,16132.37,Despesa
2023-02-06,CLI0113,PRD0200,V020,CC06,,DOC109762,3001.25,Receita
2024-03-10,CLI0079,PRD0052,V021,CC04,,DOC109763,28347.83,Receita
2025-09-19,CLI0002,PRD0141,V007,CC04,FOR0060,DOC109764,25846.02,Despesa
2026-07-25,CLI0048,PRD0012,V023,CC08,FOR0052,DOC109765,8957.39,Despesa
2024-11-28,CLI0038,PRD0077,V025,CC01,,DOC109766,12648.22,Receita
2026-12-02,CLI0096,PRD0160,V004,CC02,FOR0006,DOC109767,6692.94,Despesa
2025-08-29,CLI0033,PRD0150,V022,CC06,,DOC109768,8941.39,Receita
2026-01-06,CLI0037,PRD0133,V010,CC07,,DOC109769,10423.86,Receita
2023-05-03,CLI0039,PRD0097,V012,CC10,,DOC109770,2976.9,Receita
2024-08-02,CLI0045,PRD0014,V012,CC10,FOR0091,DOC109771,8437.76,Despesa
2024-06-11,CLI0027,PRD0123,V023,CC05,,DOC109772,23022.93,Receita
2023-11-02,CLI0260,PRD0200,V001,CC09,,DOC109773,24573.22,Receita
2025-08-01,CLI0248,PRD0085,V019,CC03,,DOC109774,8908.57,Receita
2025-07-28,CLI0025,PRD0128,V025,CC02,FOR0094,DOC109775,17815.41,Despesa
2023-12-15,CLI0262,PRD0183,V011,CC04,,DOC109776,15851.34,Receita
2023-05-09,CLI0284,PRD0137,V018,CC05,FOR0013,DOC109777,3746.24,Despesa
2024-02-24,CLI0070,PRD0001,V021,CC06,FOR0015,DOC109778,2261.32,Despesa
2023-01-28,CLI0094,PRD0094,V013,CC08,,DOC109779,13588.55,Receita
2025-08-12,CLI0047,PRD0178,V021,CC05,,DOC109780,679.84,Receita
2023-04-05,CLI0210,PRD0122,V003,CC01,,DOC109781,19362.5,Receita
2026-06-09,CLI0107,PRD0090,V001,CC09,FOR0054,DOC109782,4367.01,Despesa
2023-10-16,CLI0120,PRD0116,V003,CC09,,DOC109783,17950.99,Receita
2024-07-31,CLI0132,PRD0001,V002,CC05,,DOC109784,9560.3,Receita
2025-12-06,CLI0038,PRD0167,V029,CC06,FOR0062,DOC109785,14395.7,Despesa
2025-04-23,CLI0126,PRD0030,V009,CC03,FOR0092,DOC109786,421.08,Despesa
2026-09-09,CLI0152,PRD0017,V026,CC06,FOR0058,DOC109787,6511.57,Despesa
2023-06-26,CLI0214,PRD0199,V008,CC05,FOR0021,DOC109788,11669.52,Despesa
2024-04-01,CLI0245,PRD0159,V028,CC03,,DOC109789,24374.59,Receita
2026-03-24,CLI0285,PRD0148,V018,CC10,FOR0050,DOC109790,15025.38,Despesa
2023-03-27,CLI0140,PRD0017,V014,CC09,,DOC109791,13943.19,Receita
2023-07-30,CLI0247,PRD0080,V025,CC01,,DOC109792,17718.21,Receita
2025-04-15,CLI0075,PRD0170,V001,CC05,,DOC109793,19853.56,Receita
2023-02-26,CLI0259,PRD0003,V008,CC06,,DOC109794,7951.27,Receita
2026-09-07,CLI0005,PRD0097,V021,CC03,,DOC109795,18146.83,Receita
2024-04-06,CLI0267,PRD0012,V010,CC06,FOR0048,DOC109796,14587.17,Despesa
2024-01-19,CLI0284,PRD0029,V001,CC07,,DOC109797,10710.14,Receita
2024-08-10,CLI0184,PRD0163,V009,CC09,,DOC109798,4169.1,Receita
2024-05-20,CLI0156,PRD0152,V002,CC05,FOR0091,DOC109799,23360.88,Despesa
2024-06-29,CLI0087,PRD0173,V007,CC08,,DOC109800,27249.68,Receita
2025-12-13,CLI0258,PRD0096,V011,CC07,FOR0040,DOC109801,17358.18,Despesa
2026-05-14,CLI0119,PRD0146,V030,CC06,FOR0031,DOC109802,26211.55,Despesa
2026-12-14,CLI0237,PRD0097,V027,CC08,FOR0008,DOC109803,26778.45,Despesa
2024-04-09,CLI0198,PRD0071,V012,CC10,,DOC109804,22785.27,Receita
2024-07-22,CLI0268,PRD0030,V008,CC07,,DOC109805,22981.43,Receita
2025-01-28,CLI0279,PRD0004,V020,CC07,FOR0086,DOC109806,23756.88,Despesa
2024-07-30,CLI0164,PRD0028,V018,CC07,,DOC109807,2592.62,Receita
2023-08-11,CLI0271,PRD0195,V027,CC08,,DOC109808,16723.29,Receita
2023-11-02,CLI0296,PRD0173,V015,CC02,,DOC109809,20514.16,Receita
2024-03-27,CLI0062,PRD0109,V025,CC03,,DOC109810,17472.05,Receita
2026-07-26,CLI0139,PRD0043,V029,CC02,,DOC109811,8483.95,Receita
2026-12-04,CLI0037,PRD0001,V013,CC04,FOR0001,DOC109812,20104.41,Despesa
2025-01-15,CLI0139,PRD0165,V030,CC04,FOR0066,DOC109813,28555.44,Despesa
2023-09-06,CLI0265,PRD0192,V001,CC07,FOR0099,DOC109814,3107.44,Despesa
2024-10-06,CLI0234,PRD0048,V023,CC09,,DOC109815,14608.19,Receita
2026-07-02,CLI0050,PRD0059,V020,CC10,,DOC109816,18893.58,Receita
2024-04-06,CLI0277,PRD0102,V017,CC04,,DOC109817,6934.74,Receita
2024-11-09,CLI0013,PRD0071,V025,CC05,FOR0089,DOC109818,19707.61,Despesa
2025-10-12,CLI0283,PRD0126,V006,CC09,FOR0024,DOC109819,8277.54,Despesa
2025-01-17,CLI0167,PRD0139,V026,CC10,FOR0045,DOC109820,12987.59,Despesa
2026-12-11,CLI0079,PRD0027,V016,CC08,FOR0049,DOC109821,18747.25,Despesa
2023-03-21,CLI0084,PRD0174,V011,CC08,FOR0052,DOC109822,9869.27,Despesa
2025-10-02,CLI0293,PRD0114,V004,CC01,FOR0046,DOC109823,6939.9,Despesa
2025-03-02,CLI0119,PRD0128,V021,CC04,,DOC109824,2604.81,Receita
2025-03-27,CLI0122,PRD0153,V015,CC09,FOR0064,DOC109825,3772.99,Despesa
2024-12-29,CLI0131,PRD0154,V010,CC05,,DOC109826,18821.83,Receita
2024-11-19,CLI0043,PRD0095,V020,CC09,FOR0077,DOC109827,20179.47,Despesa
2024-03-29,CLI0256,PRD0040,V001,CC03,FOR0056,DOC109828,8595.91,Despesa
2025-12-23,CLI0243,PRD0079,V005,CC03,FOR0069,DOC109829,1450.75,Despesa
2023-03-27,CLI0007,PRD0006,V011,CC06,,DOC109830,1085.5,Receita
2025-07-16,CLI0212,PRD0071,V010,CC08,,DOC109831,12422.26,Receita
2025-02-25,CLI0262,PRD0173,V017,CC04,,DOC109832,2036.94,Receita
2023-12-13,CLI0074,PRD0133,V008,CC08,FOR0087,DOC109833,5560.55,Despesa
2023-10-31,CLI0147,PRD0174,V016,CC02,FOR0046,DOC109834,12851.01,Despesa
2023-10-29,CLI0116,PRD0024,V028,CC10,FOR0059,DOC109835,11117.01,Despesa
2025-01-03,CLI0024,PRD0054,V009,CC07,FOR0030,DOC109836,1526.53,Despesa
2024-08-23,CLI0240,PRD0055,V016,CC01,FOR0052,DOC109837,3162.69,Despesa
2026-01-24,CLI0257,PRD0156,V006,CC08,FOR0055,DOC109838,4395.4,Despesa
2026-07-07,CLI0070,PRD0186,V004,CC07,,DOC109839,11706.62,Receita
2026-04-06,CLI0148,PRD0053,V026,CC09,,DOC109840,15131.78,Receita
2025-01-05,CLI0193,PRD0060,V002,CC06,,DOC109841,23532.1,Receita
2026-10-03,CLI0074,PRD0018,V028,CC03,,DOC109842,5387.46,Receita
2025-01-31,CLI0143,PRD0096,V007,CC08,,DOC109843,13175.99,Receita
2025-12-22,CLI0034,PRD0163,V026,CC08,FOR0059,DOC109844,19306.85,Despesa
2026-05-25,CLI0060,PRD0184,V008,CC08,FOR0014,DOC109845,14075.26,Despesa
2025-10-27,CLI0053,PRD0102,V008,CC01,,DOC109846,16586.86,Receita
2024-12-09,CLI0053,PRD0039,V006,CC10,,DOC109847,28349.59,Receita
2024-12-26,CLI0062,PRD0056,V001,CC02,FOR0078,DOC109848,10306.47,Despesa
2024-03-18,CLI0244,PRD0072,V025,CC01,FOR0073,DOC109849,14199.87,Despesa
2024-03-02,CLI0001,PRD0107,V026,CC10,,DOC109850,22260.11,Receita
2023-06-16,CLI0243,PRD0018,V011,CC07,,DOC109851,7491.57,Receita
2026-02-01,CLI0152,PRD0016,V029,CC03,,DOC109852,14452.43,Receita
2025-03-18,CLI0149,PRD0133,V005,CC05,,DOC109853,7524.53,Receita
2025-08-15,CLI0044,PRD0159,V025,CC07,FOR0095,DOC109854,5310.96,Despesa
2025-09-11,CLI0095,PRD0091,V016,CC04,FOR0004,DOC109855,22247.69,Despesa
2026-04-02,CLI0100,PRD0012,V005,CC06,FOR0074,DOC109856,18640.59,Despesa
2023-06-10,CLI0272,PRD0111,V016,CC03,FOR0010,DOC109857,19049.28,Despesa
2023-07-11,CLI0196,PRD0168,V030,CC04,FOR0021,DOC109858,5583.6,Despesa
2024-12-05,CLI0014,PRD0008,V011,CC07,FOR0083,DOC109859,20343.86,Despesa
2024-09-04,CLI0148,PRD0025,V028,CC07,FOR0006,DOC109860,24099.67,Despesa
2025-09-07,CLI0217,PRD0094,V025,CC09,FOR0074,DOC109861,2782.93,Despesa
2023-05-31,CLI0293,PRD0151,V022,CC01,,DOC109862,20091.45,Receita
2025-10-28,CLI0229,PRD0044,V020,CC08,,DOC109863,24952.27,Receita
2024-03-26,CLI0204,PRD0123,V029,CC04,,DOC109864,5232.64,Receita
2025-09-02,CLI0199,PRD0109,V006,CC10,,DOC109865,13883.71,Receita
2024-01-09,CLI0238,PRD0008,V005,CC03,,DOC109866,29067.43,Receita
2025-11-23,CLI0081,PRD0140,V013,CC06,FOR0047,DOC109867,22526.08,Despesa
2025-01-29,CLI0122,PRD0087,V021,CC01,,DOC109868,1659.29,Receita
2025-10-21,CLI0245,PRD0191,V028,CC06,FOR0024,DOC109869,10480.58,Despesa
2025-08-17,CLI0160,PRD0173,V025,CC06,,DOC109870,4043.86,Receita
2025-11-18,CLI0253,PRD0134,V011,CC06,,DOC109871,29775.83,Receita
2024-04-21,CLI0125,PRD0019,V002,CC04,FOR0096,DOC109872,29819.37,Despesa
2025-03-10,CLI0206,PRD0097,V026,CC09,FOR0072,DOC109873,5667.01,Despesa
2023-04-13,CLI0235,PRD0048,V006,CC05,FOR0011,DOC109874,6169.9,Despesa
2025-03-18,CLI0128,PRD0031,V020,CC07,,DOC109875,2899.95,Receita
2024-08-01,CLI0072,PRD0084,V019,CC09,FOR0047,DOC109876,18521.63,Despesa
2026-09-16,CLI0292,PRD0199,V003,CC07,,DOC109877,22986.61,Receita
2026-02-26,CLI0226,PRD0140,V015,CC05,,DOC109878,16890.01,Receita
2025-12-20,CLI0255,PRD0182,V007,CC04,,DOC109879,29365.68,Receita
2026-07-21,CLI0199,PRD0084,V018,CC02,,DOC109880,1553.68,Receita
2025-06-29,CLI0194,PRD0168,V018,CC02,,DOC109881,25505.3,Receita
2023-06-12,CLI0120,PRD0028,V026,CC04,,DOC109882,27035.03,Receita
2023-08-27,CLI0075,PRD0033,V010,CC10,FOR0093,DOC109883,11303.57,Despesa
2026-04-14,CLI0195,PRD0030,V011,CC05,FOR0089,DOC109884,24810.69,Despesa
2025-07-11,CLI0152,PRD0138,V023,CC05,,DOC109885,19491.89,Receita
2026-10-11,CLI0222,PRD0024,V023,CC03,FOR0004,DOC109886,26052.19,Despesa
2024-06-08,CLI0164,PRD0001,V011,CC10,FOR0018,DOC109887,20827.35,Despesa
2024-12-09,CLI0130,PRD0076,V001,CC07,,DOC109888,29456.48,Receita
2025-02-09,CLI0016,PRD0139,V002,CC05,,DOC109889,19743.59,Receita
2023-09-07,CLI0047,PRD0136,V028,CC07,FOR0087,DOC109890,21442.42,Despesa
2026-11-06,CLI0010,PRD0176,V006,CC01,FOR0063,DOC109891,29440.48,Despesa
2025-11-20,CLI0043,PRD0005,V022,CC02,FOR0034,DOC109892,26268.41,Despesa
2023-11-01,CLI0103,PRD0069,V019,CC02,FOR0024,DOC109893,16871.95,Despesa
2026-02-16,CLI0042,PRD0047,V008,CC04,FOR0038,DOC109894,5728.85,Despesa
2026-12-24,CLI0105,PRD0157,V005,CC05,FOR0073,DOC109895,8198.67,Despesa
2024-03-15,CLI0272,PRD0054,V012,CC09,FOR0074,DOC109896,16185.09,Despesa
2024-08-26,CLI0200,PRD0075,V006,CC10,,DOC109897,22491.7,Receita
2024-06-08,CLI0044,PRD0053,V025,CC10,FOR0017,DOC109898,8212.77,Despesa
2024-08-18,CLI0095,PRD0190,V027,CC01,FOR0076,DOC109899,18435.86,Despesa
2023-05-14,CLI0075,PRD0127,V010,CC06,FOR0090,DOC109900,23035.82,Despesa
2026-03-19,CLI0244,PRD0107,V005,CC07,FOR0082,DOC109901,6400.85,Despesa
2023-11-05,CLI0140,PRD0102,V008,CC02,,DOC109902,7860.76,Receita
2023-08-08,CLI0188,PRD0076,V021,CC07,FOR0017,DOC109903,3247.97,Despesa
2023-11-15,CLI0192,PRD0076,V002,CC04,,DOC109904,17817.6,Receita
2026-03-09,CLI0141,PRD0136,V016,CC02,FOR0065,DOC109905,27437.34,Despesa
2023-03-15,CLI0017,PRD0130,V014,CC10,,DOC109906,12221.68,Receita
2024-11-17,CLI0187,PRD0125,V015,CC08,,DOC109907,10016.88,Receita
2025-10-28,CLI0166,PRD0195,V029,CC07,,DOC109908,28849.26,Receita
2024-12-02,CLI0234,PRD0062,V014,CC06,FOR0035,DOC109909,8203.42,Despesa
2026-05-08,CLI0131,PRD0107,V014,CC08,,DOC109910,13650.35,Receita
2026-12-23,CLI0056,PRD0078,V024,CC04,FOR0022,DOC109911,4074.09,Despesa
2026-12-02,CLI0164,PRD0028,V019,CC02,,DOC109912,16794.97,Receita
2025-06-14,CLI0066,PRD0143,V005,CC09,,DOC109913,28062.42,Receita
2023-09-10,CLI0030,PRD0122,V020,CC03,FOR0033,DOC109914,6407.85,Despesa
2023-06-17,CLI0222,PRD0004,V014,CC07,,DOC109915,16696.03,Receita
2025-12-05,CLI0187,PRD0142,V013,CC09,,DOC109916,16068.8,Receita
2023-01-13,CLI0098,PRD0039,V015,CC10,FOR0100,DOC109917,1751.17,Despesa
2024-10-23,CLI0296,PRD0158,V001,CC07,FOR0008,DOC109918,16399.57,Despesa
2025-03-19,CLI0209,PRD0077,V005,CC05,FOR0015,DOC109919,7733.19,Despesa
2025-01-24,CLI0199,PRD0108,V022,CC01,FOR0040,DOC109920,20663.84,Despesa
2026-11-17,CLI0215,PRD0118,V026,CC10,,DOC109921,11630.18,Receita
2025-09-02,CLI0287,PRD0142,V006,CC06,FOR0055,DOC109922,14740.11,Despesa
2023-03-06,CLI0251,PRD0145,V013,CC01,,DOC109923,11525.41,Receita
2023-08-03,CLI0123,PRD0171,V008,CC01,FOR0004,DOC109924,4750.76,Despesa
2025-06-29,CLI0047,PRD0031,V007,CC07,FOR0027,DOC109925,16226.46,Despesa
2025-11-18,CLI0229,PRD0060,V001,CC10,FOR0029,DOC109926,15619.71,Despesa
2024-07-19,CLI0267,PRD0172,V016,CC06,FOR0073,DOC109927,22625.14,Despesa
2023-07-13,CLI0218,PRD0041,V029,CC07,FOR0013,DOC109928,14069.56,Despesa
2023-08-30,CLI0158,PRD0171,V028,CC10,FOR0077,DOC109929,27461.62,Despesa
2024-07-05,CLI0175,PRD0115,V015,CC01,FOR0078,DOC109930,22813.06,Despesa
2024-10-04,CLI0267,PRD0035,V005,CC04,,DOC109931,1479.62,Receita
2026-08-02,CLI0085,PRD0126,V021,CC03,,DOC109932,29456.64,Receita
2025-11-03,CLI0065,PRD0009,V011,CC07,FOR0043,DOC109933,25667.91,Despesa
2025-08-10,CLI0300,PRD0139,V016,CC05,FOR0012,DOC109934,14554.75,Despesa
2025-01-11,CLI0187,PRD0195,V030,CC06,,DOC109935,24901.81,Receita
2025-08-07,CLI0188,PRD0082,V008,CC06,FOR0019,DOC109936,9468.65,Despesa
2025-04-09,CLI0020,PRD0059,V020,CC04,,DOC109937,6536.76,Receita
2026-02-11,CLI0088,PRD0096,V010,CC08,,DOC109938,10517.15,Receita
2024-12-11,CLI0044,PRD0075,V028,CC02,FOR0029,DOC109939,21976.79,Despesa
2024-09-06,CLI0060,PRD0061,V027,CC01,,DOC109940,23487.71,Receita
2025-06-02,CLI0129,PRD0191,V007,CC03,FOR0005,DOC109941,22879.14,Despesa
2024-08-20,CLI0167,PRD0017,V005,CC09,FOR0051,DOC109942,15887.2,Despesa
2023-10-15,CLI0014,PRD0164,V006,CC01,FOR0006,DOC109943,12195.61,Despesa
2023-05-12,CLI0034,PRD0007,V006,CC07,FOR0066,DOC109944,12383.95,Despesa
2025-03-31,CLI0254,PRD0144,V018,CC05,FOR0052,DOC109945,544.53,Despesa
2025-09-22,CLI0157,PRD0153,V006,CC09,FOR0089,DOC109946,18868.78,Despesa
2025-01-06,CLI0035,PRD0146,V005,CC07,,DOC109947,977.67,Receita
2025-07-24,CLI0219,PRD0102,V003,CC02,FOR0008,DOC109948,6211.93,Despesa
2023-05-05,CLI0083,PRD0049,V014,CC10,,DOC109949,1806.6,Receita
2025-12-31,CLI0136,PRD0067,V017,CC05,,DOC109950,7421.37,Receita
2023-03-10,CLI0014,PRD0003,V015,CC10,FOR0065,DOC109951,2076.11,Despesa
2024-07-15,CLI0006,PRD0197,V014,CC08,FOR0091,DOC109952,21283.43,Despesa
2026-02-07,CLI0178,PRD0103,V016,CC03,FOR0034,DOC109953,20192.93,Despesa
2023-12-17,CLI0130,PRD0121,V027,CC08,,DOC109954,9478.42,Receita
2026-05-03,CLI0237,PRD0169,V020,CC03,FOR0066,DOC109955,22830.09,Despesa
2024-03-25,CLI0195,PRD0162,V021,CC10,FOR0094,DOC109956,14909.51,Despesa
2024-09-25,CLI0278,PRD0016,V005,CC04,,DOC109957,23052.63,Receita
2024-10-23,CLI0273,PRD0095,V007,CC09,,DOC109958,18518.05,Receita
2023-06-28,CLI0180,PRD0050,V003,CC05,FOR0045,DOC109959,9514.26,Despesa
2024-05-08,CLI0014,PRD0144,V016,CC06,FOR0006,DOC109960,8939.77,Despesa
2023-05-03,CLI0001,PRD0126,V015,CC04,,DOC109961,26566.33,Receita
2025-01-05,CLI0016,PRD0024,V022,CC01,FOR0089,DOC109962,16162.15,Despesa
2026-12-26,CLI0217,PRD0157,V022,CC06,FOR0029,DOC109963,18874.51,Despesa
2026-05-25,CLI0248,PRD0126,V003,CC02,,DOC109964,15904.62,Receita
2023-09-30,CLI0167,PRD0010,V027,CC10,,DOC109965,8668.16,Receita
2024-02-02,CLI0032,PRD0159,V030,CC09,FOR0036,DOC109966,14747.89,Despesa
2024-02-29,CLI0185,PRD0058,V002,CC01,FOR0051,DOC109967,7606.41,Despesa
2024-06-15,CLI0288,PRD0026,V025,CC10,,DOC109968,29318.26,Receita
2026-02-14,CLI0228,PRD0058,V007,CC05,FOR0068,DOC109969,3390.37,Despesa
2024-12-29,CLI0207,PRD0063,V009,CC03,FOR0025,DOC109970,2299.44,Despesa
2026-10-07,CLI0142,PRD0116,V030,CC02,,DOC109971,23696.32,Receita
2023-08-31,CLI0024,PRD0068,V003,CC07,FOR0066,DOC109972,29714.33,Despesa
2025-11-03,CLI0037,PRD0083,V005,CC07,FOR0087,DOC109973,17730.46,Despesa
2026-10-06,CLI0191,PRD0148,V030,CC04,,DOC109974,13360.93,Receita
2026-06-12,CLI0273,PRD0192,V008,CC01,FOR0080,DOC109975,7032.46,Despesa
2025-08-10,CLI0151,PRD0198,V006,CC02,FOR0022,DOC109976,23565.18,Despesa
2024-02-11,CLI0138,PRD0005,V027,CC07,,DOC109977,5592.68,Receita
2026-01-25,CLI0198,PRD0142,V024,CC06,FOR0005,DOC109978,16138.98,Despesa
2026-10-18,CLI0294,PRD0056,V017,CC04,FOR0059,DOC109979,27945.86,Despesa
2023-06-19,CLI0131,PRD0072,V017,CC07,,DOC109980,3372.97,Receita
2023-03-22,CLI0039,PRD0174,V029,CC08,FOR0087,DOC109981,12116.37,Despesa
2024-10-09,CLI0091,PRD0049,V011,CC05,FOR0029,DOC109982,19309.8,Despesa
2023-03-01,CLI0075,PRD0059,V011,CC09,FOR0021,DOC109983,20421.57,Despesa
2023-11-04,CLI0120,PRD0137,V009,CC04,,DOC109984,22489.31,Receita
2026-03-29,CLI0012,PRD0162,V022,CC05,FOR0013,DOC109985,9875.25,Despesa
2023-10-24,CLI0135,PRD0021,V025,CC04,,DOC109986,1383.17,Receita
2026-04-04,CLI0130,PRD0168,V011,CC02,FOR0001,DOC109987,15393.84,Despesa
2026-10-21,CLI0130,PRD0184,V023,CC10,FOR0017,DOC109988,14704.09,Despesa
2023-12-19,CLI0290,PRD0009,V030,CC03,,DOC109989,16061.1,Receita
2023-12-31,CLI0247,PRD0006,V022,CC06,FOR0033,DOC109990,14827.4,Despesa
2026-07-13,CLI0162,PRD0193,V005,CC10,,DOC109991,23681.4,Receita
2023-03-31,CLI0205,PRD0054,V016,CC08,FOR0042,DOC109992,25878.07,Despesa
2026-09-24,CLI0149,PRD0180,V011,CC03,,DOC109993,23703.19,Receita
2026-11-02,CLI0216,PRD0161,V025,CC09,,DOC109994,1156.55,Receita
2026-01-14,CLI0017,PRD0074,V022,CC10,,DOC109995,22351.36,Receita
2026-11-10,CLI0279,PRD0111,V020,CC07,,DOC109996,14100.56,Receita
2024-06-15,CLI0241,PRD0182,V019,CC01,,DOC109997,16420.69,Receita
2023-11-17,CLI0076,PRD0079,V013,CC08,FOR0086,DOC109998,21324.54,Despesa
2023-02-14,CLI0245,PRD0194,V027,CC02,FOR0093,DOC109999,7984.19,Despesa
